import time: self [us] | cumulative | imported package
import time:       131 |        131 |   _io
import time:        47 |         47 |   marshal
import time:       303 |        303 |   posix
import time:      1487 |       1966 | _frozen_importlib_external
import time:       116 |        116 |   time
import time:       426 |        542 | zipimport
import time:       159 |        159 |     _codecs
import time:       791 |        950 |   codecs
import time:       446 |        446 |   encodings.aliases
import time:      6492 |       7887 | encodings
import time:       202 |        202 | encodings.utf_8
import time:        82 |         82 | _signal
import time:        21 |         21 |     _abc
import time:       238 |        258 |   abc
import time:       244 |        502 | io
import time:        37 |         37 |       _stat
import time:       216 |        253 |     stat
import time:       517 |        517 |     _collections_abc
import time:        30 |         30 |       genericpath
import time:       195 |        224 |     posixpath
import time:       774 |       1767 |   os
import time:        46 |         46 |   _sitebuiltins
import time:      7544 |       7544 |   _virtualenv
import time:      6878 |       6878 |   _distutils_hack
import time:       459 |        459 |   types
import time:       359 |        359 |       warnings
import time:       506 |        864 |     importlib
import time:       151 |        151 |     importlib._abc
import time:        77 |         77 |         itertools
import time:       304 |        304 |         keyword
import time:        56 |         56 |           _operator
import time:       660 |        715 |         operator
import time:       322 |        322 |         reprlib
import time:        63 |         63 |         _collections
import time:      1665 |       3143 |       collections
import time:        48 |         48 |         _functools
import time:      1359 |       1407 |       functools
import time:      1072 |       5621 |     contextlib
import time:       384 |        384 |       _weakrefset
import time:       689 |       1073 |     threading
import time:       829 |       8536 |   importlib.util
import time:        43 |         43 |   importlib.machinery
import time:       247 |        247 |   sitecustomize
import time:     51038 |      76554 | site
import time:      1431 |       1431 |     enum
import time:        54 |         54 |       _sre
import time:       241 |        241 |         re._constants
import time:       490 |        731 |       re._parser
import time:       111 |        111 |       re._casefix
import time:       652 |       1546 |     re._compiler
import time:       553 |        553 |     copyreg
import time:      1484 |       5012 |   re
import time:       111 |        111 |     collections.abc
import time:       480 |        480 |         token
import time:      1141 |       1621 |       tokenize
import time:       811 |       2432 |     linecache
import time:       999 |        999 |     textwrap
import time:      1328 |       4867 |   traceback
import time:      1171 |       1171 |   weakref
import time:        32 |         32 |     _string
import time:       991 |       1022 |   string
import time:        32 |         32 |   atexit
import time:      4445 |      16547 | logging
import time:        52 |         52 |       errno
import time:       112 |        112 |           _socket
import time:        54 |         54 |             math
import time:        84 |         84 |             select
import time:      1703 |       1840 |           selectors
import time:        65 |         65 |           array
import time:      1936 |       3951 |         socket
import time:        58 |         58 |             _struct
import time:       851 |        909 |           struct
import time:       714 |        714 |           _compat_pickle
import time:        78 |         78 |           _pickle
import time:       749 |        749 |               org
import time:       174 |        923 |             org.python
import time:       123 |       1046 |           org.python.core
import time:      1585 |       4330 |         pickle
import time:        31 |         31 |             _heapq
import time:       958 |        988 |           heapq
import time:        48 |         48 |           _queue
import time:      1044 |       2079 |         queue
import time:       754 |        754 |               org
import time:       151 |        904 |             org.python
import time:       119 |       1022 |           org.python.core
import time:       683 |       1705 |         copy
import time:      1087 |      13150 |       logging.handlers
import time:      1012 |       1012 |       socketserver
import time:      1454 |      15666 |     logging.config
import time:       933 |        933 |       fnmatch
import time:       825 |        825 |         _winapi
import time:       590 |        590 |         nt
import time:       509 |        509 |         nt
import time:       490 |        490 |         nt
import time:       668 |        668 |         nt
import time:       633 |        633 |         nt
import time:       842 |       4555 |       ntpath
import time:       565 |        565 |         urllib
import time:      1292 |       1292 |         ipaddress
import time:      1550 |       3406 |       urllib.parse
import time:      2597 |      11489 |     pathlib
import time:        34 |         34 |       _typing
import time:      2279 |       2313 |     typing
import time:      8280 |       8280 |         hydra._internal
import time:      9988 |      18268 |       hydra._internal.instantiate
import time:        55 |         55 |                 _ast
import time:      1538 |       1593 |               ast
import time:        33 |         33 |                   _opcode
import time:      1234 |       1267 |                 opcode
import time:      1233 |       2500 |               dis
import time:      1915 |       6007 |             inspect
import time:      1177 |       7184 |           dataclasses
import time:      5993 |       5993 |             antlr4.Token
import time:      3514 |       3514 |             antlr4.InputStream
import time:      3622 |       3622 |             antlr4.FileStream
import time:      3985 |       3985 |             antlr4.StdinStream
import time:      6509 |       6509 |                 antlr4.error
import time:     16761 |      16761 |                       antlr4.tree
import time:     10543 |      27304 |                     antlr4.tree.Tree
import time:      4671 |       4671 |                       antlr4.Utils
import time:      7279 |      11950 |                     antlr4.tree.Trees
import time:      3878 |      43130 |                   antlr4.RuleContext
import time:      3674 |      46804 |                 antlr4.ParserRuleContext
import time:      7711 |       7711 |                   antlr4.error.ErrorListener
import time:      5192 |      12902 |                 antlr4.Recognizer
import time:      7357 |      73570 |               antlr4.error.Errors
import time:      8433 |      82002 |             antlr4.BufferedTokenStream
import time:      6292 |       6292 |                 antlr4.CommonTokenFactory
import time:     37860 |      37860 |                   antlr4.atn
import time:      3800 |       3800 |                       antlr4.IntervalSet
import time:      4078 |       4078 |                       antlr4.atn.ATNType
import time:      6341 |       6341 |                           antlr4.atn.SemanticContext
import time:      6653 |      12994 |                         antlr4.atn.Transition
import time:      7391 |      20384 |                       antlr4.atn.ATNState
import time:      5024 |      33284 |                     antlr4.atn.ATN
import time:      5287 |      38571 |                   antlr4.PredictionContext
import time:      6114 |       6114 |                       antlr4.atn.LexerAction
import time:      4856 |      10969 |                     antlr4.atn.LexerActionExecutor
import time:      5208 |      16177 |                   antlr4.atn.ATNConfig
import time:      5597 |       5597 |                     antlr4.atn.ATNConfigSet
import time:      6898 |       6898 |                       antlr4.dfa
import time:      6684 |      13581 |                     antlr4.dfa.DFAState
import time:      5155 |      24333 |                   antlr4.atn.ATNSimulator
import time:     23302 |     140241 |                 antlr4.atn.LexerATNSimulator
import time:     22493 |     169025 |               antlr4.Lexer
import time:      5716 |     174741 |             antlr4.CommonTokenStream
import time:      5476 |       5476 |               antlr4.error.ErrorStrategy
import time:      1567 |       1567 |                   platform
import time:        36 |         36 |                   _uuid
import time:      1326 |       2928 |                 uuid
import time:      5005 |       5005 |                 antlr4.atn.ATNDeserializationOptions
import time:      7877 |      15808 |               antlr4.atn.ATNDeserializer
import time:      4388 |       4388 |                 antlr4.ListTokenSource
import time:      5821 |       5821 |                 antlr4.tree.Chunk
import time:      5988 |       5988 |                 antlr4.tree.RuleTagToken
import time:      4931 |       4931 |                 antlr4.tree.TokenTagToken
import time:      7548 |      28674 |               antlr4.tree.ParseTreePatternMatcher
import time:      7012 |      56969 |             antlr4.Parser
import time:     12541 |      12541 |             antlr4.dfa.DFA
import time:      5041 |       5041 |               antlr4.atn.PredictionMode
import time:      9673 |      14714 |             antlr4.atn.ParserATNSimulator
import time:      5915 |       5915 |             antlr4.error.DiagnosticErrorListener
import time:      6935 |     370925 |           antlr4
import time:      4063 |       4063 |               yaml.error
import time:      2571 |       2571 |               yaml.tokens
import time:      2317 |       2317 |               yaml.events
import time:      2120 |       2120 |               yaml.nodes
import time:      5767 |       5767 |                 yaml.reader
import time:      6023 |       6023 |                 yaml.scanner
import time:      3678 |       3678 |                 yaml.parser
import time:      5556 |       5556 |                 yaml.composer
import time:        70 |         70 |                     _datetime
import time:      1476 |       1545 |                   datetime
import time:        53 |         53 |                     binascii
import time:       794 |        847 |                   base64
import time:      5091 |       7482 |                 yaml.constructor
import time:      4160 |       4160 |                 yaml.resolver
import time:      3895 |      36559 |               yaml.loader
import time:      6219 |       6219 |                 yaml.emitter
import time:      3084 |       3084 |                 yaml.serializer
import time:      5917 |       5917 |                 yaml.representer
import time:      3100 |      18318 |               yaml.dumper
import time:       232 |        232 |                   yaml.yaml
import time:      1361 |       1593 |                 yaml._yaml
import time:      2656 |       4249 |               yaml.cyaml
import time:      7116 |      77308 |             yaml
import time:      3720 |       3720 |             omegaconf.errors
import time:      8102 |       8102 |                     omegaconf.grammar
import time:     14579 |      22681 |                   omegaconf.grammar.gen
import time:     13942 |      36622 |                 omegaconf.grammar.gen.OmegaConfGrammarLexer
import time:     14044 |      14044 |                 omegaconf.grammar.gen.OmegaConfGrammarParser
import time:      8668 |       8668 |                 omegaconf.grammar.gen.OmegaConfGrammarParserVisitor
import time:      6028 |      65361 |               omegaconf.grammar_visitor
import time:     10124 |      75485 |             omegaconf.grammar_parser
import time:      4230 |       4230 |                 attr._compat
import time:       825 |        825 |                   __future__
import time:        50 |         50 |                   unicodedata
import time:      2983 |       2983 |                   attr._config
import time:      3891 |       3891 |                     attr.exceptions
import time:      3543 |       7434 |                   attr.setters
import time:     35576 |      46866 |                 attr._make
import time:      6568 |      57663 |               attr.converters
import time:      4132 |       4132 |               attr.filters
import time:      6872 |       6872 |               attr.validators
import time:      3434 |       3434 |               attr._cmp
import time:      6103 |       6103 |               attr._funcs
import time:      3858 |       3858 |               attr._next_gen
import time:      3709 |       3709 |               attr._version_info
import time:      7166 |      92934 |             attr
import time:      7448 |     256893 |           omegaconf._utils
import time:     10794 |     645794 |         omegaconf.base
import time:      7200 |       7200 |           omegaconf.basecontainer
import time:      5109 |       5109 |           omegaconf.nodes
import time:     10680 |      22989 |         omegaconf.dictconfig
import time:      6004 |       6004 |         omegaconf.listconfig
import time:     29727 |      29727 |               omegaconf.resolvers.oc.dict
import time:     12925 |      42652 |             omegaconf.resolvers.oc
import time:      6008 |      48660 |           omegaconf.resolvers
import time:      9104 |      57764 |         omegaconf.omegaconf
import time:     10026 |      10026 |         omegaconf.version
import time:     13269 |     755844 |       omegaconf
import time:      1096 |       1096 |           gettext
import time:      2125 |       3221 |         argparse
import time:      7835 |       7835 |             hydra.core
import time:      7684 |      15519 |           hydra.core.config_search_path
import time:      5643 |      21161 |         hydra._internal.config_search_path_impl
import time:     24639 |      24639 |               packaging
import time:      5809 |       5809 |               packaging._structures
import time:     13052 |      43499 |             packaging.version
import time:      4605 |       4605 |               hydra.errors
import time:      7086 |      11691 |             hydra._internal.deprecation_warning
import time:      7341 |       7341 |             hydra.core.singleton
import time:     30085 |      92614 |           hydra.version
import time:      6563 |       6563 |                 hydra.core.object_type
import time:      8539 |       8539 |                   hydra.plugins
import time:     10359 |      10359 |                   hydra.core.default_element
import time:      5517 |       5517 |                   hydra.plugins.plugin
import time:     10945 |      35357 |                 hydra.plugins.config_source
import time:      7473 |      49392 |               hydra.core.config_store
import time:      8237 |       8237 |               hydra.types
import time:     20059 |      77687 |             hydra.conf
import time:      7028 |      84714 |           hydra.core.hydra_config
import time:      7711 |     185038 |         hydra.core.utils
import time:      8772 |     218190 |       hydra._internal.utils
import time:     12038 |    1004339 |     hydra._internal.instantiate._instantiate2
import time:      5786 |    1039591 |   hydra.utils
import time:      4923 |       4923 |   hydra.main
import time:      5186 |       5186 |         hydra.core.config_loader
import time:       949 |        949 |           pkgutil
import time:        41 |         41 |             gc
import time:      1385 |       1426 |           timeit
import time:      4368 |       4368 |           hydra._internal.sources_registry
import time:      5101 |       5101 |           hydra.plugins.completion_plugin
import time:      4763 |       4763 |           hydra.plugins.launcher
import time:      4260 |       4260 |           hydra.plugins.search_path_plugin
import time:      4573 |       4573 |           hydra.plugins.sweeper
import time:      7861 |      33297 |         hydra.core.plugins
import time:     12663 |      12663 |         hydra._internal.callbacks
import time:      6301 |       6301 |           hydra._internal.config_repository
import time:     13001 |      13001 |               hydra.core.override_parser
import time:      1096 |       1096 |                   numbers
import time:       649 |       1745 |                 _decimal
import time:       976 |       2720 |               decimal
import time:        26 |         26 |                   _bisect
import time:       699 |        725 |                 bisect
import time:        29 |         29 |                 _random
import time:        28 |         28 |                 _sha512
import time:       945 |       1725 |               random
import time:      9548 |       9548 |                 hydra._internal.grammar
import time:     27173 |      36720 |               hydra._internal.grammar.utils
import time:     18376 |      72540 |             hydra.core.override_parser.types
import time:      9586 |      82126 |           hydra._internal.defaults_list
import time:     10592 |      10592 |             hydra._internal.grammar.grammar_functions
import time:     11206 |      11206 |             hydra._internal.grammar.functions
import time:      8137 |       8137 |                   hydra.grammar
import time:     11016 |      19153 |                 hydra.grammar.gen
import time:     15077 |      34229 |               hydra.grammar.gen.OverrideLexer
import time:     20088 |      20088 |               hydra.grammar.gen.OverrideParser
import time:      6104 |       6104 |               hydra.grammar.gen.OverrideParserVisitor
import time:     10144 |      70565 |             hydra.core.override_parser.overrides_visitor
import time:     10305 |     102666 |           hydra.core.override_parser.overrides_parser
import time:     11345 |     202436 |         hydra._internal.config_loader_impl
import time:      9935 |     263515 |       hydra._internal.hydra
import time:      4421 |     267935 |     hydra.core.global_hydra
import time:      3526 |     271461 |   hydra.compose
import time:      7059 |       7059 |   hydra.initialize
import time:      9791 |    1332823 | hydra
import time:      6082 |       6082 |     ocr
import time:     12254 |      18336 |   ocr.pipelines
import time:     21688 |      21688 |         ocr.core.utils
import time:     12171 |      12171 |                     numpy._utils._convertions
import time:     12558 |      24728 |                   numpy._utils
import time:     10765 |      35493 |                 numpy._globals
import time:      5068 |       5068 |                 numpy.exceptions
import time:      5046 |       5046 |                 numpy.version
import time:       619 |        619 |                   numpy._distributor_init_local
import time:      5665 |       6283 |                 numpy._distributor_init
import time:      8854 |       8854 |                           numpy._utils._inspect
import time:     12508 |      12508 |                             numpy.core._exceptions
import time:      2845 |       2845 |                             numpy.dtypes
import time:     63937 |      79289 |                           numpy.core._multiarray_umath
import time:     10487 |      98628 |                         numpy.core.overrides
import time:     17549 |     116177 |                       numpy.core.multiarray
import time:      8371 |       8371 |                       numpy.core.umath
import time:     11613 |      11613 |                         numpy.core._string_helpers
import time:      6584 |       6584 |                               pickle5
import time:      8669 |      15252 |                             numpy.compat.py3k
import time:      9277 |      24529 |                           numpy.compat
import time:      7424 |       7424 |                           numpy.core._dtype
import time:      4516 |      36468 |                         numpy.core._type_aliases
import time:      8659 |      56739 |                       numpy.core.numerictypes
import time:        68 |         68 |                                   _contextvars
import time:      1285 |       1353 |                                 contextvars
import time:      5398 |       6750 |                               numpy.core._ufunc_config
import time:      7408 |      14157 |                             numpy.core._methods
import time:     10181 |      24338 |                           numpy.core.fromnumeric
import time:      9308 |      33645 |                         numpy.core.shape_base
import time:     10650 |      10650 |                         numpy.core.arrayprint
import time:      4673 |       4673 |                         numpy.core._asarray
import time:      8982 |      57948 |                       numpy.core.numeric
import time:      8106 |       8106 |                       numpy.core.defchararray
import time:      7995 |       7995 |                       numpy.core.records
import time:      5588 |       5588 |                       numpy.core.memmap
import time:      5241 |       5241 |                       numpy.core.function_base
import time:      6209 |       6209 |                       numpy.core._machar
import time:      6663 |       6663 |                       numpy.core.getlimits
import time:      6990 |       6990 |                       numpy.core.einsumfunc
import time:      2823 |       2823 |                         numpy.core._multiarray_tests
import time:      9556 |      12378 |                       numpy.core._add_newdocs
import time:      4450 |       4450 |                       numpy.core._add_newdocs_scalars
import time:      3737 |       3737 |                       numpy.core._dtype_ctypes
import time:       101 |        101 |                           _ctypes
import time:       202 |        202 |                           ctypes._endian
import time:      2134 |       2436 |                         ctypes
import time:      5897 |       8333 |                       numpy.core._internal
import time:      3435 |       3435 |                       numpy._pytesttester
import time:     16905 |     335257 |                     numpy.core
import time:       203 |     335459 |                   numpy.core._multiarray_umath
import time:      5561 |     341020 |                 numpy.__config__
import time:      8385 |       8385 |                   numpy.lib.mixins
import time:      4314 |       4314 |                       numpy.lib.ufunclike
import time:      6083 |      10396 |                     numpy.lib.type_check
import time:      6148 |      16544 |                   numpy.lib.scimath
import time:      6868 |       6868 |                               numpy.lib.stride_tricks
import time:     18376 |      25243 |                             numpy.lib.twodim_base
import time:      3774 |       3774 |                             numpy.linalg._umath_linalg
import time:      7983 |       7983 |                               numpy._typing._nested_sequence
import time:      4435 |       4435 |                               numpy._typing._nbit
import time:      5486 |       5486 |                               numpy._typing._char_codes
import time:      4701 |       4701 |                               numpy._typing._scalars
import time:      4249 |       4249 |                               numpy._typing._shape
import time:      7240 |       7240 |                               numpy._typing._dtype_like
import time:      8921 |       8921 |                               numpy._typing._array_like
import time:      8309 |      51319 |                             numpy._typing
import time:     18130 |      98466 |                           numpy.linalg.linalg
import time:      4865 |     103331 |                         numpy.linalg
import time:      8838 |     112168 |                       numpy.matrixlib.defmatrix
import time:      4551 |     116719 |                     numpy.matrixlib
import time:      6688 |       6688 |                       numpy.lib.histograms
import time:     15996 |      22683 |                     numpy.lib.function_base
import time:      5410 |     144810 |                   numpy.lib.index_tricks
import time:      5989 |       5989 |                   numpy.lib.nanfunctions
import time:      4788 |       4788 |                   numpy.lib.shape_base
import time:      6323 |       6323 |                   numpy.lib.polynomial
import time:      7440 |       7440 |                   numpy.lib.utils
import time:      5891 |       5891 |                   numpy.lib.arraysetops
import time:      5082 |       5082 |                     numpy.lib.format
import time:      5592 |       5592 |                     numpy.lib._datasource
import time:      5941 |       5941 |                     numpy.lib._iotools
import time:     10402 |      27016 |                   numpy.lib.npyio
import time:      4604 |       4604 |                   numpy.lib.arrayterator
import time:      6633 |       6633 |                   numpy.lib.arraypad
import time:      3564 |       3564 |                   numpy.lib._version
import time:     11656 |     253638 |                 numpy.lib
import time:      2604 |       2604 |                     numpy.fft._pocketfft_internal
import time:      7193 |       9797 |                   numpy.fft._pocketfft
import time:      2807 |       2807 |                   numpy.fft.helper
import time:      4369 |      16972 |                 numpy.fft
import time:      5619 |       5619 |                     numpy.polynomial.polyutils
import time:      7523 |       7523 |                     numpy.polynomial._polybase
import time:      7774 |      20915 |                   numpy.polynomial.polynomial
import time:      6552 |       6552 |                   numpy.polynomial.chebyshev
import time:      9879 |       9879 |                   numpy.polynomial.legendre
import time:      6592 |       6592 |                   numpy.polynomial.hermite
import time:      6159 |       6159 |                   numpy.polynomial.hermite_e
import time:      6344 |       6344 |                   numpy.polynomial.laguerre
import time:      6667 |      63105 |                 numpy.polynomial
import time:       882 |        882 |                           backports_abc
import time:      4386 |       5267 |                         numpy.random._common
import time:       952 |        952 |                             _hashlib
import time:        41 |         41 |                               _blake2
import time:       973 |       1014 |                             hashlib
import time:       977 |       2942 |                           hmac
import time:       758 |       3699 |                         secrets
import time:      2891 |      11857 |                       numpy.random.bit_generator
import time:      2562 |       2562 |                       numpy.random._bounded_integers
import time:      2559 |       2559 |                       numpy.random._mt19937
import time:      7617 |      24594 |                     numpy.random.mtrand
import time:      2490 |       2490 |                     numpy.random._philox
import time:      2193 |       2193 |                     numpy.random._pcg64
import time:      3214 |       3214 |                     numpy.random._sfc64
import time:      5927 |       5927 |                     numpy.random._generator
import time:      6081 |      44496 |                   numpy.random._pickle
import time:      9095 |      53590 |                 numpy.random
import time:      5435 |       5435 |                 numpy.ctypeslib
import time:     27945 |      27945 |                   numpy.ma.core
import time:     13916 |      13916 |                   numpy.ma.extras
import time:      6334 |      48194 |                 numpy.ma
import time:     16542 |     850383 |               numpy
import time:      5873 |       5873 |                 numpy._typing._add_docstring
import time:      9330 |      15203 |               numpy.typing
import time:     16122 |     881706 |             ocr.core.interfaces.schemas
import time:     14926 |     896631 |           ocr.core.interfaces
import time:      1040 |       1040 |             glob
import time:     17010 |      17010 |             typing_extensions
import time:     12258 |      12258 |             torch._utils
import time:        72 |         72 |                   zlib
import time:      1214 |       1214 |                     _compression
import time:        53 |         53 |                     _bz2
import time:      2084 |       3351 |                   bz2
import time:        61 |         61 |                     _lzma
import time:       988 |       1048 |                   lzma
import time:      1830 |       6299 |                 shutil
import time:      1341 |       7639 |               tempfile
import time:      6080 |       6080 |                 torch._strobelight
import time:        38 |         38 |                       _json
import time:       531 |        568 |                     json.scanner
import time:       498 |       1066 |                   json.decoder
import time:       320 |        320 |                   json.encoder
import time:      1154 |       2539 |                 json
import time:        61 |         61 |                     _locale
import time:      1224 |       1284 |                   locale
import time:       743 |        743 |                   signal
import time:        56 |         56 |                   fcntl
import time:      1014 |       1014 |                   msvcrt
import time:        33 |         33 |                   _posixsubprocess
import time:      1756 |       4884 |                 subprocess
import time:      6801 |       6801 |                 torch._strobelight.cli_function_profiler
import time:     10388 |      30689 |               torch._strobelight.compile_time_profiler
import time:     11317 |      49644 |             torch._utils_internal
import time:      5218 |       5218 |                   torch._vendor
import time:     10888 |      16106 |                 torch._vendor.packaging
import time:      6742 |       6742 |                 torch._vendor.packaging._structures
import time:     11479 |      34326 |               torch._vendor.packaging.version
import time:      3176 |       3176 |               torch.version
import time:      4007 |      41507 |             torch.torch_version
import time:   1416240 |    1416240 |             torch._C
import time:      2785 |       2785 |               torch._namedtensor_internals
import time:     19078 |      19078 |               torch.overrides
import time:     13900 |      35763 |             torch._tensor
import time:      3140 |       3140 |               torch.types
import time:     16692 |      19831 |             torch.storage
import time:      6701 |       6701 |               torch.amp.autocast_mode
import time:      5477 |       5477 |               torch.amp.grad_scaler
import time:      4747 |      16924 |             torch.amp
import time:      2664 |       2664 |             torch.random
import time:      1230 |       1230 |               difflib
import time:        47 |         47 |                 pwd
import time:        35 |         35 |                 grp
import time:      1662 |       1743 |               tarfile
import time:      4425 |       4425 |               torch._weights_only_unpickler
import time:      3492 |       3492 |               torch._sources
import time:        57 |         57 |               mmap
import time:      9259 |      20204 |             torch.serialization
import time:      5072 |       5072 |             torch._tensor_str
import time:      5414 |       5414 |               torch.cuda.gds
import time:      3371 |       3371 |               torch.cuda._utils
import time:      5069 |       5069 |               torch.cuda.graphs
import time:      4372 |       4372 |               torch.cuda.streams
import time:       234 |        234 |                 ctypes.util
import time:     34088 |      34321 |               pynvml
import time:      8575 |       8575 |                 torch.cuda._memory_viz
import time:       528 |        528 |                         concurrent
import time:       375 |        375 |                         concurrent.futures._base
import time:       512 |       1414 |                       concurrent.futures
import time:       585 |        585 |                         _ssl
import time:      2373 |       2958 |                       ssl
import time:       190 |        190 |                       asyncio.constants
import time:        97 |         97 |                       asyncio.coroutines
import time:        91 |         91 |                         asyncio.format_helpers
import time:       112 |        112 |                           asyncio.base_futures
import time:       145 |        145 |                           asyncio.exceptions
import time:       117 |        117 |                           asyncio.base_tasks
import time:       679 |       1052 |                         _asyncio
import time:       622 |       1764 |                       asyncio.events
import time:       172 |        172 |                       asyncio.futures
import time:       149 |        149 |                       asyncio.protocols
import time:       177 |        177 |                         asyncio.transports
import time:        78 |         78 |                         asyncio.log
import time:       714 |        968 |                       asyncio.sslproto
import time:       887 |        887 |                           asyncio.mixins
import time:       336 |        336 |                           asyncio.tasks
import time:       889 |       2111 |                         asyncio.locks
import time:       533 |       2643 |                       asyncio.staggered
import time:       136 |        136 |                       asyncio.trsock
import time:      2425 |      12909 |                     asyncio.base_events
import time:       226 |        226 |                     asyncio.runners
import time:       165 |        165 |                     asyncio.queues
import time:       307 |        307 |                     asyncio.streams
import time:       189 |        189 |                     asyncio.subprocess
import time:       136 |        136 |                     asyncio.taskgroups
import time:       300 |        300 |                     asyncio.timeouts
import time:        92 |         92 |                     asyncio.threads
import time:       155 |        155 |                       asyncio.base_subprocess
import time:       421 |        421 |                       asyncio.selector_events
import time:       794 |       1369 |                     asyncio.unix_events
import time:      1921 |      17610 |                   asyncio
import time:       111 |      17720 |                 asyncio.coroutines
import time:     13732 |      40026 |               torch.cuda.memory
import time:      4161 |       4161 |               torch.cuda.random
import time:      9274 |       9274 |                 torch.cuda.amp.autocast_mode
import time:      4234 |       4234 |                 torch.cuda.amp.common
import time:      4336 |       4336 |                 torch.cuda.amp.grad_scaler
import time:      7332 |      25173 |               torch.cuda.amp
import time:     10947 |      10947 |               torch.cuda.jiterator
import time:      5887 |       5887 |               torch.cuda.nvtx
import time:      3929 |       3929 |               torch.cuda.profiler
import time:      3421 |       3421 |               torch.cuda.sparse
import time:       380 |        380 |                     multiprocessing.process
import time:       333 |        333 |                     multiprocessing.reduction
import time:      1330 |       2043 |                   multiprocessing.context
import time:      1894 |       3936 |                 multiprocessing
import time:      5379 |       9315 |               torch.cuda.tunable
import time:     52611 |     208013 |             torch.cuda
import time:      4623 |       4623 |                 torch.sparse._semi_structured_conversions
import time:      3779 |       3779 |                 torch.sparse._semi_structured_ops
import time:      7550 |      15951 |               torch.sparse.semi_structured
import time:      5533 |      21484 |             torch.sparse
import time:      2703 |       2703 |             torch._compile
import time:      2119 |       2119 |             torch._VF
import time:      7117 |       7117 |                   torch.nn.parameter
import time:     11569 |      11569 |                       torch._prims_common
import time:      8673 |       8673 |                           torch.utils.backcompat
import time:      5521 |       5521 |                           torch.utils.collect_env
import time:      1072 |       1072 |                                   cmd
import time:       873 |        873 |                                   bdb
import time:       808 |        808 |                                     codeop
import time:       827 |       1634 |                                   code
import time:       762 |        762 |                                   pprint
import time:      1831 |       6170 |                                 pdb
import time:      3718 |       3718 |                                   torch.utils._typing_utils
import time:     20467 |      20467 |                                     torch.monitor
import time:      4981 |       4981 |                                       torch.distributed.logging_handlers
import time:      4418 |       9398 |                                     torch.distributed.c10d_logger
import time:      4533 |       4533 |                                     torch.distributed.constants
import time:     10239 |      10239 |                                     torch.distributed.rendezvous
import time:     18740 |      63375 |                                   torch.distributed.distributed_c10d
import time:     11213 |      78305 |                                 torch.distributed.device_mesh
import time:      5710 |       5710 |                                 torch.distributed.remote_device
import time:     11231 |     101414 |                               torch.distributed
import time:     13202 |      13202 |                                               torch.utils.data.datapipes._hook_iterator
import time:     10132 |      23334 |                                             torch.utils.data.datapipes._typing
import time:      6049 |       6049 |                                               torch.utils._import_utils
import time:     19116 |      19116 |                                                 torch.utils.data.datapipes.utils
import time:     30882 |      49998 |                                               torch.utils.data.datapipes.utils.common
import time:     10566 |      10566 |                                               torch.utils.data.dataset
import time:      6943 |       6943 |                                                 dill.__info__
import time:      5873 |       5873 |                                                   dill.logger
import time:      1140 |       1140 |                                                   _pyio
import time:      5117 |       5117 |                                                   dill._shims
import time:      4708 |       4708 |                                                   dill.settings
import time:       787 |        787 |                                                   winreg
import time:     18084 |      35707 |                                                 dill._dill
import time:      7975 |       7975 |                                                 dill.session
import time:      4982 |       4982 |                                                   dill.pointers
import time:      7792 |      12774 |                                                 dill.detect
import time:      9389 |       9389 |                                                 dill.source
import time:      5029 |       5029 |                                                 dill.temp
import time:      4453 |       4453 |                                                 dill.objtypes
import time:      9361 |      91626 |                                               dill
import time:     12830 |     171067 |                                             torch.utils.data.datapipes.datapipe
import time:     12275 |     206674 |                                           torch.utils.data.datapipes._decorator
import time:      9831 |       9831 |                                             torch.utils.data.datapipes.dataframe.dataframe_wrapper
import time:     10671 |      20502 |                                           torch.utils.data.datapipes.dataframe.structures
import time:     19270 |     246446 |                                         torch.utils.data.datapipes.dataframe.dataframes
import time:      9200 |       9200 |                                         torch.utils.data.datapipes.dataframe.datapipes
import time:     23401 |     279045 |                                       torch.utils.data.datapipes.dataframe
import time:     10363 |      10363 |                                               torch.utils.data._utils.collate
import time:      6074 |       6074 |                                               torch.utils.data._utils.fetch
import time:      5871 |       5871 |                                               torch.utils.data._utils.pin_memory
import time:      7418 |       7418 |                                               torch.utils.data._utils.signal_handling
import time:      7027 |       7027 |                                               torch.utils.data._utils.worker
import time:     12120 |      48870 |                                             torch.utils.data._utils
import time:       115 |      48984 |                                           torch.utils.data._utils.collate
import time:     14898 |      63882 |                                         torch.utils.data.datapipes.iter.callable
import time:      9563 |       9563 |                                           torch.utils.data.sampler
import time:     13283 |      22845 |                                         torch.utils.data.datapipes.iter.combinatorics
import time:     13955 |      13955 |                                         torch.utils.data.datapipes.iter.combining
import time:      8896 |       8896 |                                           torch.utils.data.datapipes.iter.utils
import time:      8539 |      17435 |                                         torch.utils.data.datapipes.iter.filelister
import time:      7633 |       7633 |                                         torch.utils.data.datapipes.iter.fileopener
import time:      8972 |       8972 |                                           torch.utils.data.datapipes.iter.sharding
import time:     13572 |      22543 |                                         torch.utils.data.datapipes.iter.grouping
import time:     13437 |      13437 |                                           torch.utils.data.datapipes.utils.decoder
import time:      7739 |      21175 |                                         torch.utils.data.datapipes.iter.routeddecoder
import time:     10858 |      10858 |                                         torch.utils.data.datapipes.iter.selecting
import time:     10078 |      10078 |                                         torch.utils.data.datapipes.iter.streamreader
import time:     14969 |     205369 |                                       torch.utils.data.datapipes.iter
import time:     14255 |      14255 |                                         torch.utils.data.datapipes.map.callable
import time:      9064 |       9064 |                                         torch.utils.data.datapipes.map.combinatorics
import time:      7023 |       7023 |                                         torch.utils.data.datapipes.map.combining
import time:      9437 |       9437 |                                         torch.utils.data.datapipes.map.grouping
import time:      8736 |       8736 |                                         torch.utils.data.datapipes.map.utils
import time:     10528 |      59041 |                                       torch.utils.data.datapipes.map
import time:     18464 |     561918 |                                     torch.utils.data.datapipes
import time:       124 |     562041 |                                   torch.utils.data.datapipes.iter
import time:       109 |     562150 |                                 torch.utils.data.datapipes.iter.sharding
import time:      5867 |       5867 |                                 torch.utils.data.graph
import time:     10174 |     578190 |                               torch.utils.data.graph_settings
import time:     21614 |     701217 |                             torch.utils.data.dataloader
import time:      4792 |       4792 |                             torch.utils.data.distributed
import time:     11057 |     717065 |                           torch.utils.data
import time:      4015 |       4015 |                           torch.utils.deterministic
import time:      5244 |       5244 |                           torch.utils.hooks
import time:      4704 |       4704 |                           torch.utils.backend_registration
import time:      3976 |       3976 |                           torch.utils.cpp_backtrace
import time:      4094 |       4094 |                           torch.utils.throughput_benchmark
import time:      6892 |     760180 |                         torch.utils
import time:      6703 |       6703 |                         torchgen
import time:      4723 |       4723 |                             torchgen.code_template
import time:      6416 |      11139 |                           torchgen.utils
import time:     27290 |      38428 |                         torchgen.model
import time:      6903 |     812213 |                       torch.utils._python_dispatch
import time:     15980 |     839761 |                     torch.nn.modules.module
import time:     10069 |      10069 |                             torch.distributed.autograd
import time:     18921 |      18921 |                               torch.futures
import time:      7601 |       7601 |                               torch.distributed.rpc._utils
import time:      6098 |       6098 |                               torch.distributed.rpc.constants
import time:      8089 |       8089 |                               torch.distributed.rpc.internal
import time:     11948 |      52656 |                             torch.distributed.rpc.api
import time:     10562 |      10562 |                             torch.distributed.rpc.backend_registry
import time:      6675 |       6675 |                             torch.distributed.rpc.functions
import time:      6909 |       6909 |                             torch.distributed.rpc.options
import time:        62 |         62 |                                           _csv
import time:      1309 |       1370 |                                         csv
import time:       911 |        911 |                                         email
import time:      1324 |       1324 |                                         zipfile
import time:       715 |        715 |                                             quopri
import time:      1148 |       1148 |                                                 calendar
import time:       339 |       1486 |                                               email._parseaddr
import time:        82 |         82 |                                                 email.base64mime
import time:       148 |        148 |                                                 email.quoprimime
import time:       309 |        309 |                                                 email.errors
import time:        97 |         97 |                                                 email.encoders
import time:       732 |       1366 |                                               email.charset
import time:       559 |       3410 |                                             email.utils
import time:       486 |        486 |                                               email.header
import time:       491 |        977 |                                             email._policybase
import time:       335 |        335 |                                             email._encoded_words
import time:       119 |        119 |                                             email.iterators
import time:      1572 |       7125 |                                           email.message
import time:        71 |         71 |                                             importlib.metadata._functools
import time:       327 |        397 |                                           importlib.metadata._text
import time:       571 |       8093 |                                         importlib.metadata._adapters
import time:       245 |        245 |                                         importlib.metadata._meta
import time:       205 |        205 |                                         importlib.metadata._collections
import time:        89 |         89 |                                         importlib.metadata._itertools
import time:       299 |        299 |                                                 importlib.resources.abc
import time:       223 |        223 |                                                 importlib.resources._adapters
import time:       670 |       1191 |                                               importlib.resources._common
import time:       160 |        160 |                                               importlib.resources._legacy
import time:       370 |       1721 |                                             importlib.resources
import time:       116 |       1836 |                                           importlib.resources.abc
import time:       390 |       2225 |                                         importlib.abc
import time:      2329 |      16787 |                                       importlib.metadata
import time:     18678 |      35464 |                                     torch.utils._pytree
import time:      4413 |      39877 |                                   torch._vmap_internals
import time:      3613 |       3613 |                                       torch.utils._contextlib
import time:      4105 |       7718 |                                     torch.autograd.grad_mode
import time:      7019 |      14737 |                                   torch.autograd.forward_ad
import time:      7355 |       7355 |                                   torch.autograd.functional
import time:      9527 |       9527 |                                     torch.autograd.variable
import time:      6276 |      15803 |                                   torch.autograd.graph
import time:      4344 |       4344 |                                   torch.autograd.anomaly_mode
import time:      4402 |       4402 |                                     torch._functorch
import time:      3884 |       3884 |                                           torch.utils._exposed_in
import time:      3556 |       7439 |                                         torch._functorch.utils
import time:      7716 |       7716 |                                         torch._functorch.vmap
import time:      4361 |      19516 |                                       torch._functorch.apis
import time:      5022 |       5022 |                                         torch._functorch.pyfunctorch
import time:      7529 |      12550 |                                       torch._ops
import time:      8864 |      40929 |                                     torch._functorch.autograd_function
import time:      7777 |      53107 |                                   torch.autograd.function
import time:      5595 |       5595 |                                       torch.testing._utils
import time:        78 |         78 |                                         cmath
import time:      8150 |       8227 |                                       torch.testing._comparison
import time:      4042 |       4042 |                                       torch.testing._creation
import time:      4859 |      22723 |                                     torch.testing
import time:     11215 |      33937 |                                   torch.autograd.gradcheck
import time:     19284 |      19284 |                                     torch.autograd.profiler_util
import time:      7044 |      26327 |                                   torch.autograd.profiler
import time:     10207 |     205691 |                                 torch.autograd
import time:      5806 |     211496 |                               torch.autograd.profiler_legacy
import time:      7005 |     218501 |                             torch.distributed.rpc.server_process_global_profiler
import time:     12140 |     317509 |                           torch.distributed.rpc
import time:       962 |        962 |                                       pickletools
import time:      7975 |       7975 |                                       torch.package._digraph
import time:      3435 |       3435 |                                       torch.package._importlib
import time:      3441 |       3441 |                                       torch.package._mangling
import time:      4816 |       4816 |                                         torch.package.importer
import time:      4294 |       9109 |                                       torch.package._package_pickler
import time:      4835 |       4835 |                                       torch.package._stdlib
import time:      5973 |       5973 |                                       torch.package.find_file_dependencies
import time:      4902 |       4902 |                                       torch.package.glob_group
import time:     12731 |      53360 |                                     torch.package.package_exporter
import time:      8557 |      61917 |                                   torch.package.analyze.find_first_use_of_broken_modules
import time:      9656 |       9656 |                                   torch.package.analyze.trace_dependencies
import time:      9775 |      81347 |                                 torch.package.analyze
import time:     15984 |      97331 |                               torch.package.analyze.is_from_package
import time:     12422 |      12422 |                               torch.package.file_structure_representation
import time:      5596 |       5596 |                                 torch.package._directory_reader
import time:      5326 |       5326 |                                 torch.package._package_unpickler
import time:      8303 |      19224 |                               torch.package.package_importer
import time:      6826 |     135801 |                             torch.package
import time:       268 |     136068 |                           torch.package._mangling
import time:     12823 |      12823 |                           torch._awaits
import time:      7700 |     474098 |                         torch._jit_internal
import time:     12325 |      12325 |                         torch._torch_docs
import time:      7055 |       7055 |                         torch.nn._reduction
import time:      8084 |       8084 |                           torch.nn.modules.utils
import time:      7243 |      15327 |                         torch.nn.grad
import time:     67137 |     575939 |                       torch.nn.functional
import time:      6588 |       6588 |                       torch.nn.init
import time:     14674 |      14674 |                       torch.nn.modules.lazy
import time:      9074 |     606274 |                     torch.nn.modules.linear
import time:     14930 |      14930 |                     torch.nn.modules.activation
import time:     10678 |      10678 |                       torch.nn.modules.container
import time:      7664 |      18342 |                     torch.nn.modules.adaptive
import time:      8521 |       8521 |                       torch.nn.modules._functions
import time:      8516 |      17036 |                     torch.nn.modules.batchnorm
import time:      6189 |       6189 |                     torch.nn.modules.channelshuffle
import time:      5222 |       5222 |                       torch.nn.common_types
import time:     10079 |      15301 |                     torch.nn.modules.conv
import time:      7166 |       7166 |                     torch.nn.modules.distance
import time:      7047 |       7047 |                     torch.nn.modules.dropout
import time:      7910 |       7910 |                     torch.nn.modules.flatten
import time:      5272 |       5272 |                     torch.nn.modules.fold
import time:      5208 |       5208 |                     torch.nn.modules.instancenorm
import time:      7795 |       7795 |                     torch.nn.modules.loss
import time:      5189 |       5189 |                     torch.nn.modules.normalization
import time:      6971 |       6971 |                     torch.nn.modules.padding
import time:      5027 |       5027 |                     torch.nn.modules.pixelshuffle
import time:      6953 |       6953 |                     torch.nn.modules.pooling
import time:      3488 |       3488 |                               torch.__future__
import time:      8185 |      11673 |                             torch.nn.utils.parametrize
import time:      9538 |      21210 |                           torch.nn.utils.parametrizations
import time:      9108 |       9108 |                           torch.nn.utils.rnn
import time:      9368 |       9368 |                             torch.nn.utils._named_member_accessor
import time:     12161 |      21528 |                           torch.nn.utils.stateless
import time:     11179 |      11179 |                             torch.utils._foreach_utils
import time:     12312 |      23491 |                           torch.nn.utils.clip_grad
import time:     10805 |      10805 |                           torch.nn.utils.convert_parameters
import time:      8637 |       8637 |                           torch.nn.utils.fusion
import time:      9018 |       9018 |                           torch.nn.utils.init
import time:      9710 |       9710 |                           torch.nn.utils.memory_format
import time:     11575 |      11575 |                           torch.nn.utils.spectral_norm
import time:      8374 |       8374 |                           torch.nn.utils.weight_norm
import time:     16733 |     150185 |                         torch.nn.utils
import time:       166 |     150351 |                       torch.nn.utils.rnn
import time:     44020 |     194370 |                     torch.nn.modules.rnn
import time:      9664 |       9664 |                     torch.nn.modules.sparse
import time:     12353 |      12353 |                     torch.nn.modules.transformer
import time:     11999 |      11999 |                     torch.nn.modules.upsampling
import time:     13203 |    1823949 |                   torch.nn.modules
import time:     13733 |      13733 |                         torch.backends.cpu
import time:     11649 |      11649 |                         torch.backends.cuda
import time:     11638 |      11638 |                         torch.backends.cudnn
import time:      9582 |       9582 |                         torch.backends.cusparselt
import time:      8564 |       8564 |                         torch.backends.mha
import time:     12002 |      12002 |                         torch.backends.mkl
import time:     13568 |      13568 |                         torch.backends.mkldnn
import time:     12627 |      12627 |                                 torch._library.utils
import time:     10142 |      22768 |                               torch._library.autograd
import time:      9990 |       9990 |                               torch._library.fake_impl
import time:      9933 |       9933 |                               torch._library.simple_registry
import time:     12474 |      12474 |                               torch._library.fake_class_registry
import time:      9788 |       9788 |                                 torch._library.custom_ops
import time:      7954 |       7954 |                                 torch._library.infer_schema
import time:      9123 |      26864 |                               torch._library.triton
import time:     10357 |      92383 |                             torch._library
import time:      8025 |     100408 |                           torch.library
import time:     10909 |     111317 |                         torch.backends.mps
import time:     12104 |      12104 |                         torch.backends.nnpack
import time:     12102 |      12102 |                         torch.backends.openmp
import time:     12018 |      12018 |                         torch.backends.quantized
import time:     11808 |     240079 |                       torch.backends
import time:       306 |     240385 |                     torch.backends.cuda
import time:     15441 |     255825 |                   torch.nn.attention
import time:      9616 |       9616 |                       torch.nn.parallel.parallel_apply
import time:      7464 |       7464 |                           torch.cuda.nccl
import time:     13250 |      20714 |                         torch.nn.parallel.comm
import time:      9385 |      30098 |                       torch.nn.parallel.replicate
import time:      9282 |       9282 |                         torch.nn.parallel._functions
import time:      9314 |      18595 |                       torch.nn.parallel.scatter_gather
import time:     15534 |      73842 |                     torch.nn.parallel.data_parallel
import time:     19345 |      19345 |                           torch.distributed.algorithms.join
import time:     12160 |      31505 |                         torch.distributed.algorithms
import time:       385 |      31889 |                       torch.distributed.algorithms.join
import time:      9913 |       9913 |                       torch.distributed.utils
import time:     15351 |      57152 |                     torch.nn.parallel.distributed
import time:     12938 |     143931 |                   torch.nn.parallel
import time:      7029 |    2237849 |                 torch.nn
import time:       387 |    2238236 |               torch.nn.functional
import time:      5420 |       5420 |                 torch._linalg_utils
import time:      6557 |      11977 |               torch._lowrank
import time:     37259 |    2287470 |             torch.functional
import time:      5145 |       5145 |             torch.__config__
import time:     10027 |      10027 |               torch.accelerator._utils
import time:      9780 |      19806 |             torch.accelerator
import time:     13225 |      13225 |                 torch.cpu.amp.autocast_mode
import time:      9464 |       9464 |                 torch.cpu.amp.grad_scaler
import time:     16025 |      38713 |               torch.cpu.amp
import time:      9060 |      47772 |             torch.cpu
import time:      8913 |       8913 |                 torch.distributions.constraints
import time:     14614 |      14614 |                 torch.distributions.utils
import time:     15570 |      39097 |               torch.distributions.transforms
import time:      8994 |       8994 |                   torch.distributions.distribution
import time:      8677 |      17670 |                 torch.distributions.exp_family
import time:     10126 |      27795 |               torch.distributions.bernoulli
import time:      7150 |       7150 |                 torch.distributions.dirichlet
import time:      8340 |      15490 |               torch.distributions.beta
import time:      5405 |       5405 |               torch.distributions.binomial
import time:      7352 |       7352 |               torch.distributions.categorical
import time:      5511 |       5511 |               torch.distributions.cauchy
import time:      5828 |       5828 |                 torch.distributions.gamma
import time:      5929 |      11757 |               torch.distributions.chi2
import time:      5620 |       5620 |               torch.distributions.constraint_registry
import time:      8076 |       8076 |               torch.distributions.continuous_bernoulli
import time:      5796 |       5796 |               torch.distributions.exponential
import time:      6461 |       6461 |               torch.distributions.fishersnedecor
import time:      6246 |       6246 |               torch.distributions.geometric
import time:      5623 |       5623 |                   torch.distributions.independent
import time:      6408 |      12031 |                 torch.distributions.transformed_distribution
import time:      6066 |       6066 |                 torch.distributions.uniform
import time:      6241 |      24337 |               torch.distributions.gumbel
import time:      5661 |       5661 |               torch.distributions.half_cauchy
import time:      5318 |       5318 |                 torch.distributions.normal
import time:      6193 |      11511 |               torch.distributions.half_normal
import time:      5788 |       5788 |               torch.distributions.inverse_gamma
import time:      6381 |       6381 |                 torch.distributions.laplace
import time:      4322 |       4322 |                   torch.distributions.multivariate_normal
import time:      6735 |      11056 |                 torch.distributions.lowrank_multivariate_normal
import time:      5372 |       5372 |                 torch.distributions.one_hot_categorical
import time:      4077 |       4077 |                 torch.distributions.pareto
import time:      3819 |       3819 |                 torch.distributions.poisson
import time:     10235 |      40937 |               torch.distributions.kl
import time:      4000 |       4000 |               torch.distributions.kumaraswamy
import time:      7284 |       7284 |               torch.distributions.lkj_cholesky
import time:      3721 |       3721 |               torch.distributions.log_normal
import time:      3755 |       3755 |               torch.distributions.logistic_normal
import time:      6716 |       6716 |               torch.distributions.mixture_same_family
import time:      3914 |       3914 |               torch.distributions.multinomial
import time:      3823 |       3823 |               torch.distributions.negative_binomial
import time:      7580 |       7580 |               torch.distributions.relaxed_bernoulli
import time:      6037 |       6037 |               torch.distributions.relaxed_categorical
import time:      6718 |       6718 |               torch.distributions.studentT
import time:      5509 |       5509 |                     torch.jit._builtins
import time:      9662 |      15170 |                   torch.jit._async
import time:      6905 |       6905 |                   torch.jit._await
import time:      4953 |       4953 |                   torch.jit._decomposition_utils
import time:      4164 |       4164 |                       torch._classes
import time:      5775 |       5775 |                       torch.jit._fuser
import time:      1077 |       1077 |                         monkeytype
import time:      6854 |       7931 |                       torch.jit._monkeytype_config
import time:      5665 |       5665 |                         torch.jit._check
import time:      5628 |       5628 |                         torch.jit._state
import time:      7860 |       7860 |                           torch.jit.annotations
import time:      5760 |       5760 |                           torch.jit._dataclass_impls
import time:       841 |        841 |                           astunparse
import time:     10555 |      25015 |                         torch.jit.frontend
import time:      9991 |      46296 |                       torch.jit._recursive
import time:      5911 |       5911 |                       torch.jit._serialization
import time:     18759 |      88833 |                     torch.jit._script
import time:      5588 |      94421 |                   torch.jit._freeze
import time:      6127 |       6127 |                   torch.jit._ir_utils
import time:      9761 |       9761 |                   torch.jit._trace
import time:      8830 |     146163 |                 torch.jit
import time:      6122 |     152284 |               torch.distributions.von_mises
import time:      5289 |       5289 |               torch.distributions.weibull
import time:      5992 |       5992 |               torch.distributions.wishart
import time:     18181 |     468118 |             torch.distributions
import time:      5965 |       5965 |             torch.fft
import time:       135 |        135 |                 urllib.response
import time:       494 |        629 |               urllib.error
import time:      1011 |       1011 |                   http
import time:       382 |        382 |                     email.feedparser
import time:       339 |        721 |                   email.parser
import time:      1040 |       2771 |                 http.client
import time:      1080 |       3851 |               urllib.request
import time:      5298 |       5298 |                 tqdm._monitor
import time:      6561 |       6561 |                 tqdm._tqdm_pandas
import time:      7610 |       7610 |                     tqdm.utils
import time:     11444 |      19054 |                   tqdm.std
import time:      4778 |       4778 |                     tqdm._dist_ver
import time:      7148 |      11926 |                   tqdm.version
import time:      6666 |      37644 |                 tqdm.cli
import time:      6226 |       6226 |                 tqdm.gui
import time:      8626 |      64353 |               tqdm
import time:      5195 |      74026 |             torch.hub
import time:      7597 |       7597 |             torch.linalg
import time:      7555 |       7555 |               torch.mps.profiler
import time:      6212 |       6212 |               torch.mps.event
import time:      7209 |      20975 |             torch.mps
import time:      8108 |       8108 |               torch.mtia._utils
import time:      4704 |       4704 |               torch.mtia.memory
import time:      7507 |      20319 |             torch.mtia
import time:       307 |        307 |                 multiprocessing.util
import time:       169 |        169 |                 multiprocessing.resource_sharer
import time:      9681 |      10156 |               torch.multiprocessing.reductions
import time:        64 |         64 |                   _multiprocessing
import time:      1586 |       1586 |                   _winapi
import time:      1802 |       3450 |                 multiprocessing.connection
import time:       388 |        388 |                 concurrent.futures.thread
import time:     10830 |      14667 |               torch.multiprocessing.spawn
import time:      7387 |      32208 |             torch.multiprocessing
import time:     22039 |      22039 |                 torch.nested._internal
import time:      6247 |       6247 |                           torch.fx._compatibility
import time:      3760 |       3760 |                                   torch.return_types
import time:      8459 |      12219 |                                 torch.fx._pytree
import time:      6789 |       6789 |                                   torch.fx.operator_schemas
import time:      3514 |       3514 |                                   torch.fx.immutable_collections
import time:     13757 |      24059 |                                 torch.fx.node
import time:     18834 |      55111 |                               torch.fx.graph
import time:      8998 |      64109 |                             torch.fx.graph_module
import time:      6227 |      70335 |                           torch.fx._lazy_graph_module
import time:      9809 |       9809 |                             torch.fx.traceback
import time:      7285 |       7285 |                             torch.utils._traceback
import time:      6937 |      24031 |                           torch.fx.proxy
import time:     14489 |     115100 |                         torch.fx._symbolic_trace
import time:      4777 |       4777 |                           torch.fx.config
import time:      7876 |      12653 |                         torch.fx.interpreter
import time:      6118 |       6118 |                         torch.fx.subgraph_rewriter
import time:      7694 |     141563 |                       torch.fx
import time:      8171 |     149734 |                     torch.fx.experimental
import time:      9945 |     159678 |                   torch.fx.experimental._constant_symnode
import time:      8082 |     167760 |                 torch.nested._internal.nested_int
import time:      5986 |       5986 |                 torch.utils.weak
import time:     19866 |     215650 |               torch.nested._internal.nested_tensor
import time:     14367 |     230016 |             torch.nested
import time:      9193 |       9193 |                 torch.optim.optimizer
import time:     34671 |      43863 |               torch.optim.lr_scheduler
import time:      4538 |       4538 |               torch.optim.swa_utils
import time:      6414 |       6414 |               torch.optim._adafactor
import time:      4551 |       4551 |               torch.optim.adadelta
import time:      5210 |       5210 |               torch.optim.adagrad
import time:      6510 |       6510 |               torch.optim.adam
import time:      4650 |       4650 |               torch.optim.adamax
import time:      5859 |       5859 |               torch.optim.adamw
import time:      6483 |       6483 |               torch.optim.asgd
import time:      5005 |       5005 |               torch.optim.lbfgs
import time:      4977 |       4977 |               torch.optim.nadam
import time:     22542 |      22542 |               torch.optim.radam
import time:      4985 |       4985 |               torch.optim.rmsprop
import time:     16384 |      16384 |               torch.optim.rprop
import time:     10964 |      10964 |               torch.optim.sgd
import time:      5027 |       5027 |                 torch.optim._functional
import time:      6697 |      11723 |               torch.optim.sparse_adam
import time:     10043 |     174693 |             torch.optim
import time:      1227 |       1227 |                 gzip
import time:      7854 |       7854 |                   torch.profiler._utils
import time:     14737 |      22590 |                 torch.profiler._memory_profiler
import time:     13834 |      37649 |               torch.profiler.profiler
import time:      4959 |       4959 |               torch.profiler.itt
import time:      7859 |      50467 |             torch.profiler
import time:      7209 |       7209 |             torch.special
import time:     11152 |      11152 |               torch.xpu._utils
import time:      3415 |       3415 |               torch.xpu.streams
import time:      4896 |       4896 |               torch.xpu.memory
import time:      4757 |       4757 |               torch.xpu.random
import time:      7865 |      32083 |             torch.xpu
import time:     51259 |      51259 |                 torch.signal.windows.windows
import time:     16629 |      67887 |               torch.signal.windows
import time:      5024 |      72910 |             torch.signal
import time:      4980 |       4980 |             torch.ao
import time:      7484 |       7484 |                 torch.ao.nn
import time:     11810 |      11810 |                   torch.ao.nn.intrinsic.modules.fused
import time:     14169 |      25978 |                 torch.ao.nn.intrinsic.modules
import time:     12531 |      45992 |               torch.ao.nn.intrinsic
import time:      9712 |       9712 |                 torch.nn.intrinsic.modules.fused
import time:     11122 |      20834 |               torch.nn.intrinsic.modules
import time:     17354 |      17354 |                               torch.ao.nn.qat.modules.conv
import time:     10842 |      10842 |                               torch.ao.nn.qat.modules.embedding_ops
import time:     10259 |      10259 |                               torch.ao.nn.qat.modules.linear
import time:     29823 |      68276 |                             torch.ao.nn.qat.modules
import time:     16153 |      84429 |                           torch.ao.nn.qat
import time:     15714 |     100143 |                         torch.ao.nn.intrinsic.qat.modules.conv_fused
import time:     12981 |      12981 |                         torch.ao.nn.intrinsic.qat.modules.linear_fused
import time:     12753 |      12753 |                         torch.ao.nn.intrinsic.qat.modules.linear_relu
import time:     16207 |     142082 |                       torch.ao.nn.intrinsic.qat.modules
import time:     10682 |     152764 |                     torch.ao.nn.intrinsic.qat
import time:     12061 |     164825 |                   torch.nn.intrinsic.qat.modules.conv_fused
import time:     10418 |      10418 |                   torch.nn.intrinsic.qat.modules.linear_fused
import time:      9815 |       9815 |                   torch.nn.intrinsic.qat.modules.linear_relu
import time:     12590 |     197647 |                 torch.nn.intrinsic.qat.modules
import time:      9037 |     206684 |               torch.nn.intrinsic.qat
import time:     20812 |      20812 |                                           torch.ao.nn.quantizable.modules.activation
import time:     15606 |      15606 |                                           torch.ao.nn.quantizable.modules.rnn
import time:     29802 |      66219 |                                         torch.ao.nn.quantizable.modules
import time:     13534 |      79753 |                                       torch.ao.nn.quantizable
import time:     19708 |      19708 |                                       torch.ao.nn.quantized.modules.activation
import time:     11866 |      11866 |                                       torch.ao.nn.quantized.modules.batchnorm
import time:     17954 |      17954 |                                         torch.ao.nn.quantized.modules.utils
import time:     15352 |      33305 |                                       torch.ao.nn.quantized.modules.conv
import time:     13687 |      13687 |                                       torch.ao.nn.quantized.modules.dropout
import time:     19615 |      19615 |                                       torch.ao.nn.quantized.modules.embedding_ops
import time:     23316 |      23316 |                                       torch.ao.nn.quantized.modules.functional_modules
import time:     28926 |      28926 |                                       torch.ao.nn.quantized.modules.linear
import time:     13197 |      13197 |                                       torch.ao.nn.quantized.modules.normalization
import time:     11880 |      11880 |                                       torch.ao.nn.quantized.modules.rnn
import time:     20674 |     275921 |                                     torch.ao.nn.quantized.modules
import time:       230 |     276151 |                                   torch.ao.nn.quantized.modules.utils
import time:     15401 |     291551 |                                 torch.ao.nn.quantized.functional
import time:     14118 |     305669 |                               torch.ao.nn.quantized
import time:     21599 |     327268 |                             torch.ao.nn.intrinsic.quantized.modules.bn_relu
import time:     14374 |      14374 |                             torch.ao.nn.intrinsic.quantized.modules.conv_add
import time:     13681 |      13681 |                             torch.ao.nn.intrinsic.quantized.modules.conv_relu
import time:     13512 |      13512 |                             torch.ao.nn.intrinsic.quantized.modules.linear_relu
import time:     24395 |     393228 |                           torch.ao.nn.intrinsic.quantized.modules
import time:     17413 |     410641 |                         torch.ao.nn.intrinsic.quantized
import time:     22889 |      22889 |                                 torch.ao.nn.quantized.dynamic.modules.conv
import time:     12653 |      12653 |                                 torch.ao.nn.quantized.dynamic.modules.linear
import time:     18547 |      18547 |                                 torch.ao.nn.quantized.dynamic.modules.rnn
import time:     36825 |      90913 |                               torch.ao.nn.quantized.dynamic.modules
import time:     22696 |     113608 |                             torch.ao.nn.quantized.dynamic
import time:     26985 |     140593 |                           torch.ao.nn.intrinsic.quantized.dynamic.modules.linear_relu
import time:     33822 |     174414 |                         torch.ao.nn.intrinsic.quantized.dynamic.modules
import time:     18318 |     603372 |                       torch.ao.nn.intrinsic.quantized.dynamic
import time:     19464 |     622835 |                     torch.nn.intrinsic.quantized.dynamic.modules.linear_relu
import time:     24416 |     647250 |                   torch.nn.intrinsic.quantized.dynamic.modules
import time:     24391 |     671640 |                 torch.nn.intrinsic.quantized.dynamic
import time:     17625 |      17625 |                   torch.nn.intrinsic.quantized.modules.bn_relu
import time:     15697 |      15697 |                   torch.nn.intrinsic.quantized.modules.conv_relu
import time:     18085 |      18085 |                   torch.nn.intrinsic.quantized.modules.linear_relu
import time:     15915 |      67320 |                 torch.nn.intrinsic.quantized.modules
import time:     10673 |     749633 |               torch.nn.intrinsic.quantized
import time:      6905 |    1030046 |             torch.nn.intrinsic
import time:     14233 |      14233 |                             torch.ao.nn.qat.dynamic.modules.linear
import time:     23067 |      37299 |                           torch.ao.nn.qat.dynamic.modules
import time:     19301 |      56600 |                         torch.ao.nn.qat.dynamic
import time:       122 |      56721 |                       torch.ao.nn.qat.dynamic.modules
import time:       129 |      56850 |                     torch.ao.nn.qat.dynamic.modules.linear
import time:     19358 |      76207 |                   torch.nn.qat.dynamic.modules.linear
import time:     20962 |      97169 |                 torch.nn.qat.dynamic.modules
import time:     16018 |     113186 |               torch.nn.qat.dynamic
import time:     16562 |      16562 |                 torch.nn.qat.modules.conv
import time:      5889 |       5889 |                 torch.nn.qat.modules.embedding_ops
import time:      7129 |       7129 |                 torch.nn.qat.modules.linear
import time:     10877 |      40456 |               torch.nn.qat.modules
import time:      9680 |     163321 |             torch.nn.qat
import time:     14080 |      14080 |               torch.nn.quantizable.modules
import time:      6501 |      20581 |             torch.nn.quantizable
import time:     11708 |      11708 |               torch.nn.quantized.dynamic
import time:      5529 |       5529 |               torch.nn.quantized.functional
import time:      9536 |       9536 |               torch.nn.quantized.modules
import time:      6688 |      33460 |             torch.nn.quantized
import time:      2093 |       2093 |             torch._size_docs
import time:      2609 |       2609 |             torch._storage_docs
import time:      5564 |       5564 |             torch._tensor_docs
import time:      4707 |       4707 |                           torch.ao.quantization.quant_type
import time:      7812 |      12519 |                         torch.ao.quantization.utils
import time:      9790 |      22308 |                       torch.ao.quantization.observer
import time:     12714 |      35022 |                     torch.ao.quantization.fake_quantize
import time:      5590 |       5590 |                       torch.ao.quantization.fuser_method_mappings
import time:      6426 |      12015 |                     torch.ao.quantization.fuse_modules
import time:      9068 |       9068 |                       torch.ao.quantization.pt2e
import time:      6802 |       6802 |                           torch.ao.ns
import time:      9911 |      16713 |                         torch.ao.ns.fx
import time:      7798 |       7798 |                         torch.ao.ns.fx.ns_types
import time:     10967 |      35478 |                       torch.ao.ns.fx.utils
import time:      6422 |       6422 |                                     torch._dispatch
import time:       253 |        253 |                                           unittest.util
import time:       465 |        717 |                                         unittest.result
import time:       736 |        736 |                                         unittest.case
import time:       218 |        218 |                                         unittest.suite
import time:       486 |        486 |                                         unittest.loader
import time:       122 |        122 |                                             unittest.signals
import time:       454 |        575 |                                           unittest.runner
import time:       332 |        906 |                                         unittest.main
import time:      3565 |       6626 |                                       unittest
import time:      1266 |       7892 |                                     unittest.mock
import time:     10372 |      24685 |                                   torch._dispatch.python
import time:     17977 |      17977 |                                   torch._guards
import time:      4301 |       4301 |                                               torch._logging.structured
import time:      7890 |      12190 |                                             torch._logging._internal
import time:      5371 |      17560 |                                           torch._logging._registrations
import time:      6009 |      23569 |                                         torch._logging
import time:     14502 |      14502 |                                           torch.utils._mode_utils
import time:     12761 |      27263 |                                         torch._subclasses.meta_utils
import time:      3521 |       3521 |                                         torch.utils._backport_slots
import time:      5161 |       5161 |                                         torch.utils._stats
import time:     14997 |      14997 |                                           torch.fx.experimental.sym_node
import time:      9761 |      24757 |                                         torch._subclasses._fake_tensor_utils
import time:      5918 |       5918 |                                           torch._custom_op
import time:     12691 |      18609 |                                         torch._subclasses.fake_impls
import time:     23000 |     125878 |                                       torch._subclasses.fake_tensor
import time:      6524 |       6524 |                                       torch._subclasses.fake_utils
import time:      5719 |     138120 |                                     torch._subclasses
import time:       215 |     138335 |                                   torch._subclasses.meta_utils
import time:     24298 |     205293 |                                 torch.fx.passes.shape_prop
import time:       889 |        889 |                                 pydot
import time:      9108 |     215289 |                               torch.fx.passes.graph_drawer
import time:      6735 |       6735 |                               torch.fx.passes.graph_manipulation
import time:     14925 |      14925 |                                       torch.fx.passes.utils.matcher_utils
import time:     16500 |      31424 |                                     torch.fx.passes.utils.common
import time:     12687 |      44110 |                                   torch.fx.passes.utils
import time:     11275 |      11275 |                                   torch.fx.passes.tools_common
import time:     12388 |      67771 |                                 torch.fx.passes.split_utils
import time:     10986 |      78757 |                               torch.fx.passes.net_min_base
import time:     13975 |      13975 |                               torch.fx.passes.operator_support
import time:     10501 |      10501 |                               torch.fx.passes.param_fetch
import time:     13561 |      13561 |                               torch.fx.passes.reinplace
import time:      7836 |       7836 |                                 torch.fx._utils
import time:     10906 |      10906 |                                   torch.utils._thunk
import time:     15848 |      15848 |                                   torch.fx.experimental._backward_state
import time:     24441 |      51195 |                                 torch.fx.experimental.proxy_tensor
import time:     12326 |      71356 |                               torch.fx.passes.runtime_assert
import time:     13958 |      13958 |                               torch.fx.passes.split_module
import time:     12752 |      12752 |                               torch.fx.passes.splitter_base
import time:     11482 |     448361 |                             torch.fx.passes
import time:       235 |     448596 |                           torch.fx.passes.utils
import time:     16160 |     464755 |                         torch.fx.passes.utils.source_matcher_utils
import time:      6516 |     471270 |                       torch.ao.quantization.pt2e.graph_utils
import time:     18495 |      18495 |                               torch.fx.passes.infra.pass_base
import time:     27272 |      45766 |                             torch.fx.passes.infra.pass_manager
import time:     19769 |      65534 |                           torch.fx.passes.infra
import time:       337 |      65871 |                         torch.fx.passes.infra.pass_base
import time:      8970 |       8970 |                               torch.export._tree_utils
import time:     12967 |      12967 |                               torch.export.graph_signature
import time:      7635 |       7635 |                                     torch._custom_op.autograd
import time:     14583 |      22217 |                                   torch._custom_op.impl
import time:      5149 |      27366 |                                 torch._custom_ops
import time:      9759 |       9759 |                                           numpy._core
import time:     11770 |      21529 |                                         numpy._core._multiarray_umath
import time:     12955 |      34483 |                                       torch._subclasses.functional_tensor
import time:     10528 |      10528 |                                       torch._higher_order_ops.utils
import time:     14969 |      59978 |                                     torch._higher_order_ops.cond
import time:     12271 |      12271 |                                     torch._higher_order_ops.flex_attention
import time:      8722 |       8722 |                                     torch._higher_order_ops.hints_wrap
import time:      8994 |       8994 |                                     torch._higher_order_ops.invoke_subgraph
import time:      8017 |       8017 |                                     torch._higher_order_ops.prim_hop_base
import time:     10169 |      10169 |                                     torch._higher_order_ops.scan
import time:      8295 |       8295 |                                     torch._higher_order_ops.while_loop
import time:     14267 |     130710 |                                   torch._higher_order_ops
import time:      8720 |     139430 |                                 torch._higher_order_ops.strict_mode
import time:     12878 |     179672 |                               torch._export.wrappers
import time:     11148 |      11148 |                               torch._export.utils
import time:     13550 |     226306 |                             torch._export
import time:       374 |     226679 |                           torch._export.utils
import time:     14509 |     241188 |                         torch.export.decomp_utils
import time:      8578 |       8578 |                             torch._export.verifier
import time:     14152 |      22730 |                           torch.export.exported_program
import time:     12054 |      34783 |                         torch.export.dynamic_shapes
import time:     11909 |      11909 |                                   torch._functorch._aot_autograd
import time:     14924 |      26833 |                                 torch._functorch._aot_autograd.utils
import time:      7723 |      34556 |                               torch._higher_order_ops.torchbind
import time:      7509 |      42065 |                             torch._higher_order_ops.effects
import time:      6921 |      48986 |                           torch.export._remove_effect_tokens_pass
import time:     13064 |      62049 |                         torch.export.unflatten
import time:     10826 |     414715 |                       torch.export
import time:     11714 |     942243 |                     torch.ao.quantization.pt2e._numeric_debugger
import time:     11203 |      11203 |                     torch.ao.quantization.pt2e.export_utils
import time:     10391 |      10391 |                     torch.ao.quantization.qconfig
import time:      8488 |       8488 |                     torch.ao.quantization.qconfig_mapping
import time:     17153 |      17153 |                             torch.ao.nn.quantized.reference.modules.utils
import time:     21430 |      38582 |                           torch.ao.nn.quantized.reference.modules.conv
import time:     12512 |      12512 |                           torch.ao.nn.quantized.reference.modules.linear
import time:     15517 |      15517 |                           torch.ao.nn.quantized.reference.modules.rnn
import time:     12480 |      12480 |                           torch.ao.nn.quantized.reference.modules.sparse
import time:     29503 |     108593 |                         torch.ao.nn.quantized.reference.modules
import time:     18728 |     127321 |                       torch.ao.nn.quantized.reference
import time:      8477 |       8477 |                               torch.ao.nn.sparse.quantized.linear
import time:      9362 |       9362 |                               torch.ao.nn.sparse.quantized.utils
import time:     15994 |      33833 |                             torch.ao.nn.sparse.quantized.dynamic.linear
import time:     18597 |      52429 |                           torch.ao.nn.sparse.quantized.dynamic
import time:     19857 |      72285 |                         torch.ao.nn.sparse.quantized
import time:     14137 |      86421 |                       torch.ao.nn.sparse
import time:      4714 |       4714 |                       torch.ao.quantization.stubs
import time:     10613 |     229067 |                     torch.ao.quantization.quantization_mappings
import time:      9018 |       9018 |                     torch.ao.quantization.quantize
import time:      5509 |       5509 |                     torch.ao.quantization.quantize_jit
import time:      8437 |    1271388 |                   torch.ao.quantization
import time:       131 |    1271518 |                 torch.ao.quantization.fake_quantize
import time:      6179 |    1277696 |               torch.quantization.fake_quantize
import time:      4103 |       4103 |               torch.quantization.fuse_modules
import time:      4937 |       4937 |               torch.quantization.fuser_method_mappings
import time:      3478 |       3478 |               torch.quantization.observer
import time:      3596 |       3596 |               torch.quantization.qconfig
import time:     36506 |      36506 |               torch.quantization.quant_type
import time:      4819 |       4819 |               torch.quantization.quantization_mappings
import time:      4073 |       4073 |               torch.quantization.quantize
import time:      3597 |       3597 |               torch.quantization.quantize_jit
import time:      2941 |       2941 |               torch.quantization.stubs
import time:      7371 |    1353111 |             torch.quantization
import time:      2502 |       2502 |             torch.quasirandom
import time:      4746 |       4746 |             torch.multiprocessing._atfork
import time:      6692 |       6692 |             torch._lobpcg
import time:      6666 |       6666 |                 torch.masked._docs
import time:      6636 |       6636 |                       torch.masked.maskedtensor.core
import time:     14008 |      20643 |                     torch.masked.maskedtensor.binary
import time:      9964 |       9964 |                     torch.masked.maskedtensor.passthrough
import time:     10450 |      10450 |                       torch.masked.maskedtensor.creation
import time:     10668 |      21117 |                     torch.masked.maskedtensor.reductions
import time:     11760 |      11760 |                     torch.masked.maskedtensor.unary
import time:      9103 |      72585 |                   torch.masked.maskedtensor
import time:       307 |      72891 |                 torch.masked.maskedtensor.core
import time:     12648 |      92205 |               torch.masked._ops
import time:      5637 |      97841 |             torch.masked
import time:      5453 |       5453 |             torch.utils.dlpack
import time:      8483 |       8483 |                 torch.fx.experimental.const_fold
import time:      9790 |      18272 |               torch._functorch.eager_transforms
import time:      7743 |       7743 |               torch._functorch.functional_call
import time:      4925 |       4925 |               torch._functorch.batch_norm_replacement
import time:      8938 |      39876 |             torch.func
import time:      5978 |       5978 |                       torch.utils._content_store
import time:     11938 |      17916 |                     torch._prims.debug_prims
import time:      7077 |       7077 |                     torch._prims.rng_prims
import time:      8256 |       8256 |                     torch._prims_common.wrappers
import time:   4804118 |    4837365 |                   torch._prims
import time:      7318 |       7318 |                   torch._higher_order_ops.out_dtype
import time:     48024 |    4892706 |                 torch._decomp.decompositions
import time:      9217 |       9217 |                   torch._refs._conversions
import time:      7819 |       7819 |                   torch._refs.fft
import time:     11449 |      11449 |                   torch._refs.linalg
import time:     20903 |      20903 |                     torch._refs.nn
import time:     17810 |      38712 |                   torch._refs.nn.functional
import time:      8272 |       8272 |                   torch._refs.special
import time:     53373 |     128841 |                 torch._refs
import time:      9312 |    5030857 |               torch._decomp
import time:    139297 |    5170154 |             torch._meta_registrations
import time:      7070 |       7070 |             torch.compiler
import time:    670018 |   14049349 |           torch
import time:      7532 |   14953511 |         ocr.core.interfaces.losses
import time:      9498 |       9498 |         ocr.core.interfaces.metrics
import time:      8895 |       8895 |         ocr.core.interfaces.models
import time:     15322 |   15008912 |       ocr.core.utils.registry
import time:     10897 |   15019809 |     ocr.core
import time:     19207 |   15039016 |   ocr.core.models
import time:     10596 |      10596 |     ocr.data
import time:      7668 |       7668 |         ocr.core.utils.experiment_index
import time:     15728 |      23396 |       ocr.core.utils.path_utils
import time:      9036 |      32431 |     ocr.core.utils.config_utils
import time:     17505 |      60532 |   ocr.data.datasets
import time:      8056 |       8056 |         lightning.__about__
import time:      6021 |       6021 |         lightning.__version__
import time:      7803 |       7803 |                   lightning_utilities.__about__
import time:     10438 |      10438 |                       lightning_utilities.core.apply_func
import time:      7009 |       7009 |                       lightning_utilities.core.enums
import time:      8593 |       8593 |                                     sysconfig
import time:      5973 |       5973 |                                       packaging._elffile
import time:      7952 |      13925 |                                     packaging._manylinux
import time:      6050 |       6050 |                                     packaging._musllinux
import time:     12636 |      41202 |                                   packaging.tags
import time:     10593 |      51795 |                                 packaging.utils
import time:     12404 |      64198 |                               packaging.specifiers
import time:      6280 |      70477 |                             packaging._tokenizer
import time:      7757 |      78234 |                           packaging._parser
import time:      6807 |       6807 |                           packaging.markers
import time:      4132 |      89172 |                         packaging.requirements
import time:      9711 |      98883 |                       lightning_utilities.core.imports
import time:      6283 |       6283 |                       lightning_utilities.core.overrides
import time:      6930 |       6930 |                       lightning_utilities.core.rank_zero
import time:      9262 |     138801 |                     lightning_utilities.core
import time:       172 |     138973 |                   lightning_utilities.core.apply_func
import time:      6347 |     153121 |                 lightning_utilities
import time:       129 |     153249 |               lightning_utilities.core
import time:       135 |     153384 |             lightning_utilities.core.imports
import time:      6050 |       6050 |                               torchmetrics.__about__
import time:      5537 |       5537 |                                 PIL._version
import time:      5748 |      11285 |                               PIL
import time:      4503 |       4503 |                                               torchmetrics.utilities.exceptions
import time:      8228 |       8228 |                                                     scipy._lib._testutils
import time:      9259 |      17486 |                                                   scipy._lib
import time:      7170 |      24655 |                                                 scipy._lib.deprecation
import time:      4178 |       4178 |                                                 scipy.__config__
import time:     10581 |      10581 |                                                 scipy.version
import time:      6826 |       6826 |                                                 scipy._distributor_init
import time:      8213 |       8213 |                                                 scipy._lib._pep440
import time:      4106 |       4106 |                                                   scipy._lib._ccallback_c
import time:      5008 |       9113 |                                                 scipy._lib._ccallback
import time:      4067 |       4067 |                                                 modulefinder
import time:      6311 |       6311 |                                                   torchvision._internally_replaced_utils
import time:     41479 |      47790 |                                                 torchvision.extension
import time:    267314 |     267314 |                                                 torchvision._meta_registrations
import time:      1176 |       1176 |                                                                 xml
import time:       454 |       1630 |                                                               xml.parsers
import time:       137 |        137 |                                                               pyexpat
import time:       666 |       2432 |                                                             xml.parsers.expat
import time:      8452 |      10884 |                                                           defusedxml.common
import time:     12021 |      22904 |                                                         defusedxml
import time:       138 |        138 |                                                           xml.etree
import time:       305 |        305 |                                                           xml.etree.ElementPath
import time:        67 |         67 |                                                           _elementtree
import time:      1415 |       1923 |                                                         xml.etree.ElementTree
import time:         4 |          4 |                                                         _elementtree
import time:      9063 |      33892 |                                                       defusedxml.ElementTree
import time:      7952 |       7952 |                                                       PIL.ExifTags
import time:      4605 |       4605 |                                                       PIL.ImageMode
import time:      5929 |       5929 |                                                       PIL.TiffTags
import time:     17236 |      17236 |                                                       PIL._binary
import time:      4292 |       4292 |                                                       PIL._util
import time:     20369 |      20369 |                                                       PIL._imaging
import time:      4251 |       4251 |                                                           cffi.lock
import time:      3380 |       3380 |                                                           cffi.error
import time:      5658 |       5658 |                                                           cffi.model
import time:      8336 |      21623 |                                                         cffi.api
import time:      4997 |      26619 |                                                       cffi
import time:     18382 |     139273 |                                                     PIL.Image
import time:      5480 |       5480 |                                                         torchvision.io._load_gpu_decoder
import time:      1029 |       1029 |                                                           fractions
import time:      5578 |       6607 |                                                         torchvision.io._video_opt
import time:      2800 |       2800 |                                                             PIL.ImageColor
import time:      5721 |       5721 |                                                             PIL.ImageDraw
import time:     12957 |      12957 |                                                               PIL._imagingft
import time:      5011 |      17968 |                                                             PIL.ImageFont
import time:      5521 |      32008 |                                                           torchvision.utils
import time:     51654 |      83662 |                                                         torchvision.io.image
import time:       763 |        763 |                                                           av
import time:      6016 |       6779 |                                                         torchvision.io.video
import time:       673 |        673 |                                                           av
import time:      4963 |       5635 |                                                         torchvision.io.video_reader
import time:      6347 |     114507 |                                                       torchvision.io
import time:        99 |     114605 |                                                     torchvision.io.image
import time:      4597 |       4597 |                                                       torch.utils.model_zoo
import time:      5713 |      10310 |                                                     torchvision.datasets.utils
import time:      3556 |       3556 |                                                     torchvision.datasets.vision
import time:     10481 |     278224 |                                                   torchvision.datasets._optical_flow
import time:      6426 |       6426 |                                                   torchvision.datasets._stereo_matching
import time:     11776 |      11776 |                                                   torchvision.datasets.caltech
import time:      5121 |       5121 |                                                   torchvision.datasets.celeba
import time:     17678 |      17678 |                                                   torchvision.datasets.cifar
import time:     15707 |      15707 |                                                   torchvision.datasets.cityscapes
import time:      6703 |       6703 |                                                   torchvision.datasets.clevr
import time:      4680 |       4680 |                                                   torchvision.datasets.coco
import time:      5535 |       5535 |                                                     torchvision.datasets.folder
import time:      5115 |      10650 |                                                   torchvision.datasets.country211
import time:      4708 |       4708 |                                                   torchvision.datasets.dtd
import time:      5782 |       5782 |                                                   torchvision.datasets.eurosat
import time:      1329 |       1329 |                                                         accimage
import time:       886 |        886 |                                                           accimage
import time:      3465 |       3465 |                                                               PIL.ImageFilter
import time:      2432 |       2432 |                                                               PIL.ImageStat
import time:      3246 |       9141 |                                                             PIL.ImageEnhance
import time:      4347 |       4347 |                                                                 PIL.GimpGradientFile
import time:      3311 |       3311 |                                                                 PIL.GimpPaletteFile
import time:      5599 |       5599 |                                                                 PIL.PaletteFile
import time:      8179 |      21435 |                                                               PIL.ImagePalette
import time:      4345 |      25779 |                                                             PIL.ImageOps
import time:       692 |        692 |                                                             accimage
import time:      5547 |      41157 |                                                           torchvision.transforms._functional_pil
import time:      7759 |       7759 |                                                           torchvision.transforms._functional_tensor
import time:      9039 |      58839 |                                                         torchvision.transforms.functional
import time:     16026 |      76193 |                                                       torchvision.transforms.transforms
import time:      6653 |       6653 |                                                       torchvision.transforms.autoaugment
import time:      5793 |      88638 |                                                     torchvision.transforms
import time:      4665 |      93302 |                                                   torchvision.datasets.fakedata
import time:      4845 |       4845 |                                                   torchvision.datasets.fer2013
import time:      4951 |       4951 |                                                   torchvision.datasets.fgvc_aircraft
import time:       743 |        743 |                                                         html.entities
import time:      1024 |       1766 |                                                       html
import time:      1173 |       1173 |                                                       _markupbase
import time:      1656 |       4593 |                                                     html.parser
import time:      4908 |       9501 |                                                   torchvision.datasets.flickr
import time:     13801 |      13801 |                                                   torchvision.datasets.flowers102
import time:      6978 |       6978 |                                                   torchvision.datasets.food101
import time:      4071 |       4071 |                                                   torchvision.datasets.gtsrb
import time:      7708 |       7708 |                                                     torchvision.datasets.video_utils
import time:      4799 |      12507 |                                                   torchvision.datasets.hmdb51
import time:      4267 |       4267 |                                                   torchvision.datasets.imagenet
import time:      3965 |       3965 |                                                   torchvision.datasets.imagenette
import time:      4514 |       4514 |                                                   torchvision.datasets.inaturalist
import time:      4487 |       4487 |                                                   torchvision.datasets.kinetics
import time:      4277 |       4277 |                                                   torchvision.datasets.kitti
import time:      9219 |       9219 |                                                   torchvision.datasets.lfw
import time:      3799 |       3799 |                                                   torchvision.datasets.lsun
import time:     10812 |      10812 |                                                   torchvision.datasets.mnist
import time:      3397 |       3397 |                                                   torchvision.datasets.moving_mnist
import time:      5144 |       5144 |                                                   torchvision.datasets.omniglot
import time:      3740 |       3740 |                                                   torchvision.datasets.oxford_iiit_pet
import time:      3983 |       3983 |                                                   torchvision.datasets.pcam
import time:      4461 |       4461 |                                                   torchvision.datasets.phototour
import time:     12943 |      12943 |                                                   torchvision.datasets.places365
import time:      4853 |       4853 |                                                   torchvision.datasets.rendered_sst2
import time:      3615 |       3615 |                                                   torchvision.datasets.sbd
import time:      3504 |       3504 |                                                   torchvision.datasets.sbu
import time:      5337 |       5337 |                                                   torchvision.datasets.semeion
import time:      3626 |       3626 |                                                   torchvision.datasets.stanford_cars
import time:      3763 |       3763 |                                                   torchvision.datasets.stl10
import time:      3572 |       3572 |                                                   torchvision.datasets.sun397
import time:      4005 |       4005 |                                                   torchvision.datasets.svhn
import time:      4170 |       4170 |                                                   torchvision.datasets.ucf101
import time:      3673 |       3673 |                                                   torchvision.datasets.usps
import time:      3757 |       3757 |                                                   torchvision.datasets.voc
import time:     14605 |      14605 |                                                   torchvision.datasets.widerface
import time:     15917 |     670793 |                                                 torchvision.datasets
import time:      4635 |       4635 |                                                     torchvision.transforms._presets
import time:      4756 |       4756 |                                                     torchvision.models._api
import time:      5067 |       5067 |                                                     torchvision.models._meta
import time:      2932 |       2932 |                                                       torchvision._utils
import time:     24023 |      26955 |                                                     torchvision.models._utils
import time:     15904 |      57315 |                                                   torchvision.models.alexnet
import time:     12370 |      12370 |                                                                 torch.onnx._internal
import time:     33759 |      46128 |                                                               torch.onnx._internal.exporter
import time:     12030 |      12030 |                                                               torch.onnx._internal._lazy_import
import time:     19490 |      77647 |                                                             torch.onnx._internal.exporter._onnx_program
import time:      9029 |       9029 |                                                                 torch._prims.context
import time:     10875 |      19903 |                                                               torch._prims.executor
import time:     11103 |      11103 |                                                               torch.fx.passes.fake_tensor_prop
import time:     15691 |      46697 |                                                             torch.onnx._internal.onnxruntime
import time:      6076 |       6076 |                                                               torch.onnx.errors
import time:      7011 |      13086 |                                                             torch.onnx._type_utils
import time:      5633 |       5633 |                                                               torch.onnx._constants
import time:      7374 |       7374 |                                                               torch.onnx._deprecation
import time:      8417 |       8417 |                                                                 torch.onnx._globals
import time:      8704 |       8704 |                                                                   torch.onnx._internal.registration
import time:     11317 |      20021 |                                                                 torch.onnx._internal.jit_utils
import time:     15741 |      44178 |                                                               torch.onnx.symbolic_helper
import time:     15018 |      15018 |                                                                             torch.onnx._internal.diagnostics.infra.sarif._property_bag
import time:     21753 |      36770 |                                                                           torch.onnx._internal.diagnostics.infra.sarif._address
import time:     12930 |      12930 |                                                                               torch.onnx._internal.diagnostics.infra.sarif._multiformat_message_string
import time:     14579 |      27509 |                                                                             torch.onnx._internal.diagnostics.infra.sarif._artifact_content
import time:     12361 |      12361 |                                                                               torch.onnx._internal.diagnostics.infra.sarif._message
import time:     12259 |      24619 |                                                                             torch.onnx._internal.diagnostics.infra.sarif._artifact_location
import time:     15365 |      67492 |                                                                           torch.onnx._internal.diagnostics.infra.sarif._artifact
import time:     12621 |      12621 |                                                                               torch.onnx._internal.diagnostics.infra.sarif._region
import time:     12375 |      24996 |                                                                             torch.onnx._internal.diagnostics.infra.sarif._replacement
import time:     12703 |      37698 |                                                                           torch.onnx._internal.diagnostics.infra.sarif._artifact_change
import time:     13172 |      13172 |                                                                             torch.onnx._internal.diagnostics.infra.sarif._rectangle
import time:     13055 |      26227 |                                                                           torch.onnx._internal.diagnostics.infra.sarif._attachment
import time:     13079 |      13079 |                                                                                   torch.onnx._internal.diagnostics.infra.sarif._location_relationship
import time:     13634 |      13634 |                                                                                   torch.onnx._internal.diagnostics.infra.sarif._logical_location
import time:     13222 |      13222 |                                                                                   torch.onnx._internal.diagnostics.infra.sarif._physical_location
import time:     16643 |      56577 |                                                                                 torch.onnx._internal.diagnostics.infra.sarif._location
import time:     13460 |      13460 |                                                                                   torch.onnx._internal.diagnostics.infra.sarif._tool_component_reference
import time:     15502 |      28961 |                                                                                 torch.onnx._internal.diagnostics.infra.sarif._reporting_descriptor_reference
import time:     13180 |      13180 |                                                                                   torch.onnx._internal.diagnostics.infra.sarif._stack_frame
import time:     13972 |      27152 |                                                                                 torch.onnx._internal.diagnostics.infra.sarif._stack
import time:     13896 |      13896 |                                                                                 torch.onnx._internal.diagnostics.infra.sarif._web_request
import time:     14295 |      14295 |                                                                                 torch.onnx._internal.diagnostics.infra.sarif._web_response
import time:     16799 |     157678 |                                                                               torch.onnx._internal.diagnostics.infra.sarif._thread_flow_location
import time:     22320 |     179997 |                                                                             torch.onnx._internal.diagnostics.infra.sarif._thread_flow
import time:     13566 |     193563 |                                                                           torch.onnx._internal.diagnostics.infra.sarif._code_flow
import time:     14091 |      14091 |                                                                             torch.onnx._internal.diagnostics.infra.sarif._reporting_configuration
import time:     13385 |      27475 |                                                                           torch.onnx._internal.diagnostics.infra.sarif._configuration_override
import time:     16441 |      16441 |                                                                                 torch.onnx._internal.diagnostics.infra.sarif._exception
import time:     16319 |      32759 |                                                                               torch.onnx._internal.diagnostics.infra.sarif._notification
import time:     15167 |      47926 |                                                                             torch.onnx._internal.diagnostics.infra.sarif._invocation
import time:     16012 |      16012 |                                                                                   torch.onnx._internal.diagnostics.infra.sarif._reporting_descriptor_relationship
import time:     19645 |      35656 |                                                                                 torch.onnx._internal.diagnostics.infra.sarif._reporting_descriptor
import time:     15070 |      15070 |                                                                                 torch.onnx._internal.diagnostics.infra.sarif._translation_metadata
import time:     16737 |      67462 |                                                                               torch.onnx._internal.diagnostics.infra.sarif._tool_component
import time:     15678 |      83140 |                                                                             torch.onnx._internal.diagnostics.infra.sarif._tool
import time:     15650 |     146714 |                                                                           torch.onnx._internal.diagnostics.infra.sarif._conversion
import time:     14150 |      14150 |                                                                           torch.onnx._internal.diagnostics.infra.sarif._edge
import time:     16745 |      16745 |                                                                           torch.onnx._internal.diagnostics.infra.sarif._edge_traversal
import time:     27036 |      27036 |                                                                               torch.onnx._internal.diagnostics.infra.sarif._node
import time:     16499 |      43534 |                                                                             torch.onnx._internal.diagnostics.infra.sarif._graph
import time:     13781 |      13781 |                                                                               torch.onnx._internal.diagnostics.infra.sarif._fix
import time:     15089 |      15089 |                                                                               torch.onnx._internal.diagnostics.infra.sarif._graph_traversal
import time:     13704 |      13704 |                                                                               torch.onnx._internal.diagnostics.infra.sarif._result_provenance
import time:     19917 |      19917 |                                                                               torch.onnx._internal.diagnostics.infra.sarif._suppression
import time:     34094 |      96583 |                                                                             torch.onnx._internal.diagnostics.infra.sarif._result
import time:     18657 |     158772 |                                                                           torch.onnx._internal.diagnostics.infra.sarif._external_properties
import time:     20192 |      20192 |                                                                           torch.onnx._internal.diagnostics.infra.sarif._external_property_file_reference
import time:     17630 |      17630 |                                                                           torch.onnx._internal.diagnostics.infra.sarif._external_property_file_references
import time:     14218 |      14218 |                                                                             torch.onnx._internal.diagnostics.infra.sarif._run_automation_details
import time:     14727 |      14727 |                                                                             torch.onnx._internal.diagnostics.infra.sarif._special_locations
import time:     15633 |      15633 |                                                                             torch.onnx._internal.diagnostics.infra.sarif._version_control_details
import time:     16605 |      61183 |                                                                           torch.onnx._internal.diagnostics.infra.sarif._run
import time:     12908 |      12908 |                                                                           torch.onnx._internal.diagnostics.infra.sarif._sarif_log
import time:     22964 |     860478 |                                                                         torch.onnx._internal.diagnostics.infra.sarif
import time:     22294 |     882771 |                                                                       torch.onnx._internal.diagnostics.infra.formatter
import time:     19629 |     902400 |                                                                     torch.onnx._internal.diagnostics.infra._infra
import time:     11691 |      11691 |                                                                       torch.onnx._internal.diagnostics.infra.utils
import time:     14824 |      14824 |                                                                       torch.onnx._internal.diagnostics.infra.sarif.version
import time:     13126 |      39641 |                                                                     torch.onnx._internal.diagnostics.infra.context
import time:     15403 |     957442 |                                                                   torch.onnx._internal.diagnostics.infra
import time:     14138 |     971580 |                                                                 torch.onnx._internal.diagnostics._diagnostic
import time:     13995 |      13995 |                                                                 torch.onnx._internal.diagnostics._rules
import time:     14060 |     999634 |                                                               torch.onnx._internal.diagnostics
import time:      8561 |       8561 |                                                               torch.onnx._internal.onnx_proto_utils
import time:     11150 |    1076527 |                                                             torch.onnx.utils
import time:     38747 |      38747 |                                                               torch.onnx.symbolic_opset9
import time:      7529 |      46275 |                                                             torch.onnx.symbolic_caffe2
import time:      6857 |       6857 |                                                             torch.onnx.symbolic_opset7
import time:      6217 |       6217 |                                                             torch.onnx.symbolic_opset8
import time:      9219 |       9219 |                                                             torch.onnx.symbolic_opset10
import time:     10570 |      10570 |                                                             torch.onnx.symbolic_opset11
import time:      5386 |       5386 |                                                             torch.onnx.symbolic_opset12
import time:      7100 |       7100 |                                                             torch.onnx.symbolic_opset13
import time:      5843 |       5843 |                                                             torch.onnx.symbolic_opset14
import time:      5102 |       5102 |                                                             torch.onnx.symbolic_opset15
import time:      4685 |       4685 |                                                             torch.onnx.symbolic_opset16
import time:      3678 |       3678 |                                                             torch.onnx.symbolic_opset17
import time:      4990 |       4990 |                                                             torch.onnx.symbolic_opset18
import time:      5687 |       5687 |                                                             torch.onnx.symbolic_opset19
import time:      3191 |       3191 |                                                             torch.onnx.symbolic_opset20
import time:     36774 |      36774 |                                                               torch.onnx._internal.io_adapter
import time:      8387 |       8387 |                                                                 torch.onnx._internal.fx.patcher
import time:      6640 |       6640 |                                                                 torch.onnx._internal.fx.serialization
import time:     29447 |      44473 |                                                               torch.onnx._internal.fx
import time:     11321 |      11321 |                                                                 torch.onnx._internal.fx.registration
import time:     10304 |      21624 |                                                               torch.onnx._internal.fx.decomposition_table
import time:      8227 |     111096 |                                                             torch.onnx._internal._exporter_legacy
import time:      9416 |    1459259 |                                                           torch.onnx
import time:      5750 |    1465008 |                                                         torchvision.ops._register_onnx_ops
import time:      5066 |       5066 |                                                           torchvision.ops._box_convert
import time:      3773 |       3773 |                                                           torchvision.ops._utils
import time:      6116 |      14954 |                                                         torchvision.ops.boxes
import time:      3689 |       3689 |                                                           torchvision.ops.diou_loss
import time:      5765 |       9454 |                                                         torchvision.ops.ciou_loss
import time:      3939 |       3939 |                                                         torchvision.ops.deform_conv
import time:      4114 |       4114 |                                                         torchvision.ops.drop_block
import time:      4386 |       4386 |                                                           torchvision.ops.misc
import time:      7176 |      11562 |                                                         torchvision.ops.feature_pyramid_network
import time:      4993 |       4993 |                                                         torchvision.ops.focal_loss
import time:      3249 |       3249 |                                                         torchvision.ops.giou_loss
import time:        52 |         52 |                                                                     _lsprof
import time:      1160 |       1160 |                                                                     profile
import time:      1657 |       2868 |                                                                   cProfile
import time:      2071 |       2071 |                                                                   pstats
import time:       129 |        129 |                                                                         termios
import time:      1439 |       1568 |                                                                       getpass
import time:      2950 |       2950 |                                                                       torch._environment
import time:      7061 |       7061 |                                                                       torch.utils._config_module
import time:     17926 |      29502 |                                                                     torch._dynamo.config
import time:      5987 |      35489 |                                                                   torch._dynamo.distributed
import time:      6100 |       6100 |                                                                                 torch._inductor.custom_graph_pass
import time:     19234 |      25334 |                                                                               torch._inductor.config
import time:      6219 |      31553 |                                                                             torch._inductor
import time:       158 |      31710 |                                                                           torch._inductor.config
import time:     17533 |      49243 |                                                                         torch._functorch.config
import time:      9025 |       9025 |                                                                           torch.fx.experimental._config
import time:      6871 |       6871 |                                                                           torch.fx.experimental.recording
import time:     27001 |      27001 |                                                                           torch.utils._ordered_set
import time:     10674 |      10674 |                                                                             torch.utils._sympy
import time:      6891 |       6891 |                                                                                 mpmath.usertools
import time:       854 |        854 |                                                                                             gmpy2
import time:       746 |        746 |                                                                                             gmpy
import time:      7174 |       8773 |                                                                                           mpmath.libmp.backend
import time:      7980 |       7980 |                                                                                           mpmath.libmp.libintmath
import time:     15016 |      31768 |                                                                                         mpmath.libmp.libmpf
import time:     10811 |      10811 |                                                                                           mpmath.libmp.libelefun
import time:      8968 |      19778 |                                                                                         mpmath.libmp.libmpc
import time:     14804 |      14804 |                                                                                           mpmath.libmp.gammazeta
import time:      9257 |      24060 |                                                                                         mpmath.libmp.libhyper
import time:      8567 |       8567 |                                                                                         mpmath.libmp.libmpi
import time:      9651 |      93822 |                                                                                       mpmath.libmp
import time:       152 |      93974 |                                                                                     mpmath.libmp.backend
import time:      8831 |       8831 |                                                                                         mpmath.functions.functions
import time:      4865 |       4865 |                                                                                         mpmath.functions.factorials
import time:     12806 |      12806 |                                                                                         mpmath.functions.hypergeometric
import time:      6570 |       6570 |                                                                                         mpmath.functions.expintegrals
import time:      8954 |       8954 |                                                                                         mpmath.functions.bessel
import time:      8767 |       8767 |                                                                                         mpmath.functions.orthogonal
import time:      8666 |       8666 |                                                                                         mpmath.functions.theta
import time:      6860 |       6860 |                                                                                         mpmath.functions.elliptic
import time:      4448 |       4448 |                                                                                         mpmath.functions.signals
import time:     26865 |      26865 |                                                                                         mpmath.functions.zeta
import time:     12431 |      12431 |                                                                                         mpmath.functions.rszeta
import time:     18051 |      18051 |                                                                                         mpmath.functions.zetazeros
import time:      9531 |       9531 |                                                                                         mpmath.functions.qfunctions
import time:     11422 |     149061 |                                                                                       mpmath.functions
import time:       103 |     149163 |                                                                                     mpmath.functions.functions
import time:     14419 |      14419 |                                                                                         mpmath.calculus.calculus
import time:      6885 |       6885 |                                                                                         mpmath.calculus.approximation
import time:      7187 |       7187 |                                                                                         mpmath.calculus.differentiation
import time:      9647 |       9647 |                                                                                         mpmath.calculus.extrapolation
import time:      5439 |       5439 |                                                                                         mpmath.calculus.polynomials
import time:      9303 |      52876 |                                                                                       mpmath.calculus
import time:      7298 |      60174 |                                                                                     mpmath.calculus.quadrature
import time:      6040 |       6040 |                                                                                     mpmath.calculus.inverselaplace
import time:     12685 |      12685 |                                                                                     mpmath.calculus.optimization
import time:      7047 |       7047 |                                                                                     mpmath.calculus.odes
import time:     10145 |      10145 |                                                                                         mpmath.matrices.eigen
import time:      8467 |       8467 |                                                                                         mpmath.matrices.eigen_symmetric
import time:      7936 |      26547 |                                                                                       mpmath.matrices
import time:     24169 |      50715 |                                                                                     mpmath.matrices.matrices
import time:     19270 |      19270 |                                                                                     mpmath.matrices.calculus
import time:      7900 |       7900 |                                                                                     mpmath.matrices.linalg
import time:      5330 |       5330 |                                                                                     mpmath.identification
import time:       820 |        820 |                                                                                       colorsys
import time:      5999 |       6819 |                                                                                     mpmath.visualization
import time:      8995 |     428105 |                                                                                   mpmath.ctx_base
import time:      6421 |       6421 |                                                                                   mpmath.math2
import time:      5533 |       5533 |                                                                                   mpmath.function_docs
import time:      7945 |     448004 |                                                                                 mpmath.ctx_fp
import time:      4299 |       4299 |                                                                                   mpmath.rational
import time:     10235 |      10235 |                                                                                   mpmath.ctx_mp_python
import time:      9233 |      23766 |                                                                                 mpmath.ctx_mp
import time:     19478 |      19478 |                                                                                 mpmath.ctx_iv
import time:     11395 |     509531 |                                                                               mpmath
import time:      5749 |       5749 |                                                                               sympy.release
import time:      6555 |       6555 |                                                                                             sympy.utilities.enumerative
import time:      6597 |       6597 |                                                                                             sympy.utilities.misc
import time:      5545 |       5545 |                                                                                               sympy.utilities.exceptions
import time:      4955 |      10499 |                                                                                             sympy.utilities.decorator
import time:     16180 |      39829 |                                                                                           sympy.utilities.iterables
import time:     21335 |      21335 |                                                                                               sympy.external.importtools
import time:      8013 |      29348 |                                                                                             sympy.external
import time:      7476 |      36823 |                                                                                           sympy.utilities.lambdify
import time:      4971 |       4971 |                                                                                           sympy.utilities.timeutils
import time:      7900 |      89521 |                                                                                         sympy.utilities
import time:       141 |      89662 |                                                                                       sympy.utilities.iterables
import time:      6110 |      95771 |                                                                                     sympy.core.random
import time:      5731 |       5731 |                                                                                       sympy.core.cache
import time:      5637 |      11367 |                                                                                     sympy.core.parameters
import time:      6097 |       6097 |                                                                                           sympy.core.logic
import time:      6551 |      12647 |                                                                                         sympy.core.facts
import time:     10667 |      10667 |                                                                                         sympy.core.assumptions_generated
import time:      6587 |      29900 |                                                                                       sympy.core.assumptions
import time:      6693 |       6693 |                                                                                       sympy.core.sorting
import time:      6768 |       6768 |                                                                                                   sympy.multipledispatch.utils
import time:      6658 |      13425 |                                                                                                 sympy.multipledispatch.conflict
import time:      6047 |      19471 |                                                                                               sympy.multipledispatch.dispatcher
import time:      8955 |      28426 |                                                                                             sympy.multipledispatch.core
import time:     10227 |      38652 |                                                                                           sympy.multipledispatch
import time:       142 |      38794 |                                                                                         sympy.multipledispatch.dispatcher
import time:      5913 |      44707 |                                                                                       sympy.core.kind
import time:      7384 |       7384 |                                                                                       sympy.core._print_helpers
import time:      6462 |       6462 |                                                                                         sympy.core.core
import time:      8248 |      14710 |                                                                                       sympy.core.singleton
import time:      6496 |       6496 |                                                                                       sympy.core.traversal
import time:     14233 |     124120 |                                                                                     sympy.core.basic
import time:      8783 |     240040 |                                                                                   sympy.core.sympify
import time:      9153 |       9153 |                                                                                         sympy.external.pythonmpq
import time:      8105 |       8105 |                                                                                         sympy.external.ntheory
import time:       759 |        759 |                                                                                         flint
import time:       799 |        799 |                                                                                         gmpy2
import time:     10157 |      28972 |                                                                                       sympy.external.gmpy
import time:     14046 |      43018 |                                                                                     sympy.core.evalf
import time:      5577 |       5577 |                                                                                     sympy.core.decorators
import time:      4924 |       4924 |                                                                                     sympy.core.intfunc
import time:      9684 |       9684 |                                                                                       sympy.core.operations
import time:      5719 |       5719 |                                                                                         sympy.core.containers
import time:     10272 |      10272 |                                                                                             sympy.core.add
import time:      4645 |       4645 |                                                                                             sympy.core.rules
import time:     24707 |      24707 |                                                                                                   sympy.logic.boolalg
import time:      5629 |       5629 |                                                                                                   sympy.logic.inference
import time:      9887 |      40222 |                                                                                                 sympy.logic
import time:       150 |      40372 |                                                                                               sympy.logic.boolalg
import time:     18120 |      58491 |                                                                                             sympy.core.symbol
import time:     14868 |      88275 |                                                                                           sympy.core.function
import time:     10027 |      10027 |                                                                                           sympy.core.relational
import time:     15138 |     113439 |                                                                                         sympy.core.power
import time:     19902 |     139059 |                                                                                       sympy.core.numbers
import time:     15619 |     164360 |                                                                                     sympy.core.mul
import time:      7189 |       7189 |                                                                                         sympy.core.coreerrors
import time:     12188 |      19377 |                                                                                       sympy.core.exprtools
import time:      5693 |      25070 |                                                                                     sympy.core.mod
import time:     19191 |     262137 |                                                                                   sympy.core.expr
import time:      9080 |       9080 |                                                                                   sympy.core.multidimensional
import time:      9384 |     520639 |                                                                                 sympy.core
import time:       258 |     520896 |                                                                               sympy.core.cache
import time:      9861 |       9861 |                                                                                   sympy.utilities.source
import time:     14256 |      24117 |                                                                                 sympy.assumptions.assume
import time:      8895 |       8895 |                                                                                   sympy.assumptions.cnf
import time:      9373 |       9373 |                                                                                   sympy.assumptions.ask_generated
import time:      9365 |      27632 |                                                                                 sympy.assumptions.ask
import time:      7782 |       7782 |                                                                                 sympy.assumptions.refine
import time:      9136 |       9136 |                                                                                   sympy.assumptions.relation.binrel
import time:     10555 |      19691 |                                                                                 sympy.assumptions.relation
import time:     16271 |      95490 |                                                                               sympy.assumptions
import time:      7698 |       7698 |                                                                                     sympy.polys.polyerrors
import time:      8133 |      15830 |                                                                                   sympy.polys.polyoptions
import time:      6603 |       6603 |                                                                                         sympy.polys.domains.domainelement
import time:      6252 |       6252 |                                                                                         sympy.polys.orderings
import time:     24948 |      24948 |                                                                                           sympy.polys.domains.modularinteger
import time:      6910 |      31858 |                                                                                         sympy.polys.polyutils
import time:     17635 |      62346 |                                                                                       sympy.polys.domains.domain
import time:      9258 |       9258 |                                                                                           sympy.polys.domains.ring
import time:     10659 |      19917 |                                                                                         sympy.polys.domains.field
import time:      8317 |       8317 |                                                                                         sympy.polys.domains.simpledomain
import time:      6551 |       6551 |                                                                                           sympy.polys.polyconfig
import time:     13478 |      20029 |                                                                                         sympy.polys.galoistools
import time:      7895 |       7895 |                                                                                           sympy.polys.domains.pythonrational
import time:      7897 |      15791 |                                                                                         sympy.polys.domains.groundtypes
import time:      7118 |      71171 |                                                                                       sympy.polys.domains.finitefield
import time:      8357 |       8357 |                                                                                         sympy.polys.domains.characteristiczero
import time:      8165 |      16521 |                                                                                       sympy.polys.domains.integerring
import time:      8275 |       8275 |                                                                                       sympy.polys.domains.rationalfield
import time:      8577 |       8577 |                                                                                             sympy.polys.monomials
import time:     13913 |      22490 |                                                                                           sympy.polys.densebasic
import time:      7481 |       7481 |                                                                                           sympy.polys.densearith
import time:     10507 |      10507 |                                                                                           sympy.polys.densetools
import time:      8689 |       8689 |                                                                                           sympy.polys.euclidtools
import time:      7173 |       7173 |                                                                                           sympy.polys.sqfreetools
import time:     17587 |      17587 |                                                                                           sympy.polys.factortools
import time:     17583 |      17583 |                                                                                           sympy.polys.rootisolation
import time:     20131 |     111637 |                                                                                         sympy.polys.polyclasses
import time:     10883 |     122520 |                                                                                       sympy.polys.domains.algebraicfield
import time:      9616 |       9616 |                                                                                       sympy.polys.domains.gaussiandomains
import time:      7507 |       7507 |                                                                                         sympy.polys.domains.mpelements
import time:      8034 |      15540 |                                                                                       sympy.polys.domains.realfield
import time:      7082 |       7082 |                                                                                       sympy.polys.domains.complexfield
import time:      5648 |       5648 |                                                                                         sympy.polys.domains.compositedomain
import time:      9100 |      14747 |                                                                                       sympy.polys.domains.polynomialring
import time:     12547 |      12547 |                                                                                       sympy.polys.domains.fractionfield
import time:      8755 |       8755 |                                                                                       sympy.polys.domains.expressiondomain
import time:      6124 |       6124 |                                                                                       sympy.polys.domains.expressionrawdomain
import time:      6270 |       6270 |                                                                                         sympy.polys.domains.pythonintegerring
import time:      6011 |      12281 |                                                                                       sympy.polys.domains.pythonfinitefield
import time:      6274 |       6274 |                                                                                         sympy.polys.domains.gmpyintegerring
import time:      5663 |      11937 |                                                                                       sympy.polys.domains.gmpyfinitefield
import time:     51501 |      51501 |                                                                                       sympy.polys.domains.pythonrationalfield
import time:      7518 |       7518 |                                                                                       sympy.polys.domains.gmpyrationalfield
import time:     13443 |     451917 |                                                                                     sympy.polys.domains
import time:      7654 |     459571 |                                                                                   sympy.polys.constructor
import time:      5346 |       5346 |                                                                                   sympy.polys.fglmtools
import time:      6747 |       6747 |                                                                                   sympy.polys.groebnertools
import time:      4494 |       4494 |                                                                                   sympy.polys.rationaltools
import time:     27638 |     519623 |                                                                                 sympy.polys.polytools
import time:      7051 |       7051 |                                                                                         sympy.ntheory.primetest
import time:      9886 |      16936 |                                                                                       sympy.ntheory.generate
import time:      7079 |       7079 |                                                                                         sympy.ntheory.digits
import time:     14275 |      14275 |                                                                                         sympy.ntheory.ecm
import time:     10174 |      31527 |                                                                                       sympy.ntheory.factor_
import time:     10046 |      10046 |                                                                                           sympy.ntheory.modular
import time:      9842 |       9842 |                                                                                           sympy.utilities.memoization
import time:     13462 |      33349 |                                                                                         sympy.ntheory.residue_ntheory
import time:     12401 |      45749 |                                                                                       sympy.ntheory.partitions_
import time:     10553 |      10553 |                                                                                       sympy.ntheory.multinomial
import time:     10228 |      10228 |                                                                                       sympy.ntheory.continued_fraction
import time:      7192 |       7192 |                                                                                       sympy.ntheory.egyptian_fraction
import time:      7572 |       7572 |                                                                                       sympy.ntheory.qs
import time:      8973 |     138728 |                                                                                     sympy.ntheory
import time:     13816 |      13816 |                                                                                       sympy.polys.compatibility
import time:      5301 |       5301 |                                                                                       sympy.polys.heuristicgcd
import time:      7575 |       7575 |                                                                                               sympy.printing.conventions
import time:      6197 |       6197 |                                                                                               sympy.printing.precedence
import time:      5807 |       5807 |                                                                                               sympy.printing.printer
import time:     10045 |      10045 |                                                                                               sympy.printing.str
import time:      4680 |       4680 |                                                                                                   sympy.core.alphabets
import time:     10385 |      15065 |                                                                                                 sympy.printing.pretty.pretty_symbology
import time:      7977 |      23041 |                                                                                               sympy.printing.pretty.stringpict
import time:     24152 |      76813 |                                                                                             sympy.printing.pretty.pretty
import time:     13897 |      90710 |                                                                                           sympy.printing.pretty
import time:     20513 |      20513 |                                                                                           sympy.printing.latex
import time:     13022 |      13022 |                                                                                           sympy.printing.mathml
import time:      5582 |       5582 |                                                                                             sympy.printing.repr
import time:      6621 |      12203 |                                                                                           sympy.printing.python
import time:     24483 |      24483 |                                                                                                       sympy.functions.combinatorial
import time:     25850 |      50333 |                                                                                                     sympy.functions.combinatorial.factorials
import time:     16779 |      16779 |                                                                                                         sympy.functions.elementary
import time:     13646 |      13646 |                                                                                                           sympy.functions.elementary.miscellaneous
import time:     15026 |      15026 |                                                                                                           sympy.functions.elementary.piecewise
import time:     19436 |      48107 |                                                                                                         sympy.functions.elementary.complexes
import time:     19985 |      84870 |                                                                                                       sympy.functions.elementary.exponential
import time:      8980 |       8980 |                                                                                                       sympy.polys.appellseqs
import time:     22537 |     116386 |                                                                                                     sympy.functions.combinatorial.numbers
import time:      9292 |       9292 |                                                                                                       sympy.functions.elementary.integers
import time:      6109 |       6109 |                                                                                                       sympy.functions.elementary._trigonometric_special
import time:     52742 |      68142 |                                                                                                     sympy.functions.elementary.trigonometric
import time:     31575 |      31575 |                                                                                                     sympy.functions.elementary.hyperbolic
import time:     23106 |      23106 |                                                                                                       sympy.functions.special
import time:     15212 |      15212 |                                                                                                       sympy.functions.special.hyper
import time:     25140 |      63458 |                                                                                                     sympy.functions.special.error_functions
import time:     19129 |      19129 |                                                                                                       sympy.functions.special.zeta_functions
import time:     17545 |      36674 |                                                                                                     sympy.functions.special.gamma_functions
import time:     12183 |      12183 |                                                                                                     sympy.functions.special.tensor_functions
import time:     23261 |      23261 |                                                                                                           sympy.polys.polyquinticconst
import time:     12021 |      35282 |                                                                                                         sympy.polys.polyroots
import time:      9279 |      44560 |                                                                                                       sympy.functions.special.delta_functions
import time:     12834 |      57394 |                                                                                                     sympy.functions.special.singularity_functions
import time:     18160 |      18160 |                                                                                                           sympy.sets.sets
import time:     11627 |      11627 |                                                                                                           sympy.sets.fancysets
import time:      7042 |       7042 |                                                                                                           sympy.sets.contains
import time:      7237 |       7237 |                                                                                                           sympy.sets.conditionset
import time:      7411 |       7411 |                                                                                                           sympy.sets.ordinals
import time:      6316 |       6316 |                                                                                                           sympy.sets.powerset
import time:     10929 |      10929 |                                                                                                             sympy.sets.handlers
import time:     12656 |      23584 |                                                                                                           sympy.sets.handlers.comparison
import time:     13995 |      95368 |                                                                                                         sympy.sets
import time:       147 |      95514 |                                                                                                       sympy.sets.sets
import time:     21313 |     116827 |                                                                                                     sympy.functions.special.bsplines
import time:      8561 |       8561 |                                                                                                       sympy.polys.orthopolys
import time:     13726 |      22287 |                                                                                                     sympy.functions.special.bessel
import time:     10335 |      10335 |                                                                                                     sympy.functions.special.polynomials
import time:      7614 |       7614 |                                                                                                     sympy.functions.special.spherical_harmonics
import time:      9870 |       9870 |                                                                                                     sympy.functions.special.elliptic_integrals
import time:      8871 |       8871 |                                                                                                     sympy.functions.special.beta_functions
import time:      8931 |       8931 |                                                                                                     sympy.functions.special.mathieu_functions
import time:     28226 |     649100 |                                                                                                   sympy.functions
import time:       292 |     649391 |                                                                                                 sympy.functions.elementary
import time:       165 |     649556 |                                                                                               sympy.functions.elementary.complexes
import time:      9845 |     659400 |                                                                                             sympy.printing.codeprinter
import time:     20101 |     679500 |                                                                                           sympy.printing.pycode
import time:      9217 |       9217 |                                                                                             sympy.assumptions.relation.equality
import time:      7566 |      16782 |                                                                                           sympy.printing.smtlib
import time:      6496 |       6496 |                                                                                           sympy.printing.glsl
import time:      6137 |       6137 |                                                                                           sympy.printing.rcode
import time:      5214 |       5214 |                                                                                           sympy.printing.jscode
import time:      8354 |       8354 |                                                                                           sympy.printing.julia
import time:      6607 |       6607 |                                                                                           sympy.printing.mathematica
import time:      9211 |       9211 |                                                                                           sympy.printing.octave
import time:      6008 |       6008 |                                                                                           sympy.printing.rust
import time:      8758 |       8758 |                                                                                             sympy.utilities.mathml
import time:      5876 |      14634 |                                                                                           sympy.printing.gtk
import time:      6776 |       6776 |                                                                                           sympy.printing.preview
import time:      5249 |       5249 |                                                                                           sympy.printing.tree
import time:      5735 |       5735 |                                                                                           sympy.printing.tableform
import time:      4807 |       4807 |                                                                                           sympy.printing.dot
import time:      7352 |       7352 |                                                                                           sympy.printing.maple
import time:     11808 |     937108 |                                                                                         sympy.printing
import time:      6301 |     943408 |                                                                                       sympy.printing.defaults
import time:      4077 |       4077 |                                                                                       sympy.utilities.magic
import time:     20529 |     987129 |                                                                                     sympy.polys.rings
import time:     27297 |    1153153 |                                                                                   sympy.polys.specialpolys
import time:      5637 |    1158789 |                                                                                 sympy.polys.polyfuncs
import time:     41636 |      41636 |                                                                                     sympy.polys.ring_series
import time:      9790 |       9790 |                                                                                     sympy.polys.rootoftools
import time:     14542 |      65968 |                                                                                   sympy.polys.numberfields.minpoly
import time:     10348 |      10348 |                                                                                   sympy.polys.numberfields.subfield
import time:      6446 |       6446 |                                                                                           sympy.polys.matrices.exceptions
import time:      7168 |       7168 |                                                                                           sympy.polys.matrices.domainscalar
import time:      6367 |       6367 |                                                                                               sympy.polys.matrices._typing
import time:      8957 |      15323 |                                                                                             sympy.polys.matrices.dense
import time:      8900 |       8900 |                                                                                             sympy.polys.matrices.lll
import time:     17584 |      17584 |                                                                                             sympy.polys.matrices.sdm
import time:      9933 |       9933 |                                                                                             sympy.polys.matrices.dfm
import time:     10285 |      62022 |                                                                                           sympy.polys.matrices.ddm
import time:     14174 |      14174 |                                                                                           sympy.polys.matrices.rref
import time:     14454 |     104262 |                                                                                         sympy.polys.matrices.domainmatrix
import time:      9875 |     114136 |                                                                                       sympy.polys.matrices
import time:       214 |     114350 |                                                                                     sympy.polys.matrices.exceptions
import time:     10468 |      10468 |                                                                                       sympy.printing.numpy
import time:      8875 |      19342 |                                                                                     sympy.printing.lambdarepr
import time:      7577 |     141268 |                                                                                   sympy.polys.numberfields.utilities
import time:     12858 |      12858 |                                                                                       sympy.polys.matrices.normalforms
import time:      9826 |       9826 |                                                                                       sympy.polys.numberfields.exceptions
import time:     18071 |      40753 |                                                                                     sympy.polys.numberfields.modules
import time:     12263 |      53016 |                                                                                   sympy.polys.numberfields.basis
import time:      9010 |       9010 |                                                                                   sympy.polys.numberfields.primes
import time:      7976 |       7976 |                                                                                     sympy.polys.numberfields.galois_resolvents
import time:      8433 |      16409 |                                                                                   sympy.polys.numberfields.galoisgroups
import time:     13204 |     309219 |                                                                                 sympy.polys.numberfields
import time:      7466 |       7466 |                                                                                     sympy.matrices.exceptions
import time:      8844 |       8844 |                                                                                     sympy.matrices.kind
import time:      4806 |       4806 |                                                                                         sympy.matrices.utilities
import time:      8639 |       8639 |                                                                                         sympy.matrices.determinant
import time:      9656 |      23100 |                                                                                       sympy.matrices.decompositions
import time:      8931 |       8931 |                                                                                             sympy.tensor.indexed
import time:      6344 |       6344 |                                                                                             sympy.tensor.index_methods
import time:      4870 |       4870 |                                                                                             sympy.tensor.functions
import time:      8928 |       8928 |                                                                                                   sympy.tensor.array.ndim_array
import time:      7814 |      16741 |                                                                                                 sympy.tensor.array.mutable_ndim_array
import time:     25430 |      42171 |                                                                                               sympy.tensor.array.dense_ndim_array
import time:     12602 |      12602 |                                                                                               sympy.tensor.array.sparse_ndim_array
import time:      8086 |       8086 |                                                                                               sympy.tensor.array.arrayop
import time:      6386 |       6386 |                                                                                               sympy.tensor.array.array_comprehension
import time:      8816 |      78058 |                                                                                             sympy.tensor.array
import time:      7913 |     106114 |                                                                                           sympy.tensor
import time:       141 |     106255 |                                                                                         sympy.tensor.array
import time:      7367 |       7367 |                                                                                         sympy.matrices.reductions
import time:      8176 |       8176 |                                                                                                       sympy.polys.agca.ideals
import time:     10461 |      18636 |                                                                                                     sympy.polys.agca.modules
import time:     26310 |      44946 |                                                                                                   sympy.polys.agca.homomorphisms
import time:     13304 |      58249 |                                                                                                 sympy.polys.agca
import time:      7363 |      65612 |                                                                                               sympy.polys.agca.extensions
import time:      6716 |      72328 |                                                                                             sympy.polys.matrices.eigen
import time:     26570 |      98898 |                                                                                           sympy.matrices.eigen
import time:      6794 |     105692 |                                                                                         sympy.matrices.solvers
import time:      6393 |       6393 |                                                                                         sympy.matrices.inverse
import time:      4989 |       4989 |                                                                                         sympy.matrices.subspaces
import time:      6145 |       6145 |                                                                                         sympy.matrices.graph
import time:     21827 |     258664 |                                                                                       sympy.matrices.matrixbase
import time:      6816 |       6816 |                                                                                       sympy.matrices.repmatrix
import time:      7207 |     295786 |                                                                                     sympy.matrices.dense
import time:      6324 |       6324 |                                                                                     sympy.matrices.sparse
import time:      5514 |       5514 |                                                                                     sympy.matrices.sparsetools
import time:      8464 |       8464 |                                                                                                   sympy.strategies.util
import time:      8897 |      17360 |                                                                                                 sympy.strategies.rl
import time:      6995 |       6995 |                                                                                                   sympy.strategies.core
import time:      4407 |      11401 |                                                                                                 sympy.strategies.traverse
import time:      4531 |       4531 |                                                                                                 sympy.strategies.tools
import time:      6222 |       6222 |                                                                                                     sympy.strategies.branch.core
import time:     12486 |      18708 |                                                                                                   sympy.strategies.branch.traverse
import time:      9836 |       9836 |                                                                                                   sympy.strategies.branch.tools
import time:     14942 |      43485 |                                                                                                 sympy.strategies.branch
import time:     11558 |      88333 |                                                                                               sympy.strategies
import time:      6638 |       6638 |                                                                                               sympy.matrices.expressions._shape
import time:      7483 |       7483 |                                                                                                   sympy.matrices.expressions.special
import time:      7162 |      14645 |                                                                                                 sympy.matrices.expressions.matpow
import time:      6687 |      21332 |                                                                                               sympy.matrices.expressions.inverse
import time:      6309 |       6309 |                                                                                               sympy.matrices.expressions.transpose
import time:      7285 |       7285 |                                                                                               sympy.matrices.expressions.permutation
import time:      9370 |     139264 |                                                                                             sympy.matrices.expressions.matmul
import time:      7339 |       7339 |                                                                                             sympy.matrices.expressions.matadd
import time:      8407 |       8407 |                                                                                             sympy.matrices.expressions.determinant
import time:     17956 |     172965 |                                                                                           sympy.matrices.expressions.matexpr
import time:     14406 |     187371 |                                                                                         sympy.matrices.expressions.slice
import time:      7122 |       7122 |                                                                                           sympy.matrices.expressions.trace
import time:     10543 |      17665 |                                                                                         sympy.matrices.expressions.blockmatrix
import time:      8680 |       8680 |                                                                                         sympy.matrices.expressions.companion
import time:      6103 |       6103 |                                                                                         sympy.matrices.expressions.funcmatrix
import time:      9835 |       9835 |                                                                                         sympy.matrices.expressions.adjoint
import time:      8508 |       8508 |                                                                                         sympy.matrices.expressions.hadamard
import time:     10242 |      10242 |                                                                                         sympy.matrices.expressions.diagonal
import time:      7471 |       7471 |                                                                                         sympy.matrices.expressions.dotproduct
import time:     30554 |      30554 |                                                                                         sympy.matrices.expressions.kronecker
import time:      6367 |       6367 |                                                                                         sympy.matrices.expressions.sets
import time:     19042 |     311832 |                                                                                       sympy.matrices.expressions
import time:      7134 |     318965 |                                                                                     sympy.matrices.immutable
import time:      8702 |     651598 |                                                                                   sympy.matrices
import time:     15458 |     667055 |                                                                                 sympy.polys.partfrac
import time:      7455 |       7455 |                                                                                 sympy.polys.fields
import time:      7953 |    2670093 |                                                                               sympy.polys
import time:     10397 |      10397 |                                                                                 sympy.series.order
import time:      7653 |       7653 |                                                                                       sympy.calculus.euler
import time:      5407 |       5407 |                                                                                       sympy.calculus.singularities
import time:      4826 |       4826 |                                                                                       sympy.calculus.finite_diff
import time:      7986 |       7986 |                                                                                         sympy.calculus.accumulationbounds
import time:      7588 |      15574 |                                                                                       sympy.calculus.util
import time:      7711 |      41169 |                                                                                     sympy.calculus
import time:       218 |      41387 |                                                                                   sympy.calculus.accumulationbounds
import time:      7327 |       7327 |                                                                                   sympy.series.gruntz
import time:      8474 |      57186 |                                                                                 sympy.series.limits
import time:      4295 |       4295 |                                                                                 sympy.series.series
import time:      4738 |       4738 |                                                                                 sympy.series.approximants
import time:      5930 |       5930 |                                                                                 sympy.series.residues
import time:      9180 |       9180 |                                                                                 sympy.series.sequences
import time:      4971 |       4971 |                                                                                   sympy.series.series_class
import time:     25307 |      30277 |                                                                                 sympy.series.fourier
import time:     11359 |      11359 |                                                                                       sympy.discrete.transforms
import time:      7266 |       7266 |                                                                                       sympy.discrete.convolutions
import time:      7481 |      26105 |                                                                                     sympy.discrete
import time:       140 |      26244 |                                                                                   sympy.discrete.convolutions
import time:     11516 |      37760 |                                                                                 sympy.series.formal
import time:      5204 |       5204 |                                                                                 sympy.series.limitseq
import time:     10622 |     175585 |                                                                               sympy.series
import time:      7606 |       7606 |                                                                                     sympy.concrete.expr_with_limits
import time:     10358 |      17964 |                                                                                   sympy.concrete.expr_with_intlimits
import time:      5140 |       5140 |                                                                                     sympy.concrete.gosper
import time:      6570 |       6570 |                                                                                           sympy.integrals.rationaltools
import time:      6208 |       6208 |                                                                                           sympy.integrals.deltafunctions
import time:     15484 |      15484 |                                                                                           sympy.integrals.meijerint
import time:      5378 |       5378 |                                                                                           sympy.integrals.trigonometry
import time:     12927 |      46564 |                                                                                         sympy.integrals.integrals
import time:      7380 |       7380 |                                                                                                 sympy.polys.domainmatrix
import time:      5430 |      12810 |                                                                                               sympy.polys.solvers
import time:     18126 |      30935 |                                                                                             sympy.polys.matrices.linsolve
import time:     17688 |      48623 |                                                                                           sympy.integrals.laplace
import time:     10200 |      58822 |                                                                                         sympy.integrals.transforms
import time:      4778 |       4778 |                                                                                         sympy.integrals.singularityfunctions
import time:      8854 |     119017 |                                                                                       sympy.integrals
import time:       115 |     119132 |                                                                                     sympy.integrals.integrals
import time:     11521 |     135792 |                                                                                   sympy.concrete.summations
import time:      8420 |     162175 |                                                                                 sympy.concrete.products
import time:      6392 |     168566 |                                                                               sympy.concrete
import time:      8630 |       8630 |                                                                                     sympy.simplify.gammasimp
import time:      6370 |      15000 |                                                                                   sympy.simplify.combsimp
import time:      4976 |       4976 |                                                                                   sympy.simplify.cse_opts
import time:      7881 |       7881 |                                                                                     sympy.simplify.powsimp
import time:     15375 |      23255 |                                                                                   sympy.simplify.hyperexpand
import time:      7047 |       7047 |                                                                                     sympy.simplify.sqrtdenest
import time:      8045 |      15091 |                                                                                   sympy.simplify.radsimp
import time:      7612 |       7612 |                                                                                     sympy.simplify.cse_main
import time:      4314 |       4314 |                                                                                     sympy.strategies.tree
import time:      9367 |      21292 |                                                                                   sympy.simplify.trigsimp
import time:     14666 |      94278 |                                                                                 sympy.simplify.simplify
import time:     11836 |      11836 |                                                                                 sympy.simplify.fu
import time:     20615 |      20615 |                                                                                 sympy.simplify.epathtools
import time:      5369 |       5369 |                                                                                 sympy.simplify.ratsimp
import time:     10732 |     142827 |                                                                               sympy.simplify
import time:      7155 |       7155 |                                                                                   sympy.solvers.polysys
import time:      7094 |       7094 |                                                                                   sympy.solvers.bivariate
import time:     19897 |      34146 |                                                                                 sympy.solvers.solvers
import time:     31244 |      31244 |                                                                                     sympy.solvers.solveset
import time:     21210 |      52453 |                                                                                   sympy.solvers.diophantine.diophantine
import time:      8587 |      61040 |                                                                                 sympy.solvers.diophantine
import time:      8506 |       8506 |                                                                                 sympy.solvers.recurr
import time:     12571 |      12571 |                                                                                     sympy.solvers.deutils
import time:      8231 |       8231 |                                                                                       sympy.solvers.ode.riccati
import time:      8529 |       8529 |                                                                                       sympy.solvers.ode.hypergeometric
import time:      9492 |       9492 |                                                                                         sympy.solvers.ode.subscheck
import time:      8017 |      17508 |                                                                                       sympy.solvers.ode.nonhomogeneous
import time:      6470 |       6470 |                                                                                         sympy.solvers.pde
import time:     10853 |      17323 |                                                                                       sympy.solvers.ode.lie_group
import time:     15427 |      67016 |                                                                                     sympy.solvers.ode.single
import time:     25126 |     104712 |                                                                                   sympy.solvers.ode.ode
import time:     11761 |      11761 |                                                                                   sympy.solvers.ode.systems
import time:      9379 |     125851 |                                                                                 sympy.solvers.ode
import time:      9316 |       9316 |                                                                                 sympy.solvers.inequalities
import time:      5271 |       5271 |                                                                                 sympy.solvers.decompogen
import time:      8372 |       8372 |                                                                                 sympy.solvers.simplex
import time:      7815 |     260313 |                                                                               sympy.solvers
import time:      5621 |       5621 |                                                                                   sympy.geometry.exceptions
import time:     11026 |      11026 |                                                                                     sympy.sets.handlers.intersection
import time:      7066 |       7066 |                                                                                     sympy.sets.handlers.union
import time:      8571 |      26662 |                                                                                   sympy.geometry.entity
import time:     14085 |      46366 |                                                                                 sympy.geometry.point
import time:      7037 |       7037 |                                                                                   sympy.geometry.util
import time:     11220 |      18256 |                                                                                 sympy.geometry.line
import time:     14227 |      14227 |                                                                                 sympy.geometry.plane
import time:     10844 |      10844 |                                                                                   sympy.geometry.polygon
import time:      9986 |      20830 |                                                                                 sympy.geometry.ellipse
import time:      5836 |       5836 |                                                                                 sympy.geometry.curve
import time:      5126 |       5126 |                                                                                 sympy.geometry.parabola
import time:      7953 |     118593 |                                                                               sympy.geometry
import time:     11062 |      11062 |                                                                                 sympy.parsing.sympy_parser
import time:      6297 |      17358 |                                                                               sympy.parsing
import time:     10036 |      10036 |                                                                                 sympy.algebras.quaternion
import time:     18626 |      28661 |                                                                               sympy.algebras
import time:      8653 |       8653 |                                                                                     sympy.plotting.backends
import time:      6840 |       6840 |                                                                                       sympy.plotting.utils
import time:      5517 |       5517 |                                                                                           sympy.plotting.intervalmath.interval_membership
import time:     12823 |      18340 |                                                                                         sympy.plotting.intervalmath.interval_arithmetic
import time:     31486 |      31486 |                                                                                         sympy.plotting.intervalmath.lib_interval
import time:     10240 |      60064 |                                                                                       sympy.plotting.intervalmath
import time:     15148 |      82051 |                                                                                     sympy.plotting.series
import time:     12115 |     102818 |                                                                                   sympy.plotting.backends.base_backend
import time:     12371 |      12371 |                                                                                     sympy.plotting.backends.matplotlibbackend.matplotlib
import time:     11898 |      24269 |                                                                                   sympy.plotting.backends.matplotlibbackend
import time:      5597 |       5597 |                                                                                       sympy.plotting.textplot
import time:     12635 |      18232 |                                                                                     sympy.plotting.backends.textbackend.text
import time:     10290 |      28522 |                                                                                   sympy.plotting.backends.textbackend
import time:      5012 |       5012 |                                                                                   sympy.plotting.plotgrid
import time:      9441 |     170059 |                                                                                 sympy.plotting.plot
import time:      5093 |       5093 |                                                                                 sympy.plotting.plot_implicit
import time:     13309 |      13309 |                                                                                 sympy.plotting.pygletplot
import time:      8358 |     196818 |                                                                               sympy.plotting
import time:      8944 |       8944 |                                                                                 sympy.interactive.printing
import time:      5836 |       5836 |                                                                                 sympy.interactive.session
import time:      4595 |       4595 |                                                                                 sympy.interactive.traversal
import time:      6618 |      25992 |                                                                               sympy.interactive
import time:     13926 |    4950390 |                                                                             sympy
import time:      6572 |       6572 |                                                                             torch.utils._sympy.numbers
import time:     32415 |    5000049 |                                                                           torch.utils._sympy.functions
import time:      8217 |       8217 |                                                                           torch.utils._sympy.printers
import time:      6037 |       6037 |                                                                           torch.utils._sympy.singleton_int
import time:      5787 |       5787 |                                                                           torch.utils._sympy.solve
import time:      4895 |       4895 |                                                                           torch.utils._sympy.symbol
import time:      5785 |       5785 |                                                                             torch.utils._sympy.interp
import time:     11152 |      16936 |                                                                           torch.utils._sympy.value_ranges
import time:     45572 |    5130386 |                                                                         torch.fx.experimental.symbolic_shapes
import time:      4036 |       4036 |                                                                         torch._dynamo.metrics_context
import time:      3517 |       3517 |                                                                         torch.utils._triton
import time:     14243 |      14243 |                                                                               torch._numpy._casting_dicts
import time:      5068 |      19311 |                                                                             torch._numpy._dtypes_impl
import time:      8270 |       8270 |                                                                             torch._numpy._util
import time:      7167 |       7167 |                                                                               torch._numpy._dtypes
import time:      7590 |      14757 |                                                                             torch._numpy._normalizations
import time:      6256 |      48592 |                                                                           torch._numpy.fft
import time:      5655 |       5655 |                                                                           torch._numpy.linalg
import time:      5511 |       5511 |                                                                           torch._numpy.random
import time:     14800 |      14800 |                                                                             torch._numpy._funcs_impl
import time:      7718 |       7718 |                                                                             torch._numpy._reductions_impl
import time:      6490 |      29007 |                                                                           torch._numpy._funcs
import time:      4573 |       4573 |                                                                           torch._numpy._getlimits
import time:      4636 |       4636 |                                                                               torch._numpy._binary_ufuncs_impl
import time:      3228 |       3228 |                                                                               torch._numpy._unary_ufuncs_impl
import time:      6607 |      14471 |                                                                             torch._numpy._ufuncs
import time:      8119 |      22589 |                                                                           torch._numpy._ndarray
import time:      7809 |     123732 |                                                                         torch._numpy
import time:      6960 |       6960 |                                                                                         triton.backends.driver
import time:      7444 |       7444 |                                                                                         triton.backends.compiler
import time:      6562 |       6562 |                                                                                           triton._C
import time:    236769 |     243330 |                                                                                         triton._C.libtriton
import time:      9190 |       9190 |                                                                                                     jaraco
import time:     15369 |      15369 |                                                                                                         more_itertools.recipes
import time:     24891 |      40259 |                                                                                                       more_itertools.more
import time:     12474 |      52733 |                                                                                                     more_itertools
import time:     21020 |      82942 |                                                                                                   jaraco.functools
import time:      8251 |       8251 |                                                                                                     distutils.compat
import time:     10963 |      19213 |                                                                                                   distutils.compat.py39
import time:      7402 |       7402 |                                                                                                         distutils.compilers
import time:     30552 |      37954 |                                                                                                       distutils.compilers.C
import time:     15617 |      53570 |                                                                                                     distutils.compilers.C.errors
import time:      4827 |      58397 |                                                                                                   distutils.errors
import time:      9251 |     169802 |                                                                                                 distutils._modified
import time:      6274 |       6274 |                                                                                                   distutils._log
import time:      6505 |       6505 |                                                                                                     distutils.file_util
import time:      7017 |      13522 |                                                                                                   distutils.dir_util
import time:      6016 |       6016 |                                                                                                     distutils.debug
import time:      6740 |      12756 |                                                                                                   distutils.spawn
import time:      7484 |      40034 |                                                                                                 distutils.archive_util
import time:      7434 |       7434 |                                                                                                 distutils.util
import time:     12470 |     229739 |                                                                                               distutils.cmd
import time:       736 |        736 |                                                                                                   getopt
import time:      7182 |       7918 |                                                                                                 distutils.fancy_getopt
import time:     10056 |      17973 |                                                                                               distutils.dist
import time:      6590 |       6590 |                                                                                               distutils.extension
import time:     73780 |     328081 |                                                                                             _distutils_hack.override
import time:      6758 |       6758 |                                                                                                 distutils.filelist
import time:      3835 |      10593 |                                                                                               setuptools.monkey
import time:      6705 |       6705 |                                                                                               distutils.log
import time:      6246 |      23543 |                                                                                             setuptools.logging
import time:     19103 |      19103 |                                                                                               setuptools._imp
import time:      4550 |      23652 |                                                                                             setuptools.depends
import time:      8681 |       8681 |                                                                                               setuptools._path
import time:     27041 |      35721 |                                                                                             setuptools.discovery
import time:     20427 |      20427 |                                                                                                     backports
import time:     35696 |      35696 |                                                                                                         backports.tarfile.compat
import time:     16723 |      52419 |                                                                                                       backports.tarfile.compat.py38
import time:     28574 |      80992 |                                                                                                     backports.tarfile
import time:     10951 |     112369 |                                                                                                   jaraco.context
import time:       615 |        615 |                                                                                                       importlib.resources._itertools
import time:       399 |       1013 |                                                                                                     importlib.resources.readers
import time:       255 |       1268 |                                                                                                   importlib.readers
import time:     20869 |     134505 |                                                                                                 jaraco.text
import time:      6992 |       6992 |                                                                                                 setuptools._importlib
import time:      3198 |       3198 |                                                                                                 setuptools._itertools
import time:      3517 |       3517 |                                                                                                 setuptools.errors
import time:     13483 |     161694 |                                                                                               setuptools._entry_points
import time:      4808 |       4808 |                                                                                               setuptools._reqs
import time:     15777 |      15777 |                                                                                                 setuptools.warnings
import time:      7910 |      23687 |                                                                                               setuptools._static
import time:     10087 |      10087 |                                                                                                   distutils.command
import time:      9827 |      19914 |                                                                                                 distutils.command.bdist
import time:      8748 |      28662 |                                                                                               setuptools.command
import time:     11626 |      11626 |                                                                                                   packaging.licenses._spdx
import time:      7827 |      19453 |                                                                                                 packaging.licenses
import time:      3951 |      23403 |                                                                                               setuptools._normalization
import time:      3328 |       3328 |                                                                                                     configparser
import time:     13848 |      17175 |                                                                                                   setuptools.config.expand
import time:     11209 |      28384 |                                                                                                 setuptools.config.setupcfg
import time:      7489 |      35872 |                                                                                               setuptools.config
import time:      1483 |       1483 |                                                                                                     email._header_value_parser
import time:       857 |       2339 |                                                                                                   email.headerregistry
import time:      6543 |       6543 |                                                                                                   setuptools.extension
import time:     25223 |      34104 |                                                                                                 setuptools.config._apply_pyprojecttoml
import time:      7527 |      41630 |                                                                                               setuptools.config.pyprojecttoml
import time:      9639 |     329392 |                                                                                             setuptools.dist
import time:      8298 |       8298 |                                                                                             setuptools.version
import time:      8205 |       8205 |                                                                                             setuptools._core_metadata
import time:     29446 |     786336 |                                                                                           setuptools
import time:      4196 |     790532 |                                                                                         triton.runtime.build
import time:      7215 |       7215 |                                                                                         triton.runtime.cache
import time:     52621 |    1108100 |                                                                                       triton.backends
import time:      6316 |    1114415 |                                                                                     triton.runtime.driver
import time:     10511 |    1124925 |                                                                                   triton.runtime.jit
import time:      2499 |       2499 |                                                                                     triton.errors
import time:      5144 |       7643 |                                                                                   triton.runtime.errors
import time:      8767 |    1141333 |                                                                                 triton.runtime.autotuner
import time:      9154 |    1150487 |                                                                               triton.runtime
import time:      5670 |       5670 |                                                                                     triton.tools
import time:      8012 |      13681 |                                                                                   triton.tools.disasm
import time:     15320 |      15320 |                                                                                           triton.language.semantic
import time:      6375 |       6375 |                                                                                           triton.language._utils
import time:     28940 |      50634 |                                                                                         triton.language.core
import time:     12230 |      62864 |                                                                                       triton.language.math
import time:     25438 |      25438 |                                                                                           triton.language.extra.cuda.libdevice
import time:     13352 |      13352 |                                                                                           triton.language.extra.cuda.utils
import time:     11496 |      11496 |                                                                                           triton.language.extra.cuda._experimental_tma
import time:     15824 |      66108 |                                                                                         triton.language.extra.cuda
import time:     22560 |      22560 |                                                                                           triton.language.extra.hip.libdevice
import time:     15981 |      38541 |                                                                                         triton.language.extra.hip
import time:     60532 |     165180 |                                                                                       triton.language.extra
import time:    135183 |     135183 |                                                                                       triton.language.standard
import time:     46072 |      46072 |                                                                                       triton.language.random
import time:     12229 |     421527 |                                                                                     triton.language
import time:      4442 |       4442 |                                                                                     triton.compiler.errors
import time:     15718 |     441686 |                                                                                   triton.compiler.code_generator
import time:      9837 |     465203 |                                                                                 triton.compiler.compiler
import time:      5391 |     470594 |                                                                               triton.compiler
import time:      4864 |       4864 |                                                                               triton.testing
import time:      6924 |    1632866 |                                                                             triton
import time:       139 |    1633005 |                                                                           triton.compiler
import time:       134 |    1633139 |                                                                         triton.compiler.compiler
import time:     24331 |    6968380 |                                                                       torch._dynamo.utils
import time:      7255 |    6975635 |                                                                     torch._dynamo.exc
import time:      4620 |       4620 |                                                                     torch._dynamo.logging
import time:      7509 |       7509 |                                                                       torch._inductor.test_operators
import time:      7790 |       7790 |                                                                           torch._dynamo.bytecode_analysis
import time:     11430 |      19219 |                                                                         torch._dynamo.bytecode_transformation
import time:      7934 |      27153 |                                                                       torch._dynamo.resume_execution
import time:      3860 |       3860 |                                                                           torch._dynamo.current_scope_id
import time:      5286 |       5286 |                                                                             torch.utils._device
import time:     18892 |      18892 |                                                                             torch._dynamo.source
import time:      4518 |       4518 |                                                                             torch._dynamo.mutation_guard
import time:     34860 |      34860 |                                                                                 torch._functorch._aot_autograd.functional_utils
import time:      7343 |       7343 |                                                                                   torch.testing._internal
import time:      8145 |      15488 |                                                                                 torch.testing._internal.logging_tensor
import time:      8626 |      58972 |                                                                               torch.utils.checkpoint
import time:      3759 |       3759 |                                                                               torch._dynamo.external_utils
import time:      8516 |       8516 |                                                                                 torch._dynamo.backends
import time:      8666 |      17182 |                                                                               torch._dynamo.backends.registry
import time:      6870 |       6870 |                                                                               torch._dynamo.code_context
import time:      4472 |       4472 |                                                                                 torch._dynamo.types
import time:      3614 |       8085 |                                                                               torch._dynamo.hooks
import time:     12181 |     107046 |                                                                             torch._dynamo.eval_frame
import time:     17248 |     152988 |                                                                           torch._dynamo.guards
import time:     12454 |     169302 |                                                                         torch._dynamo.variables.base
import time:      6744 |       6744 |                                                                           torch._dynamo.replay_record
import time:      5464 |       5464 |                                                                           torch._dynamo.variables.constant
import time:      7080 |       7080 |                                                                             torch._dynamo.device_interface
import time:      6854 |       6854 |                                                                               torch._dynamo.polyfills
import time:      3479 |       3479 |                                                                                       torch.distributed._composable_state
import time:      8937 |       8937 |                                                                                         torch.distributed.algorithms._checkpoint
import time:      9313 |      18250 |                                                                                       torch.distributed.algorithms._checkpoint.checkpoint_wrapper
import time:      7936 |       7936 |                                                                                       torch.distributed.fsdp.api
import time:      8498 |      38161 |                                                                                     torch.distributed.fsdp._common_utils
import time:      9371 |       9371 |                                                                                       torch.testing._internal.distributed
import time:      9165 |      18535 |                                                                                     torch.testing._internal.distributed.fake_pg
import time:      6104 |       6104 |                                                                                                   torch.distributed._shard.common_op_utils
import time:      4561 |      10665 |                                                                                                 torch.distributed._shard.op_registry_utils
import time:      7114 |       7114 |                                                                                                     torch.distributed._shard.metadata
import time:      8576 |       8576 |                                                                                                       torch.distributed._shard.sharded_tensor.metadata
import time:      9308 |       9308 |                                                                                                       torch.distributed._shard.sharding_spec._internals
import time:     13586 |      31468 |                                                                                                     torch.distributed._shard.sharding_spec.api
import time:      6284 |       6284 |                                                                                                       torch.distributed._shard._utils
import time:      8153 |       8153 |                                                                                                       torch.distributed._shard.sharded_tensor.shard
import time:      8834 |       8834 |                                                                                                       torch.distributed._shard.sharded_tensor.utils
import time:      9357 |      32627 |                                                                                                     torch.distributed._shard.sharding_spec.chunk_sharding_spec
import time:     44961 |     116169 |                                                                                                   torch.distributed._shard.sharding_spec
import time:     13042 |      13042 |                                                                                                         torch.distributed.nn.functional
import time:      8109 |       8109 |                                                                                                           torch.distributed.nn.api
import time:     14523 |      14523 |                                                                                                           torch.distributed.nn.jit
import time:     16274 |      16274 |                                                                                                               torch.distributed.nn.jit.templates
import time:     17203 |      33477 |                                                                                                             torch.distributed.nn.jit.templates.remote_module_template
import time:     18753 |      52230 |                                                                                                           torch.distributed.nn.jit.instantiator
import time:     25776 |     100637 |                                                                                                         torch.distributed.nn.api.remote_module
import time:      8892 |     122570 |                                                                                                       torch.distributed.nn
import time:       189 |     122759 |                                                                                                     torch.distributed.nn.functional
import time:      9229 |     131988 |                                                                                                   torch.distributed._shard.sharded_tensor.reshard
import time:     13440 |     261595 |                                                                                                 torch.distributed._shard.sharded_tensor.api
import time:     14936 |      14936 |                                                                                                   torch.distributed._shard.sharded_tensor._ops.misc_ops
import time:     13743 |      13743 |                                                                                                     torch.distributed._shard.sharded_tensor._ops._common
import time:     18721 |      32464 |                                                                                                   torch.distributed._shard.sharded_tensor._ops.tensor_ops
import time:     17371 |      17371 |                                                                                                     torch.distributed._shard.sharding_spec.chunk_sharding_spec_ops
import time:      9150 |       9150 |                                                                                                     torch.distributed._shard.sharding_spec.chunk_sharding_spec_ops._common
import time:     14715 |      41235 |                                                                                                   torch.distributed._shard.sharding_spec.chunk_sharding_spec_ops.embedding
import time:      9257 |       9257 |                                                                                                   torch.distributed._shard.sharding_spec.chunk_sharding_spec_ops.embedding_bag
import time:      7053 |       7053 |                                                                                                   torch.distributed._shard.sharded_tensor._ops.binary_cmp
import time:      9794 |       9794 |                                                                                                   torch.distributed._shard.sharded_tensor._ops.init
import time:     20199 |     134935 |                                                                                                 torch.distributed._shard.sharded_tensor._ops
import time:     27740 |     434933 |                                                                                               torch.distributed._shard.sharded_tensor
import time:      5465 |       5465 |                                                                                               torch.distributed._shard.sharder
import time:      9189 |       9189 |                                                                                                 torch.distributed._shard.sharding_plan.api
import time:     10437 |      19625 |                                                                                               torch.distributed._shard.sharding_plan
import time:     10996 |     471018 |                                                                                             torch.distributed._shard.api
import time:      7438 |     478456 |                                                                                           torch.distributed._shard
import time:       120 |     478575 |                                                                                         torch.distributed._shard.sharded_tensor
import time:       136 |     478710 |                                                                                       torch.distributed._shard.sharded_tensor.api
import time:      9428 |       9428 |                                                                                                     torch.distributed._functional_collectives_impl
import time:      1783 |       1783 |                                                                                                       optree
import time:      9341 |      11123 |                                                                                                     torch.utils._cxx_pytree
import time:     32913 |      53463 |                                                                                                   torch.distributed._functional_collectives
import time:   4593740 |    4593740 |                                                                                                   torch.distributed.tensor._collective_utils
import time:     10857 |    4658058 |                                                                                                 torch.distributed.tensor.placement_types
import time:      7335 |    4665393 |                                                                                               torch.distributed.tensor._dtensor_spec
import time:      2593 |       2593 |                                                                                                   optree
import time:     11391 |      13984 |                                                                                                 torch.utils._cxx_pytree
import time:     13617 |      27601 |                                                                                               torch.distributed.tensor._op_schema
import time:      9771 |       9771 |                                                                                                     torch.distributed.tensor._random
import time:      7668 |       7668 |                                                                                                       torch.distributed.tensor.device_mesh
import time:     13179 |      20847 |                                                                                                     torch.distributed.tensor._redistribute
import time:      7912 |       7912 |                                                                                                       torch.distributed.tensor._utils
import time:      8229 |      16141 |                                                                                                     torch.distributed.tensor._sharding_prop
import time:      7383 |       7383 |                                                                                                     torch.distributed.tensor._tp_conv
import time:      1897 |       1897 |                                                                                                       optree
import time:      6765 |       8661 |                                                                                                     torch.utils._cxx_pytree
import time:     13151 |      75952 |                                                                                                   torch.distributed.tensor._dispatch
import time:     15194 |      91145 |                                                                                                 torch.distributed.tensor._api
import time:     14007 |     105152 |                                                                                               torch.distributed.tensor._ops.utils
import time:     14156 |    4812300 |                                                                                             torch.distributed.tensor._ops._conv_ops
import time:      9259 |       9259 |                                                                                             torch.distributed.tensor._ops._embedding_ops
import time:      8263 |       8263 |                                                                                             torch.distributed.tensor._ops._experimental_ops
import time:     12641 |      12641 |                                                                                             torch.distributed.tensor._ops._math_ops
import time:      9810 |       9810 |                                                                                               torch.distributed.tensor._ops._einsum_strategy
import time:      9347 |      19156 |                                                                                             torch.distributed.tensor._ops._matrix_ops
import time:     12564 |      12564 |                                                                                             torch.distributed.tensor._ops._pointwise_ops
import time:      8124 |       8124 |                                                                                             torch.distributed.tensor._ops._random_ops
import time:      7412 |       7412 |                                                                                               torch.distributed.tensor._ops._common_rules
import time:     11769 |      19181 |                                                                                             torch.distributed.tensor._ops._tensor_ops
import time:     10118 |      10118 |                                                                                             torch.distributed.tensor._ops._view_ops
import time:     14074 |    4925675 |                                                                                           torch.distributed.tensor._ops
import time:      8201 |    4933876 |                                                                                         torch.distributed.tensor
import time:      7175 |    4941050 |                                                                                       torch.distributed.fsdp._shard_utils
import time:     27282 |    5447041 |                                                                                     torch.distributed.fsdp._fsdp_extensions
import time:     27621 |    5531357 |                                                                                   torch.distributed.fsdp._flat_param
import time:     16917 |      16917 |                                                                                     torch.distributed.fsdp._fully_shard._fsdp_api
import time:      4934 |       4934 |                                                                                           torch.distributed._composable.contract
import time:      8876 |      13809 |                                                                                         torch.distributed._composable.checkpoint_activation
import time:      6839 |       6839 |                                                                                         torch.distributed._composable.replicate
import time:      8803 |      29450 |                                                                                       torch.distributed._composable
import time:      7386 |       7386 |                                                                                       torch.distributed.fsdp._fully_shard._fsdp_common
import time:     17823 |      17823 |                                                                                               torch.distributed.fsdp._fully_shard._fsdp_param
import time:     13368 |      31191 |                                                                                             torch.distributed.fsdp._fully_shard._fsdp_collectives
import time:     10759 |      41950 |                                                                                           torch.distributed.fsdp._fully_shard._fsdp_param_group
import time:      8126 |      50075 |                                                                                         torch.distributed.fsdp._fully_shard._fsdp_state
import time:      7959 |      58033 |                                                                                       torch.distributed.fsdp._fully_shard._fsdp_init
import time:     13432 |     108298 |                                                                                     torch.distributed.fsdp._fully_shard._fully_shard
import time:      7698 |     132912 |                                                                                   torch.distributed.fsdp._fully_shard
import time:      4957 |       4957 |                                                                                     torch.distributed.fsdp._traversal_utils
import time:     11355 |      11355 |                                                                                       torch.distributed.algorithms._comm_hooks.default_hooks
import time:     12115 |      23469 |                                                                                     torch.distributed.algorithms._comm_hooks
import time:      5784 |       5784 |                                                                                     torch.distributed.fsdp._dynamo_utils
import time:      5379 |       5379 |                                                                                       torch.distributed.fsdp._exec_order_utils
import time:      5133 |       5133 |                                                                                       torch.distributed.fsdp._limiter_utils
import time:      6063 |       6063 |                                                                                       torch.distributed.fsdp.wrap
import time:     12696 |      12696 |                                                                                             torch.distributed.tensor.parallel._utils
import time:     73059 |      73059 |                                                                                             torch.distributed.tensor.parallel.style
import time:      9962 |      95716 |                                                                                           torch.distributed.tensor.parallel.api
import time:      7583 |       7583 |                                                                                           torch.distributed.tensor.parallel.loss
import time:     11166 |     114465 |                                                                                         torch.distributed.tensor.parallel
import time:      6261 |       6261 |                                                                                         torch.distributed.tensor.parallel._data_parallel_utils
import time:      7022 |     127747 |                                                                                       torch.distributed.tensor.parallel.fsdp
import time:      1175 |       1175 |                                                                                       torchdistx
import time:     10342 |     155837 |                                                                                     torch.distributed.fsdp._init_utils
import time:      9020 |       9020 |                                                                                     torch.distributed.fsdp._runtime_utils
import time:      5484 |       5484 |                                                                                     torch.distributed.fsdp._wrap_utils
import time:      6323 |       6323 |                                                                                       torch.distributed._state_dict_utils
import time:      4886 |       4886 |                                                                                       torch.distributed.fsdp._debug_utils
import time:     12749 |      23958 |                                                                                     torch.distributed.fsdp._optim_utils
import time:      5615 |       5615 |                                                                                       torch.distributed.fsdp._unshard_param_utils
import time:      8401 |      14016 |                                                                                     torch.distributed.fsdp._state_dict_utils
import time:     29339 |     271860 |                                                                                   torch.distributed.fsdp.fully_sharded_data_parallel
import time:     20682 |    5956809 |                                                                                 torch.distributed.fsdp
import time:       138 |    5956946 |                                                                               torch.distributed.fsdp._fully_shard
import time:     12057 |      12057 |                                                                               torch._higher_order_ops.triton_kernel_wrap
import time:     25886 |    6001742 |                                                                             torch._dynamo.variables.functions
import time:      5751 |       5751 |                                                                               torch._dynamo.create_parameter_op
import time:      9773 |       9773 |                                                                               torch._dynamo.variables.dicts
import time:      1343 |       1343 |                                                                                 optree
import time:      5980 |       7322 |                                                                               torch.utils._cxx_pytree
import time:     13257 |      36101 |                                                                             torch._dynamo.variables.user_defined
import time:     10323 |    6055244 |                                                                           torch._dynamo.variables.ctx_manager
import time:      6914 |       6914 |                                                                             torch._dynamo.variables.iter
import time:     11082 |      17996 |                                                                           torch._dynamo.variables.lists
import time:      8337 |       8337 |                                                                             torch._dynamo.compiled_autograd
import time:    360228 |     360228 |                                                                             torch._dynamo._trace_wrapped_higher_order_op
import time:     15384 |     383948 |                                                                           torch._dynamo.variables.tensor
import time:     15934 |    6485328 |                                                                         torch._dynamo.variables.builtin
import time:      8838 |       8838 |                                                                         torch._dynamo.variables.distributed
import time:      6831 |       6831 |                                                                           torch._dynamo.variables.lazy
import time:     17015 |      23845 |                                                                         torch._dynamo.variables.higher_order_ops
import time:      8762 |       8762 |                                                                           torch._dynamo.variables.nn_module
import time:     12889 |      21651 |                                                                         torch._dynamo.variables.misc
import time:      7594 |       7594 |                                                                         torch._dynamo.variables.optimizer
import time:      4292 |       4292 |                                                                         torch._dynamo.variables.sdpa
import time:     59931 |      59931 |                                                                             torch._dynamo.variables.torch_function
import time:      6086 |      66016 |                                                                           torch._dynamo.codegen
import time:      9824 |      75840 |                                                                         torch._dynamo.variables.torch
import time:      7907 |    6804593 |                                                                       torch._dynamo.variables
import time:     56848 |    6896101 |                                                                     torch._dynamo.trace_rules
import time:      3997 |       3997 |                                                                     torch._dynamo.funcname_cache
import time:     11344 |      11344 |                                                                         torch._dynamo.graph_region_tracker
import time:      6933 |      18276 |                                                                       torch._dynamo.graph_deduplication
import time:     15087 |      15087 |                                                                       torch._dynamo.side_effects
import time:     13325 |      13325 |                                                                           torch.compiler.config
import time:     12365 |      25689 |                                                                         torch._dynamo.pgo
import time:      7321 |       7321 |                                                                         torch._dynamo.variables.script_object
import time:     25899 |      58908 |                                                                       torch._dynamo.variables.builder
import time:     16453 |     108723 |                                                                     torch._dynamo.output_graph
import time:     27530 |   14016604 |                                                                   torch._dynamo.symbolic_convert
import time:     13753 |      13753 |                                                                   torch._dynamo.cache_size
import time:     14746 |   14085528 |                                                                 torch._dynamo.convert_frame
import time:      7301 |       7301 |                                                                 torch._dynamo.callback
import time:      6090 |       6090 |                                                                   torch._dynamo.comptime
import time:      7752 |      13842 |                                                                 torch._dynamo.decorators
import time:      7776 |       7776 |                                                                   torch._functorch.make_functional
import time:      7590 |       7590 |                                                                     torch._decomp.decompositions_for_rng
import time:      6007 |       6007 |                                                                             torch._inductor.runtime
import time:      9577 |      15584 |                                                                           torch._inductor.runtime.hints
import time:      6872 |       6872 |                                                                           torch.fx.passes.graph_transform_observer
import time:      7644 |       7644 |                                                                             torch._inductor.runtime.cache_dir_utils
import time:      4955 |       4955 |                                                                                   colorama.ansi
import time:      2064 |       2064 |                                                                                     msvcrt
import time:      5686 |       5686 |                                                                                     colorama.win32
import time:      9204 |      16953 |                                                                                   colorama.winterm
import time:      8637 |      30544 |                                                                                 colorama.ansitowin32
import time:      7594 |      38138 |                                                                               colorama.initialise
import time:      5951 |      44089 |                                                                             colorama
import time:      7638 |      59370 |                                                                           torch._inductor.runtime.runtime_utils
import time:     13764 |      95589 |                                                                         torch._inductor.utils
import time:      6993 |     102582 |                                                                       torch._inductor.cudagraph_utils
import time:      1777 |       1777 |                                                                           redis
import time:      7334 |       9111 |                                                                         torch._inductor.remote_cache
import time:     10583 |      19693 |                                                                       torch._inductor.runtime.autotune_cache
import time:     10517 |     132790 |                                                                     torch._inductor.output_code
import time:      1258 |       1258 |                                                                         shlex
import time:      5332 |       5332 |                                                                         torch._inductor.exc
import time:     11538 |      11538 |                                                                         torch._inductor.metrics
import time:      6796 |       6796 |                                                                           torch._inductor.codegen
import time:     11864 |      18660 |                                                                         torch._inductor.codegen.cuda
import time:     30144 |      30144 |                                                                         torch._inductor.codegen.cuda.cuda_env
import time:      8645 |       8645 |                                                                           torch._inductor.codegen.rocm
import time:      9902 |      18547 |                                                                         torch._inductor.codegen.rocm.compile_command
import time:      7098 |       7098 |                                                                         torch._inductor.triton_bundler
import time:      7412 |       7412 |                                                                           torch._inductor.cpu_vec_isa
import time:      9424 |      16836 |                                                                         torch._inductor.cpp_builder
import time:      5222 |       5222 |                                                                         torch._inductor.runtime.compile_tasks
import time:     21710 |     136340 |                                                                       torch._inductor.codecache
import time:     15763 |      15763 |                                                                           torch._functorch._aot_autograd.schemas
import time:     41046 |      41046 |                                                                           torch._functorch._aot_autograd.subclass_utils
import time:     12098 |      68907 |                                                                         torch._functorch._aot_autograd.collect_metadata_analysis
import time:     10363 |      10363 |                                                                         torch._functorch._aot_autograd.input_output_analysis
import time:      7930 |       7930 |                                                                         torch._functorch._aot_autograd.logging_utils
import time:      8863 |       8863 |                                                                         torch._functorch._aot_autograd.traced_function_transforms
import time:     14415 |     110477 |                                                                       torch._functorch._aot_autograd.runtime_wrappers
import time:     11248 |     258064 |                                                                     torch._functorch._aot_autograd.autograd_cache
import time:      9387 |       9387 |                                                                         torch.utils._sympy.reference
import time:      8294 |      17680 |                                                                       torch.fx.passes._tensorify_python_scalars
import time:      6931 |       6931 |                                                                       torch._functorch._aot_autograd.dispatch_and_compile_graph
import time:      9796 |      34405 |                                                                     torch._functorch._aot_autograd.jit_compile_runtime_wrappers
import time:     61242 |      61242 |                                                                       torch._inductor.inductor_prims
import time:      6912 |       6912 |                                                                         torch._functorch._activation_checkpointing
import time:     21381 |      28293 |                                                                       torch._functorch._activation_checkpointing.knapsack
import time:      7630 |       7630 |                                                                       torch._functorch.compile_utils
import time:     13170 |     110333 |                                                                     torch._functorch.partitioners
import time:      9035 |     552216 |                                                                   torch._functorch.aot_autograd
import time:    229963 |     789953 |                                                                 torch._dynamo.polyfills.loader
import time:     18278 |   14914900 |                                                               torch._dynamo
import time:       148 |   14915047 |                                                             torch._dynamo.utils
import time:      4237 |   14919284 |                                                           torchvision.ops.roi_align
import time:      4132 |   14923415 |                                                         torchvision.ops.poolers
import time:      6310 |       6310 |                                                         torchvision.ops.ps_roi_align
import time:     13929 |      13929 |                                                         torchvision.ops.ps_roi_pool
import time:      5742 |       5742 |                                                         torchvision.ops.roi_pool
import time:      5749 |       5749 |                                                         torchvision.ops.stochastic_depth
import time:      9455 |   16481866 |                                                       torchvision.ops
import time:       162 |   16482027 |                                                     torchvision.ops.misc
import time:      5206 |   16487233 |                                                   torchvision.models.convnext
import time:     15536 |      15536 |                                                   torchvision.models.densenet
import time:      8826 |       8826 |                                                   torchvision.models.efficientnet
import time:      4831 |       4831 |                                                   torchvision.models.googlenet
import time:      5452 |       5452 |                                                   torchvision.models.inception
import time:      5676 |       5676 |                                                   torchvision.models.mnasnet
import time:      4321 |       4321 |                                                     torchvision.models.mobilenetv2
import time:      7816 |       7816 |                                                     torchvision.models.mobilenetv3
import time:      3699 |      15835 |                                                   torchvision.models.mobilenet
import time:      9183 |       9183 |                                                   torchvision.models.regnet
import time:      6878 |       6878 |                                                   torchvision.models.resnet
import time:      4474 |       4474 |                                                   torchvision.models.shufflenetv2
import time:      5970 |       5970 |                                                   torchvision.models.squeezenet
import time:      6584 |       6584 |                                                   torchvision.models.vgg
import time:      6969 |       6969 |                                                   torchvision.models.vision_transformer
import time:      7441 |       7441 |                                                   torchvision.models.swin_transformer
import time:      8975 |       8975 |                                                   torchvision.models.maxvit
import time:      6762 |       6762 |                                                       torchvision.models.detection._utils
import time:      5295 |       5295 |                                                         torchvision.models.detection.image_list
import time:      7501 |      12796 |                                                       torchvision.models.detection.anchor_utils
import time:      5580 |       5580 |                                                       torchvision.models.detection.backbone_utils
import time:      6465 |       6465 |                                                       torchvision.models.detection.generalized_rcnn
import time:      8282 |       8282 |                                                       torchvision.models.detection.roi_heads
import time:      7060 |       7060 |                                                       torchvision.models.detection.rpn
import time:      5892 |       5892 |                                                       torchvision.models.detection.transform
import time:     11505 |      64338 |                                                     torchvision.models.detection.faster_rcnn
import time:     29088 |      29088 |                                                     torchvision.models.detection.fcos
import time:      7115 |       7115 |                                                     torchvision.models.detection.keypoint_rcnn
import time:      5758 |       5758 |                                                     torchvision.models.detection.mask_rcnn
import time:     13475 |      13475 |                                                     torchvision.models.detection.retinanet
import time:      8070 |       8070 |                                                     torchvision.models.detection.ssd
import time:     10481 |      10481 |                                                     torchvision.models.detection.ssdlite
import time:      7654 |     145975 |                                                   torchvision.models.detection
import time:      5982 |       5982 |                                                       torchvision.models.optical_flow._utils
import time:     13245 |      19227 |                                                     torchvision.models.optical_flow.raft
import time:     10760 |      29986 |                                                   torchvision.models.optical_flow
import time:      6679 |       6679 |                                                       torchvision.models.quantization.utils
import time:     10128 |      16807 |                                                     torchvision.models.quantization.googlenet
import time:      8320 |       8320 |                                                     torchvision.models.quantization.inception
import time:      8057 |       8057 |                                                       torchvision.models.quantization.mobilenetv2
import time:      6033 |       6033 |                                                       torchvision.models.quantization.mobilenetv3
import time:      7722 |      21811 |                                                     torchvision.models.quantization.mobilenet
import time:      7270 |       7270 |                                                     torchvision.models.quantization.resnet
import time:      6308 |       6308 |                                                     torchvision.models.quantization.shufflenetv2
import time:     11977 |      72489 |                                                   torchvision.models.quantization
import time:      9117 |       9117 |                                                       torchvision.models.segmentation._utils
import time:      5082 |       5082 |                                                       torchvision.models.segmentation.fcn
import time:      8564 |      22761 |                                                     torchvision.models.segmentation.deeplabv3
import time:      7509 |       7509 |                                                     torchvision.models.segmentation.lraspp
import time:      8494 |      38763 |                                                   torchvision.models.segmentation
import time:     12445 |      12445 |                                                     torchvision.models.video.mvit
import time:      7827 |       7827 |                                                     torchvision.models.video.resnet
import time:      6404 |       6404 |                                                     torchvision.models.video.s3d
import time:      7666 |       7666 |                                                     torchvision.models.video.swin_transformer
import time:      9001 |      43340 |                                                   torchvision.models.video
import time:     48491 |   17036209 |                                                 torchvision.models
import time:      5899 |       5899 |                                                 torchvision.version
import time:      5367 |       5367 |                                                   transformers.dependency_versions_table
import time:      8186 |       8186 |                                                       huggingface_hub
import time:     14865 |      14865 |                                                           urllib3.exceptions
import time:      5189 |       5189 |                                                                   urllib3.util.timeout
import time:      9745 |      14933 |                                                                 urllib3.util.connection
import time:      5586 |       5586 |                                                                   urllib3.util.util
import time:      2003 |       2003 |                                                                   brotlicffi
import time:      1857 |       1857 |                                                                   brotli
import time:      1747 |       1747 |                                                                   compression
import time:      1701 |       1701 |                                                                   zstandard
import time:      6070 |      18962 |                                                                 urllib3.util.request
import time:      5397 |       5397 |                                                                 urllib3.util.response
import time:      6607 |       6607 |                                                                 urllib3.util.retry
import time:     10569 |      10569 |                                                                   urllib3.util.url
import time:      6710 |       6710 |                                                                   urllib3.util.ssltransport
import time:      7246 |      24524 |                                                                 urllib3.util.ssl_
import time:      5166 |       5166 |                                                                 urllib3.util.wait
import time:     12106 |      87693 |                                                               urllib3.util
import time:       144 |      87836 |                                                             urllib3.util.connection
import time:      6276 |      94112 |                                                           urllib3._base_connection
import time:      6463 |       6463 |                                                           urllib3._collections
import time:     33189 |      33189 |                                                           urllib3._version
import time:      6633 |       6633 |                                                                     _winapi
import time:      1170 |       1170 |                                                                     winreg
import time:      1422 |       9223 |                                                                   mimetypes
import time:      4030 |      13253 |                                                                 urllib3.fields
import time:      4064 |      17317 |                                                               urllib3.filepost
import time:      1484 |       1484 |                                                                 brotlicffi
import time:      1021 |       1021 |                                                                 brotli
import time:      6546 |       6546 |                                                                   urllib3.http2
import time:      7762 |       7762 |                                                                   urllib3.http2.probe
import time:      4606 |       4606 |                                                                   urllib3.util.ssl_match_hostname
import time:      7409 |      26322 |                                                                 urllib3.connection
import time:      1535 |       1535 |                                                                 compression
import time:      1197 |       1197 |                                                                 zstandard
import time:      8375 |      39931 |                                                               urllib3.response
import time:      8508 |      65755 |                                                             urllib3._request_methods
import time:      5973 |       5973 |                                                             urllib3.util.proxy
import time:      6335 |      78062 |                                                           urllib3.connectionpool
import time:      5229 |       5229 |                                                           urllib3.poolmanager
import time:     12834 |     244751 |                                                         urllib3
import time:     12083 |      12083 |                                                                 charset_normalizer.constant
import time:      4586 |       4586 |                                                                   charset_normalizer.md__mypyc
import time:        66 |         66 |                                                                     _multibytecodec
import time:      4394 |       4459 |                                                                   charset_normalizer.utils
import time:      2604 |      11648 |                                                                 charset_normalizer.md
import time:      4095 |       4095 |                                                                 charset_normalizer.models
import time:      6182 |      34006 |                                                               charset_normalizer.cd
import time:      6519 |      40525 |                                                             charset_normalizer.api
import time:      2554 |       2554 |                                                             charset_normalizer.legacy
import time:      3117 |       3117 |                                                             charset_normalizer.version
import time:      1147 |       1147 |                                                             simplejson
import time:      2424 |       2424 |                                                             http.cookiejar
import time:      1038 |       1038 |                                                             http.cookies
import time:     12409 |      63211 |                                                           requests.compat
import time:      5225 |      68435 |                                                         requests.exceptions
import time:      1073 |       1073 |                                                         chardet
import time:     11897 |      11897 |                                                               idna.idnadata
import time:      3549 |       3549 |                                                               idna.intranges
import time:      7852 |      23297 |                                                             idna.core
import time:      4223 |       4223 |                                                             idna.package_data
import time:      8598 |      36117 |                                                           idna
import time:      4534 |      40651 |                                                         requests.packages
import time:      4563 |       4563 |                                                               certifi.core
import time:      5392 |       9954 |                                                             certifi
import time:      3852 |      13806 |                                                           requests.certs
import time:      3156 |       3156 |                                                           requests.__version__
import time:      4339 |       4339 |                                                           requests._internal_utils
import time:      5000 |       5000 |                                                           requests.cookies
import time:      3510 |       3510 |                                                           requests.structures
import time:      8107 |      37915 |                                                         requests.utils
import time:      5303 |       5303 |                                                               requests.auth
import time:      1017 |       1017 |                                                                   stringprep
import time:       895 |       1912 |                                                                 encodings.idna
import time:      8502 |       8502 |                                                                 requests.hooks
import time:      5105 |       5105 |                                                                 requests.status_codes
import time:      7629 |      23147 |                                                               requests.models
import time:     13040 |      13040 |                                                                 urllib3.contrib
import time:      1430 |       1430 |                                                                 socks
import time:      8952 |      23421 |                                                               urllib3.contrib.socks
import time:      7064 |      58933 |                                                             requests.adapters
import time:      6281 |      65213 |                                                           requests.sessions
import time:      4522 |      69735 |                                                         requests.api
import time:     13323 |     475880 |                                                       requests
import time:      3313 |       3313 |                                                         tqdm.autonotebook
import time:      5478 |       5478 |                                                         tqdm.asyncio
import time:      4693 |      13483 |                                                       tqdm.auto
import time:      7315 |       7315 |                                                         tqdm.contrib
import time:      9279 |      16593 |                                                       tqdm.contrib.concurrent
import time:      4359 |       4359 |                                                       huggingface_hub.constants
import time:      5473 |       5473 |                                                         huggingface_hub.errors
import time:     16841 |      16841 |                                                               huggingface_hub.utils.tqdm
import time:     82491 |      82491 |                                                                 huggingface_hub.utils._runtime
import time:      7122 |      89612 |                                                               huggingface_hub.utils._auth
import time:      5253 |       5253 |                                                               huggingface_hub.utils._cache_assets
import time:     25138 |      25138 |                                                                   huggingface_hub.commands
import time:      8697 |      33834 |                                                                 huggingface_hub.commands._cli_utils
import time:      6599 |       6599 |                                                                 huggingface_hub.utils.logging
import time:      9830 |      50262 |                                                               huggingface_hub.utils._cache_manager
import time:      5880 |       5880 |                                                               huggingface_hub.utils._chunk_utils
import time:      7816 |       7816 |                                                               huggingface_hub.utils._datetime
import time:      5335 |       5335 |                                                               huggingface_hub.utils._experimental
import time:      3625 |       3625 |                                                                     filelock._error
import time:      6405 |      10030 |                                                                   filelock._api
import time:      3223 |       3223 |                                                                     filelock._util
import time:      3615 |       6837 |                                                                   filelock._soft
import time:      4225 |       4225 |                                                                   filelock._unix
import time:      3624 |       3624 |                                                                   filelock._windows
import time:      4510 |       4510 |                                                                   filelock.asyncio
import time:      2940 |       2940 |                                                                   filelock.version
import time:      6356 |      38518 |                                                                 filelock
import time:      7529 |      46047 |                                                               huggingface_hub.utils._fixes
import time:      5018 |       5018 |                                                                 huggingface_hub.utils._subprocess
import time:      6341 |      11359 |                                                               huggingface_hub.utils._git_credential
import time:     11470 |      11470 |                                                                 huggingface_hub.utils._deprecation
import time:      4994 |       4994 |                                                                   huggingface_hub.utils._typing
import time:      6758 |      11751 |                                                                 huggingface_hub.utils._validators
import time:      5574 |      28794 |                                                               huggingface_hub.utils._headers
import time:      6869 |       6869 |                                                               huggingface_hub.utils._hf_folder
import time:      5191 |       5191 |                                                                 huggingface_hub.utils._lfs
import time:      7357 |      12548 |                                                               huggingface_hub.utils._http
import time:      6749 |       6749 |                                                               huggingface_hub.utils._pagination
import time:      4696 |       4696 |                                                               huggingface_hub.utils._paths
import time:      6018 |       6018 |                                                               huggingface_hub.utils._safetensors
import time:     10492 |      10492 |                                                               huggingface_hub.utils._telemetry
import time:     10555 |      10555 |                                                               huggingface_hub.utils._xet
import time:     14359 |     339476 |                                                             huggingface_hub.utils
import time:      6618 |     346093 |                                                           huggingface_hub._local_folder
import time:      7907 |       7907 |                                                             huggingface_hub.utils.insecure_hashlib
import time:      4971 |      12878 |                                                           huggingface_hub.utils.sha
import time:      8641 |     367611 |                                                         huggingface_hub.file_download
import time:      5558 |       5558 |                                                         huggingface_hub.lfs
import time:      8612 |     387252 |                                                       huggingface_hub._commit_api
import time:      7150 |       7150 |                                                       huggingface_hub._inference_endpoints
import time:      5631 |       5631 |                                                         huggingface_hub._space_api
import time:      6622 |      12253 |                                                       huggingface_hub._jobs_api
import time:      7230 |       7230 |                                                       huggingface_hub._upload_large_folder
import time:      6617 |       6617 |                                                       huggingface_hub.community
import time:      5820 |       5820 |                                                       huggingface_hub.repocard_data
import time:      4425 |       4425 |                                                       huggingface_hub.utils.endpoint_helpers
import time:     10504 |      10504 |                                                       transformers.utils.backbone_utils
import time:      9691 |       9691 |                                                           transformers.utils.logging
import time:    314000 |     323691 |                                                         transformers.utils.import_utils
import time:     10644 |      10644 |                                                           jinja2.bccache
import time:      7186 |       7186 |                                                               markupsafe._speedups
import time:     10577 |      17762 |                                                             markupsafe
import time:     10710 |      10710 |                                                               jinja2.utils
import time:     12493 |      23203 |                                                             jinja2.nodes
import time:      7916 |       7916 |                                                               jinja2.exceptions
import time:      6161 |       6161 |                                                                 jinja2.visitor
import time:      7588 |      13749 |                                                               jinja2.idtracking
import time:      5977 |       5977 |                                                               jinja2.optimizer
import time:     15155 |      42796 |                                                             jinja2.compiler
import time:      7347 |       7347 |                                                                 jinja2.async_utils
import time:      9870 |       9870 |                                                                 jinja2.runtime
import time:     12019 |      29235 |                                                               jinja2.filters
import time:      6600 |       6600 |                                                               jinja2.tests
import time:      5256 |      41090 |                                                             jinja2.defaults
import time:      5486 |       5486 |                                                               jinja2._identifier
import time:     12437 |      17923 |                                                             jinja2.lexer
import time:      9289 |       9289 |                                                             jinja2.parser
import time:     12826 |     164884 |                                                           jinja2.environment
import time:      7158 |       7158 |                                                           jinja2.loaders
import time:      9831 |     192517 |                                                         jinja2
import time:      7816 |       7816 |                                                         jinja2.ext
import time:      7180 |       7180 |                                                         jinja2.sandbox
import time:     12635 |     543836 |                                                       transformers.utils.chat_template_utils
import time:      8480 |       8480 |                                                       transformers.utils.constants
import time:      7883 |       7883 |                                                       transformers.utils.doc
import time:     10530 |      10530 |                                                       transformers.utils.generic
import time:     16640 |      16640 |                                                       transformers.utils.hub
import time:      4335 |       4335 |                                                       transformers.utils.peft_utils
import time:     69547 |    1620993 |                                                     transformers.utils
import time:      9421 |    1630414 |                                                   transformers.utils.versions
import time:     52283 |    1688063 |                                                 transformers.dependency_versions_check
import time:      9222 |       9222 |                                                 transformers.utils.dummy_sentencepiece_objects
import time:      6741 |       6741 |                                                 transformers.utils.dummy_sentencepiece_and_tokenizers_objects
import time:      5835 |       5835 |                                                 transformers.utils.dummy_tensorflow_text_objects
import time:      6127 |       6127 |                                                 transformers.utils.dummy_keras_nlp_objects
import time:     17551 |      17551 |                                                 transformers.utils.dummy_tf_objects
import time:      6488 |       6488 |                                                 transformers.utils.dummy_essentia_and_librosa_and_pretty_midi_and_scipy_and_torch_objects
import time:      5791 |       5791 |                                                 transformers.utils.dummy_torchaudio_objects
import time:     10964 |      10964 |                                                 transformers.utils.dummy_flax_objects
import time:     95315 |   19947724 |                                               torchmetrics.utilities.imports
import time:      7085 |       7085 |                                               torchmetrics.utilities.prints
import time:      7432 |   19966743 |                                             torchmetrics.utilities.data
import time:     26634 |      26634 |                                             torchmetrics.utilities.distributed
import time:      7747 |       7747 |                                                   matplotlib._api.deprecation
import time:     11190 |      18937 |                                                 matplotlib._api
import time:     10338 |      10338 |                                                 matplotlib._version
import time:     22160 |      22160 |                                                   matplotlib._c_internal_utils
import time:     10857 |      33017 |                                                 matplotlib.cbook
import time:      2816 |       2816 |                                                 matplotlib._docstring
import time:      4914 |       4914 |                                                       PIL.ImageChops
import time:      6522 |       6522 |                                                       PIL.ImageFile
import time:     13741 |      13741 |                                                       PIL.ImageSequence
import time:     10373 |      35549 |                                                     PIL.PngImagePlugin
import time:     14722 |      14722 |                                                     matplotlib._cm
import time:      5223 |       5223 |                                                           matplotlib._path
import time:     10422 |      10422 |                                                             matplotlib.bezier
import time:     10051 |      20473 |                                                           matplotlib.path
import time:     16159 |      41854 |                                                         matplotlib.transforms
import time:     16215 |      58068 |                                                       matplotlib.ticker
import time:      6961 |      65029 |                                                     matplotlib.scale
import time:      5403 |       5403 |                                                     matplotlib._color_data
import time:     12874 |     133575 |                                                   matplotlib.colors
import time:      7161 |       7161 |                                                       pyparsing.util
import time:      4424 |       4424 |                                                         pyparsing.unicode
import time:     11818 |      16242 |                                                       pyparsing.exceptions
import time:      5497 |       5497 |                                                         pyparsing.results
import time:      5089 |      10585 |                                                       pyparsing.actions
import time:     66839 |      66839 |                                                       pyparsing.core
import time:     10047 |      10047 |                                                       pyparsing.helpers
import time:      7237 |       7237 |                                                       pyparsing.testing
import time:      8122 |       8122 |                                                       pyparsing.common
import time:     12519 |     138748 |                                                     pyparsing
import time:      3917 |     142664 |                                                   matplotlib._fontconfig_pattern
import time:      5000 |       5000 |                                                   matplotlib._enums
import time:      9537 |       9537 |                                                   cycler
import time:     10474 |     301248 |                                                 matplotlib.rcsetup
import time:      7432 |       7432 |                                                 matplotlib.ft2font
import time:      6983 |       6983 |                                                 dateutil._version
import time:      2413 |       2413 |                                                   kiwisolver.exceptions
import time:      5635 |       8047 |                                                 kiwisolver._cext
import time:     96318 |      96318 |                                                   matplotlib._cm_listed
import time:     27147 |     123464 |                                                 matplotlib.cm
import time:     32867 |     545142 |                                               matplotlib
import time:     10885 |      10885 |                                                     matplotlib.artist
import time:      7295 |       7295 |                                                           matplotlib._mathtext_data
import time:      4964 |      12259 |                                                         matplotlib._afm
import time:     13479 |      25738 |                                                       matplotlib.font_manager
import time:      7172 |       7172 |                                                         matplotlib.hatch
import time:     13825 |      13825 |                                                           matplotlib.markers
import time:     11843 |      25667 |                                                         matplotlib.lines
import time:     30030 |      62868 |                                                       matplotlib.patches
import time:      2893 |       2893 |                                                         matplotlib._text_helpers
import time:     12359 |      12359 |                                                         matplotlib.dviread
import time:     17373 |      17373 |                                                           matplotlib._mathtext
import time:      4376 |      21749 |                                                         matplotlib.mathtext
import time:     18986 |      18986 |                                                         matplotlib.texmanager
import time:      7397 |      63381 |                                                       matplotlib.textpath
import time:     13803 |     165788 |                                                     matplotlib.text
import time:      3769 |       3769 |                                                       matplotlib._image
import time:      2556 |       2556 |                                                           matplotlib._pylab_helpers
import time:      6135 |       8691 |                                                         matplotlib.backend_tools
import time:      4574 |       4574 |                                                         matplotlib._tight_bbox
import time:     27137 |      27137 |                                                           matplotlib.collections
import time:     19755 |      46892 |                                                         matplotlib.widgets
import time:      5354 |       5354 |                                                         matplotlib.backend_managers
import time:      5589 |       5589 |                                                             matplotlib._layoutgrid
import time:      6134 |      11722 |                                                           matplotlib._constrained_layout
import time:      3991 |       3991 |                                                           matplotlib._tight_layout
import time:      6006 |      21718 |                                                         matplotlib.layout_engine
import time:     12078 |      99304 |                                                       matplotlib.backend_bases
import time:     18617 |     121689 |                                                     matplotlib.image
import time:     19582 |     317942 |                                                   matplotlib.offsetbox
import time:      3914 |       3914 |                                                     matplotlib.units
import time:     18309 |      22222 |                                                   matplotlib.axis
import time:      6425 |       6425 |                                                   matplotlib.gridspec
import time:      6800 |       6800 |                                                   matplotlib.spines
import time:      7373 |       7373 |                                                   matplotlib.table
import time:     29560 |     390320 |                                                 matplotlib.axes._base
import time:      8089 |       8089 |                                                         six
import time:     20022 |      20022 |                                                         dateutil._common
import time:        60 |         60 |                                                           six.moves
import time:      5210 |       5210 |                                                           dateutil.tz._common
import time:      5659 |       5659 |                                                           dateutil.tz._factories
import time:        30 |         30 |                                                             six.moves.winreg
import time:      5680 |       5710 |                                                           dateutil.tz.win
import time:     12832 |      29470 |                                                         dateutil.tz.tz
import time:     31849 |      89429 |                                                       dateutil.parser._parser
import time:      6128 |       6128 |                                                       dateutil.parser.isoparser
import time:      7761 |     103317 |                                                     dateutil.parser
import time:      5298 |     108615 |                                                   matplotlib.category
import time:     26583 |      26583 |                                                   matplotlib.contour
import time:     14608 |      14608 |                                                     dateutil.rrule
import time:     39196 |      53804 |                                                   matplotlib.dates
import time:      5118 |       5118 |                                                     matplotlib.container
import time:      6820 |       6820 |                                                     matplotlib.legend_handler
import time:     10605 |      22542 |                                                   matplotlib.legend
import time:      5918 |       5918 |                                                   matplotlib.mlab
import time:      9517 |       9517 |                                                   matplotlib.quiver
import time:      3786 |       3786 |                                                   matplotlib.stackplot
import time:      5100 |       5100 |                                                   matplotlib.streamplot
import time:      8085 |       8085 |                                                     matplotlib.tri._triangulation
import time:      5178 |       5178 |                                                     matplotlib.tri._tricontour
import time:      4432 |       4432 |                                                     matplotlib.tri._trifinder
import time:      4011 |       4011 |                                                       matplotlib.tri._tritools
import time:      9910 |      13921 |                                                     matplotlib.tri._triinterpolate
import time:      8425 |       8425 |                                                     matplotlib.tri._tripcolor
import time:      3871 |       3871 |                                                     matplotlib.tri._triplot
import time:      9355 |       9355 |                                                     matplotlib.tri._trirefine
import time:      7558 |      60822 |                                                   matplotlib.tri
import time:      5551 |       5551 |                                                   matplotlib.axes._secondary_axes
import time:     36225 |     338456 |                                                 matplotlib.axes._axes
import time:     11992 |     740767 |                                               matplotlib.axes
import time:     10050 |      10050 |                                                 matplotlib.colorbar
import time:     76086 |      76086 |                                                   matplotlib.style.core
import time:      5994 |      82080 |                                                 matplotlib.style
import time:     22852 |      22852 |                                                   matplotlib._blocking_input
import time:     31345 |      31345 |                                                     matplotlib.projections.geo
import time:     12533 |      12533 |                                                     matplotlib.projections.polar
import time:      8881 |       8881 |                                                       mpl_toolkits
import time:     10537 |      10537 |                                                           mpl_toolkits.mplot3d.proj3d
import time:     31048 |      41584 |                                                         mpl_toolkits.mplot3d.art3d
import time:     15238 |      15238 |                                                         mpl_toolkits.mplot3d.axis3d
import time:     23823 |      80644 |                                                       mpl_toolkits.mplot3d.axes3d
import time:      7717 |      97241 |                                                     mpl_toolkits.mplot3d
import time:      5674 |     146791 |                                                   matplotlib.projections
import time:     13719 |     183362 |                                                 matplotlib.figure
import time:     14964 |     290454 |                                               matplotlib.pyplot
import time:      7580 |    1583942 |                                             torchmetrics.utilities.plot
import time:      8679 |   21585996 |                                           torchmetrics.metric
import time:      7799 |       7799 |                                           torchmetrics.utilities.enums
import time:      9707 |   21603501 |                                         torchmetrics.utilities.checks
import time:     11084 |   21614585 |                                       torchmetrics.utilities
import time:      9982 |   21624566 |                                     torchmetrics.functional.audio.pit
import time:     11540 |      11540 |                                     torchmetrics.functional.audio.sdr
import time:      9319 |       9319 |                                     torchmetrics.functional.audio.snr
import time:     11834 |   21657259 |                                   torchmetrics.functional.audio
import time:      9033 |   21666292 |                                 torchmetrics.functional.audio._deprecated
import time:     12755 |      12755 |                                     torchmetrics.functional.classification.stat_scores
import time:     11468 |      11468 |                                     torchmetrics.utilities.compute
import time:     13401 |      37622 |                                   torchmetrics.functional.classification.accuracy
import time:     12849 |      12849 |                                     torchmetrics.functional.classification.precision_recall_curve
import time:      9990 |       9990 |                                     torchmetrics.functional.classification.roc
import time:     12942 |      35780 |                                   torchmetrics.functional.classification.auroc
import time:     10452 |      10452 |                                   torchmetrics.functional.classification.average_precision
import time:     11816 |      11816 |                                     torchmetrics.functional.classification.confusion_matrix
import time:     11677 |      23493 |                                   torchmetrics.functional.classification.calibration_error
import time:      9854 |       9854 |                                   torchmetrics.functional.classification.cohen_kappa
import time:      9964 |       9964 |                                   torchmetrics.functional.classification.dice
import time:     10071 |      10071 |                                   torchmetrics.functional.classification.exact_match
import time:     10108 |      10108 |                                   torchmetrics.functional.classification.f_beta
import time:     12909 |      12909 |                                   torchmetrics.functional.classification.group_fairness
import time:     11399 |      11399 |                                   torchmetrics.functional.classification.hamming
import time:     10947 |      10947 |                                   torchmetrics.functional.classification.hinge
import time:     10511 |      10511 |                                   torchmetrics.functional.classification.jaccard
import time:     10391 |      10391 |                                   torchmetrics.functional.classification.matthews_corrcoef
import time:     10769 |      10769 |                                     torchmetrics.functional.classification.recall_fixed_precision
import time:     10878 |      21647 |                                   torchmetrics.functional.classification.precision_fixed_recall
import time:     10377 |      10377 |                                   torchmetrics.functional.classification.precision_recall
import time:     13049 |      13049 |                                   torchmetrics.functional.classification.ranking
import time:     12904 |      12904 |                                   torchmetrics.functional.classification.specificity
import time:     11292 |      11292 |                                   torchmetrics.functional.classification.specificity_sensitivity
import time:     20258 |     293019 |                                 torchmetrics.functional.classification
import time:     10716 |      10716 |                                       torchmetrics.functional.detection._panoptic_quality_common
import time:     15063 |      25779 |                                     torchmetrics.functional.detection.panoptic_qualities
import time:     10555 |      10555 |                                     torchmetrics.functional.detection.giou
import time:      8931 |       8931 |                                     torchmetrics.functional.detection.iou
import time:      9142 |       9142 |                                     torchmetrics.functional.detection.ciou
import time:      9591 |       9591 |                                     torchmetrics.functional.detection.diou
import time:     14389 |      78384 |                                   torchmetrics.functional.detection
import time:      8592 |      86975 |                                 torchmetrics.functional.detection._deprecated
import time:     10376 |      10376 |                                         torchmetrics.functional.image.helper
import time:     10254 |      20630 |                                       torchmetrics.functional.image.uqi
import time:     18006 |      38635 |                                     torchmetrics.functional.image.d_lambda
import time:     19832 |      19832 |                                     torchmetrics.functional.image.ergas
import time:     10133 |      10133 |                                     torchmetrics.functional.image.gradients
import time:     12241 |      12241 |                                     torchmetrics.functional.image.lpips
import time:     10617 |      10617 |                                     torchmetrics.functional.image.perceptual_path_length
import time:      9422 |       9422 |                                     torchmetrics.functional.image.psnr
import time:     10024 |      10024 |                                     torchmetrics.functional.image.psnrb
import time:     16413 |      16413 |                                       torchmetrics.functional.image.rmse_sw
import time:     13172 |      29584 |                                     torchmetrics.functional.image.rase
import time:     12925 |      12925 |                                     torchmetrics.functional.image.sam
import time:     11279 |      11279 |                                     torchmetrics.functional.image.ssim
import time:     10315 |      10315 |                                     torchmetrics.functional.image.tv
import time:      9454 |       9454 |                                     torchmetrics.functional.image.vif
import time:     20352 |     204806 |                                   torchmetrics.functional.image
import time:     10247 |     215052 |                                 torchmetrics.functional.image._deprecated
import time:      8652 |       8652 |                                     torchmetrics.functional.nominal.utils
import time:     14031 |      22682 |                                   torchmetrics.functional.nominal.cramers
import time:      9454 |       9454 |                                   torchmetrics.functional.nominal.fleiss_kappa
import time:      9311 |       9311 |                                   torchmetrics.functional.nominal.pearson
import time:     12794 |      12794 |                                   torchmetrics.functional.nominal.theils_u
import time:     10020 |      10020 |                                   torchmetrics.functional.nominal.tschuprows
import time:     14829 |      79088 |                                 torchmetrics.functional.nominal
import time:      9617 |       9617 |                                     torchmetrics.functional.pairwise.helpers
import time:     15452 |      25069 |                                   torchmetrics.functional.pairwise.cosine
import time:     10739 |      10739 |                                   torchmetrics.functional.pairwise.euclidean
import time:      9728 |       9728 |                                   torchmetrics.functional.pairwise.linear
import time:      9922 |       9922 |                                   torchmetrics.functional.pairwise.manhattan
import time:      9678 |       9678 |                                   torchmetrics.functional.pairwise.minkowski
import time:     17385 |      82518 |                                 torchmetrics.functional.pairwise
import time:      9928 |       9928 |                                       torchmetrics.functional.regression.utils
import time:     10916 |      20844 |                                     torchmetrics.functional.regression.pearson
import time:     17425 |      38269 |                                   torchmetrics.functional.regression.concordance
import time:     14573 |      14573 |                                   torchmetrics.functional.regression.cosine_similarity
import time:     19144 |      19144 |                                   torchmetrics.functional.regression.explained_variance
import time:     23026 |      23026 |                                   torchmetrics.functional.regression.kendall
import time:      9175 |       9175 |                                   torchmetrics.functional.regression.kl_divergence
import time:      9793 |       9793 |                                   torchmetrics.functional.regression.log_cosh
import time:      8216 |       8216 |                                   torchmetrics.functional.regression.log_mse
import time:      7555 |       7555 |                                   torchmetrics.functional.regression.mae
import time:      8698 |       8698 |                                   torchmetrics.functional.regression.mape
import time:      9925 |       9925 |                                   torchmetrics.functional.regression.minkowski
import time:      8533 |       8533 |                                   torchmetrics.functional.regression.mse
import time:     15579 |      15579 |                                   torchmetrics.functional.regression.r2
import time:      9442 |       9442 |                                   torchmetrics.functional.regression.rse
import time:     10183 |      10183 |                                   torchmetrics.functional.regression.spearman
import time:      9300 |       9300 |                                   torchmetrics.functional.regression.symmetric_mape
import time:     10137 |      10137 |                                   torchmetrics.functional.regression.tweedie_deviance
import time:      8113 |       8113 |                                   torchmetrics.functional.regression.wmape
import time:     18411 |     238064 |                                 torchmetrics.functional.regression
import time:      9379 |       9379 |                                     torchmetrics.functional.retrieval.average_precision
import time:      6850 |       6850 |                                     torchmetrics.functional.retrieval.fall_out
import time:      9751 |       9751 |                                     torchmetrics.functional.retrieval.hit_rate
import time:      6457 |       6457 |                                     torchmetrics.functional.retrieval.ndcg
import time:      7112 |       7112 |                                     torchmetrics.functional.retrieval.precision
import time:      6403 |       6403 |                                     torchmetrics.functional.retrieval.precision_recall_curve
import time:      7583 |       7583 |                                     torchmetrics.functional.retrieval.r_precision
import time:      6482 |       6482 |                                     torchmetrics.functional.retrieval.recall
import time:      6003 |       6003 |                                     torchmetrics.functional.retrieval.reciprocal_rank
import time:     15345 |      81360 |                                   torchmetrics.functional.retrieval
import time:      7517 |      88876 |                                 torchmetrics.functional.retrieval._deprecated
import time:      9785 |       9785 |                                     torchmetrics.functional.text.bleu
import time:      6786 |       6786 |                                       torchmetrics.functional.text.helper
import time:      8461 |      15247 |                                     torchmetrics.functional.text.cer
import time:     10037 |      10037 |                                     torchmetrics.functional.text.chrf
import time:      6495 |       6495 |                                     torchmetrics.functional.text.edit
import time:      7063 |       7063 |                                     torchmetrics.functional.text.eed
import time:      6429 |       6429 |                                     torchmetrics.functional.text.mer
import time:      7129 |       7129 |                                     torchmetrics.functional.text.perplexity
import time:      7627 |       7627 |                                     torchmetrics.functional.text.rouge
import time:     14203 |      14203 |                                             regex._regex
import time:     34894 |      49096 |                                           regex._regex_core
import time:       170 |        170 |                                           regex.DEFAULT_VERSION
import time:      7138 |      56403 |                                         regex._main
import time:      4747 |      61150 |                                       regex
import time:      9171 |      70320 |                                     torchmetrics.functional.text.sacre_bleu
import time:      6482 |       6482 |                                     torchmetrics.functional.text.squad
import time:      9063 |       9063 |                                     torchmetrics.functional.text.ter
import time:      5568 |       5568 |                                     torchmetrics.functional.text.wer
import time:     10233 |      10233 |                                     torchmetrics.functional.text.wil
import time:     10406 |      10406 |                                     torchmetrics.functional.text.wip
import time:      8398 |       8398 |                                       torchmetrics.functional.text.helper_embedding_metric
import time:     45752 |      45752 |                                       transformers.models.albert
import time:     28210 |      28210 |                                       transformers.models.align
import time:     22207 |      22207 |                                       transformers.models.altclip
import time:     38751 |      38751 |                                       transformers.models.aria
import time:     41956 |      41956 |                                       transformers.models.audio_spectrogram_transformer
import time:     29077 |      29077 |                                       transformers.models.auto
import time:     12988 |      12988 |                                       transformers.models.autoformer
import time:     32073 |      32073 |                                       transformers.models.bamba
import time:     38734 |      38734 |                                       transformers.models.bark
import time:     43540 |      43540 |                                       transformers.models.bart
import time:     29375 |      29375 |                                       transformers.models.barthez
import time:     18011 |      18011 |                                       transformers.models.bartpho
import time:     31676 |      31676 |                                       transformers.models.beit
import time:     36926 |      36926 |                                       transformers.models.bert
import time:     27190 |      27190 |                                       transformers.models.bert_generation
import time:     15267 |      15267 |                                       transformers.models.bert_japanese
import time:     26638 |      26638 |                                       transformers.models.bertweet
import time:     75082 |      75082 |                                       transformers.models.big_bird
import time:     20968 |      20968 |                                       transformers.models.bigbird_pegasus
import time:     37865 |      37865 |                                       transformers.models.biogpt
import time:     23980 |      23980 |                                       transformers.models.bit
import time:     44133 |      44133 |                                       transformers.models.blenderbot
import time:     35121 |      35121 |                                       transformers.models.blenderbot_small
import time:     47260 |      47260 |                                       transformers.models.blip
import time:     25278 |      25278 |                                       transformers.models.blip_2
import time:     25644 |      25644 |                                       transformers.models.bloom
import time:     25669 |      25669 |                                       transformers.models.bridgetower
import time:     30247 |      30247 |                                       transformers.models.bros
import time:     29207 |      29207 |                                       transformers.models.byt5
import time:     39454 |      39454 |                                       transformers.models.camembert
import time:     28996 |      28996 |                                       transformers.models.canine
import time:     26252 |      26252 |                                       transformers.models.chameleon
import time:     35197 |      35197 |                                       transformers.models.chinese_clip
import time:     23257 |      23257 |                                       transformers.models.clap
import time:     60435 |      60435 |                                       transformers.models.clip
import time:     34855 |      34855 |                                       transformers.models.clipseg
import time:     58503 |      58503 |                                       transformers.models.clvp
import time:     25639 |      25639 |                                       transformers.models.code_llama
import time:     37845 |      37845 |                                       transformers.models.codegen
import time:     22723 |      22723 |                                       transformers.models.cohere
import time:     25832 |      25832 |                                       transformers.models.cohere2
import time:     22205 |      22205 |                                       transformers.models.colpali
import time:     26612 |      26612 |                                       transformers.models.conditional_detr
import time:     35073 |      35073 |                                       transformers.models.convbert
import time:     35754 |      35754 |                                       transformers.models.convnext
import time:     21522 |      21522 |                                       transformers.models.convnextv2
import time:     36997 |      36997 |                                       transformers.models.cpm
import time:     27764 |      27764 |                                       transformers.models.cpmant
import time:     31687 |      31687 |                                       transformers.models.ctrl
import time:     48567 |      48567 |                                       transformers.models.cvt
import time:     29384 |      29384 |                                       transformers.models.dab_detr
import time:     30185 |      30185 |                                       transformers.models.dac
import time:     45674 |      45674 |                                       transformers.models.data2vec
import time:     19467 |      19467 |                                       transformers.models.dbrx
import time:     28852 |      28852 |                                       transformers.models.deberta
import time:     27268 |      27268 |                                       transformers.models.deberta_v2
import time:     18785 |      18785 |                                       transformers.models.decision_transformer
import time:     32354 |      32354 |                                       transformers.models.deformable_detr
import time:     32959 |      32959 |                                       transformers.models.deit
import time:      9943 |       9943 |                                       transformers.models.deprecated
import time:     22276 |      22276 |                                       transformers.models.depth_anything
import time:     37162 |      37162 |                                       transformers.models.depth_pro
import time:     42241 |      42241 |                                       transformers.models.detr
import time:     11651 |      11651 |                                       transformers.models.dialogpt
import time:     23669 |      23669 |                                       transformers.models.diffllama
import time:     19759 |      19759 |                                       transformers.models.dinat
import time:     26754 |      26754 |                                       transformers.models.dinov2
import time:     23643 |      23643 |                                       transformers.models.dinov2_with_registers
import time:     47113 |      47113 |                                       transformers.models.distilbert
import time:     13709 |      13709 |                                       transformers.models.dit
import time:     42405 |      42405 |                                       transformers.models.donut
import time:     35474 |      35474 |                                       transformers.models.dpr
import time:     23223 |      23223 |                                       transformers.models.dpt
import time:     22200 |      22200 |                                       transformers.models.efficientnet
import time:     50588 |      50588 |                                       transformers.models.electra
import time:     26726 |      26726 |                                       transformers.models.emu3
import time:     22794 |      22794 |                                       transformers.models.encodec
import time:     27529 |      27529 |                                       transformers.models.encoder_decoder
import time:     24779 |      24779 |                                       transformers.models.ernie
import time:     31752 |      31752 |                                       transformers.models.esm
import time:     60553 |      60553 |                                       transformers.models.falcon
import time:     23603 |      23603 |                                       transformers.models.falcon_mamba
import time:     26852 |      26852 |                                       transformers.models.fastspeech2_conformer
import time:     26187 |      26187 |                                       transformers.models.flaubert
import time:     47897 |      47897 |                                       transformers.models.flava
import time:     30093 |      30093 |                                       transformers.models.fnet
import time:     19704 |      19704 |                                       transformers.models.focalnet
import time:     23240 |      23240 |                                       transformers.models.fsmt
import time:     61968 |      61968 |                                       transformers.models.funnel
import time:     24743 |      24743 |                                       transformers.models.fuyu
import time:     32408 |      32408 |                                       transformers.models.gemma
import time:     20859 |      20859 |                                       transformers.models.gemma2
import time:     38964 |      38964 |                                       transformers.models.git
import time:     30301 |      30301 |                                       transformers.models.glm
import time:     32917 |      32917 |                                       transformers.models.glpn
import time:     29281 |      29281 |                                       transformers.models.got_ocr2
import time:     38454 |      38454 |                                       transformers.models.gpt2
import time:     18040 |      18040 |                                       transformers.models.gpt_bigcode
import time:     28544 |      28544 |                                       transformers.models.gpt_neo
import time:     24950 |      24950 |                                       transformers.models.gpt_neox
import time:     41852 |      41852 |                                       transformers.models.gpt_neox_japanese
import time:     22958 |      22958 |                                       transformers.models.gpt_sw3
import time:     36306 |      36306 |                                       transformers.models.gptj
import time:      8502 |       8502 |                                       transformers.models.granite
import time:     44228 |      44228 |                                       transformers.models.granitemoe
import time:     43211 |      43211 |                                       transformers.models.granitemoeshared
import time:     24128 |      24128 |                                       transformers.models.grounding_dino
import time:     27705 |      27705 |                                       transformers.models.groupvit
import time:     22759 |      22759 |                                       transformers.models.helium
import time:     19728 |      19728 |                                       transformers.models.herbert
import time:     21874 |      21874 |                                       transformers.models.hiera
import time:     27820 |      27820 |                                       transformers.models.hubert
import time:     43860 |      43860 |                                       transformers.models.ibert
import time:     47602 |      47602 |                                       transformers.models.idefics
import time:     32004 |      32004 |                                       transformers.models.idefics2
import time:     30551 |      30551 |                                       transformers.models.idefics3
import time:     21017 |      21017 |                                       transformers.models.ijepa
import time:     32448 |      32448 |                                       transformers.models.imagegpt
import time:     43621 |      43621 |                                       transformers.models.informer
import time:     22322 |      22322 |                                       transformers.models.instructblip
import time:     11570 |      11570 |                                       transformers.models.instructblipvideo
import time:     24681 |      24681 |                                       transformers.models.jamba
import time:     18705 |      18705 |                                       transformers.models.jetmoe
import time:     56619 |      56619 |                                       transformers.models.kosmos2
import time:     36674 |      36674 |                                       transformers.models.layoutlm
import time:     34880 |      34880 |                                       transformers.models.layoutlmv2
import time:     73019 |      73019 |                                       transformers.models.layoutlmv3
import time:     29541 |      29541 |                                       transformers.models.layoutxlm
import time:     42565 |      42565 |                                       transformers.models.led
import time:     24993 |      24993 |                                       transformers.models.levit
import time:     20586 |      20586 |                                       transformers.models.lilt
import time:     32387 |      32387 |                                       transformers.models.llama
import time:     29083 |      29083 |                                       transformers.models.llava
import time:     29976 |      29976 |                                       transformers.models.llava_next
import time:     30155 |      30155 |                                       transformers.models.llava_next_video
import time:     62625 |      62625 |                                       transformers.models.llava_onevision
import time:     28852 |      28852 |                                       transformers.models.longformer
import time:     46980 |      46980 |                                       transformers.models.longt5
import time:     26838 |      26838 |                                       transformers.models.luke
import time:     32079 |      32079 |                                       transformers.models.lxmert
import time:     87274 |      87274 |                                       transformers.models.m2m_100
import time:     27880 |      27880 |                                       transformers.models.mamba
import time:     27282 |      27282 |                                       transformers.models.mamba2
import time:     33688 |      33688 |                                       transformers.models.marian
import time:     31125 |      31125 |                                       transformers.models.markuplm
import time:     22763 |      22763 |                                       transformers.models.mask2former
import time:     41508 |      41508 |                                       transformers.models.maskformer
import time:     72369 |      72369 |                                       transformers.models.mbart
import time:     31192 |      31192 |                                       transformers.models.mbart50
import time:     31369 |      31369 |                                       transformers.models.megatron_bert
import time:     11178 |      11178 |                                       transformers.models.megatron_gpt2
import time:     41861 |      41861 |                                       transformers.models.mgp_str
import time:     19863 |      19863 |                                       transformers.models.mimi
import time:     12042 |      12042 |                                       transformers.models.mistral
import time:     11217 |      11217 |                                       transformers.models.mixtral
import time:     36795 |      36795 |                                       transformers.models.mllama
import time:     20908 |      20908 |                                       transformers.models.mluke
import time:     39518 |      39518 |                                       transformers.models.mobilebert
import time:     26090 |      26090 |                                       transformers.models.mobilenet_v1
import time:     28834 |      28834 |                                       transformers.models.mobilenet_v2
import time:     37785 |      37785 |                                       transformers.models.mobilevit
import time:     25164 |      25164 |                                       transformers.models.mobilevitv2
import time:     22058 |      22058 |                                       transformers.models.modernbert
import time:     21575 |      21575 |                                       transformers.models.moonshine
import time:     34917 |      34917 |                                       transformers.models.moshi
import time:     40104 |      40104 |                                       transformers.models.mpnet
import time:     32503 |      32503 |                                       transformers.models.mpt
import time:     44614 |      44614 |                                       transformers.models.mra
import time:     48639 |      48639 |                                       transformers.models.mt5
import time:     25948 |      25948 |                                       transformers.models.musicgen
import time:     12006 |      12006 |                                       transformers.models.musicgen_melody
import time:     31854 |      31854 |                                       transformers.models.mvp
import time:     18305 |      18305 |                                       transformers.models.myt5
import time:     17337 |      17337 |                                       transformers.models.nemotron
import time:     45289 |      45289 |                                       transformers.models.nllb
import time:     23082 |      23082 |                                       transformers.models.nllb_moe
import time:     27348 |      27348 |                                       transformers.models.nougat
import time:     19763 |      19763 |                                       transformers.models.nystromformer
import time:      8771 |       8771 |                                       transformers.models.olmo
import time:     19616 |      19616 |                                       transformers.models.olmo2
import time:     33362 |      33362 |                                       transformers.models.olmoe
import time:     27933 |      27933 |                                       transformers.models.omdet_turbo
import time:     31070 |      31070 |                                       transformers.models.oneformer
import time:     59262 |      59262 |                                       transformers.models.openai
import time:     32372 |      32372 |                                       transformers.models.opt
import time:     23423 |      23423 |                                       transformers.models.owlv2
import time:     30120 |      30120 |                                       transformers.models.owlvit
import time:     35873 |      35873 |                                       transformers.models.paligemma
import time:     21217 |      21217 |                                       transformers.models.patchtsmixer
import time:     17058 |      17058 |                                       transformers.models.patchtst
import time:     37090 |      37090 |                                       transformers.models.pegasus
import time:     24943 |      24943 |                                       transformers.models.pegasus_x
import time:     75868 |      75868 |                                       transformers.models.perceiver
import time:     26018 |      26018 |                                       transformers.models.persimmon
import time:     13148 |      13148 |                                       transformers.models.phi
import time:     28122 |      28122 |                                       transformers.models.phi3
import time:     20649 |      20649 |                                       transformers.models.phimoe
import time:     16711 |      16711 |                                       transformers.models.phobert
import time:     28385 |      28385 |                                       transformers.models.pix2struct
import time:     25785 |      25785 |                                       transformers.models.pixtral
import time:     22555 |      22555 |                                       transformers.models.plbart
import time:     25168 |      25168 |                                       transformers.models.poolformer
import time:     71669 |      71669 |                                       transformers.models.pop2piano
import time:     39873 |      39873 |                                       transformers.models.prophetnet
import time:     39983 |      39983 |                                       transformers.models.pvt
import time:     28567 |      28567 |                                       transformers.models.pvt_v2
import time:     13596 |      13596 |                                       transformers.models.qwen2
import time:     44430 |      44430 |                                       transformers.models.qwen2_5_vl
import time:     46053 |      46053 |                                       transformers.models.qwen2_audio
import time:     34010 |      34010 |                                       transformers.models.qwen2_moe
import time:     49739 |      49739 |                                       transformers.models.qwen2_vl
import time:     42777 |      42777 |                                       transformers.models.rag
import time:     25700 |      25700 |                                       transformers.models.recurrent_gemma
import time:     33401 |      33401 |                                       transformers.models.reformer
import time:     25774 |      25774 |                                       transformers.models.regnet
import time:     32409 |      32409 |                                       transformers.models.rembert
import time:     25174 |      25174 |                                       transformers.models.resnet
import time:     38024 |      38024 |                                       transformers.models.roberta
import time:     45867 |      45867 |                                       transformers.models.roberta_prelayernorm
import time:     23665 |      23665 |                                       transformers.models.roc_bert
import time:     33574 |      33574 |                                       transformers.models.roformer
import time:     46721 |      46721 |                                       transformers.models.rt_detr
import time:     21655 |      21655 |                                       transformers.models.rt_detr_v2
import time:     20019 |      20019 |                                       transformers.models.rwkv
import time:     50612 |      50612 |                                       transformers.models.sam
import time:     42717 |      42717 |                                       transformers.models.seamless_m4t
import time:     25903 |      25903 |                                       transformers.models.seamless_m4t_v2
import time:     32478 |      32478 |                                       transformers.models.segformer
import time:     27469 |      27469 |                                       transformers.models.seggpt
import time:     27200 |      27200 |                                       transformers.models.sew
import time:     46374 |      46374 |                                       transformers.models.sew_d
import time:     53925 |      53925 |                                       transformers.models.siglip
import time:     23239 |      23239 |                                       transformers.models.speech_encoder_decoder
import time:     52305 |      52305 |                                       transformers.models.speech_to_text
import time:     35027 |      35027 |                                       transformers.models.speecht5
import time:     38300 |      38300 |                                       transformers.models.splinter
import time:     41838 |      41838 |                                       transformers.models.squeezebert
import time:     24501 |      24501 |                                       transformers.models.stablelm
import time:     24583 |      24583 |                                       transformers.models.starcoder2
import time:     22616 |      22616 |                                       transformers.models.superglue
import time:     27601 |      27601 |                                       transformers.models.superpoint
import time:     22795 |      22795 |                                       transformers.models.swiftformer
import time:     27075 |      27075 |                                       transformers.models.swin
import time:     31804 |      31804 |                                       transformers.models.swin2sr
import time:     19765 |      19765 |                                       transformers.models.swinv2
import time:     23410 |      23410 |                                       transformers.models.switch_transformers
import time:     63889 |      63889 |                                       transformers.models.t5
import time:     18475 |      18475 |                                       transformers.models.table_transformer
import time:     26141 |      26141 |                                       transformers.models.tapas
import time:     22731 |      22731 |                                       transformers.models.textnet
import time:     49039 |      49039 |                                       transformers.models.time_series_transformer
import time:     17727 |      17727 |                                       transformers.models.timesformer
import time:     19122 |      19122 |                                       transformers.models.timm_backbone
import time:     34381 |      34381 |                                       transformers.models.timm_wrapper
import time:     24458 |      24458 |                                       transformers.models.trocr
import time:     37278 |      37278 |                                       transformers.models.tvp
import time:     38783 |      38783 |                                       transformers.models.udop
import time:     24507 |      24507 |                                       transformers.models.umt5
import time:     25141 |      25141 |                                       transformers.models.unispeech
import time:     34426 |      34426 |                                       transformers.models.unispeech_sat
import time:     25313 |      25313 |                                       transformers.models.univnet
import time:     18469 |      18469 |                                       transformers.models.upernet
import time:     22281 |      22281 |                                       transformers.models.video_llava
import time:     35568 |      35568 |                                       transformers.models.videomae
import time:     29064 |      29064 |                                       transformers.models.vilt
import time:     38099 |      38099 |                                       transformers.models.vipllava
import time:     53806 |      53806 |                                       transformers.models.vision_encoder_decoder
import time:     40259 |      40259 |                                       transformers.models.vision_text_dual_encoder
import time:     37072 |      37072 |                                       transformers.models.visual_bert
import time:     54725 |      54725 |                                       transformers.models.vit
import time:     31944 |      31944 |                                       transformers.models.vit_mae
import time:     26503 |      26503 |                                       transformers.models.vit_msn
import time:     29584 |      29584 |                                       transformers.models.vitdet
import time:     34239 |      34239 |                                       transformers.models.vitmatte
import time:     44222 |      44222 |                                       transformers.models.vitpose
import time:     17220 |      17220 |                                       transformers.models.vitpose_backbone
import time:     37491 |      37491 |                                       transformers.models.vits
import time:     36621 |      36621 |                                       transformers.models.vivit
import time:     64400 |      64400 |                                       transformers.models.wav2vec2
import time:     32456 |      32456 |                                       transformers.models.wav2vec2_bert
import time:     29349 |      29349 |                                       transformers.models.wav2vec2_conformer
import time:     38079 |      38079 |                                       transformers.models.wav2vec2_phoneme
import time:     27885 |      27885 |                                       transformers.models.wav2vec2_with_lm
import time:     34314 |      34314 |                                       transformers.models.wavlm
import time:     78575 |      78575 |                                       transformers.models.whisper
import time:     37230 |      37230 |                                       transformers.models.x_clip
import time:     47212 |      47212 |                                       transformers.models.xglm
import time:     43719 |      43719 |                                       transformers.models.xlm
import time:     50383 |      50383 |                                       transformers.models.xlm_roberta
import time:     33186 |      33186 |                                       transformers.models.xlm_roberta_xl
import time:     54345 |      54345 |                                       transformers.models.xlnet
import time:     27227 |      27227 |                                       transformers.models.xmod
import time:     42938 |      42938 |                                       transformers.models.yolos
import time:     34974 |      34974 |                                       transformers.models.yoso
import time:     25860 |      25860 |                                       transformers.models.zamba
import time:     28620 |      28620 |                                       transformers.models.zamba2
import time:     31937 |      31937 |                                       transformers.models.zoedepth
import time:      3702 |       3702 |                                             filecmp
import time:     10602 |      14304 |                                           transformers.dynamic_module_utils
import time:     13688 |      13688 |                                             transformers.integrations
import time:     17879 |      17879 |                                               tokenizers.tokenizers
import time:      5348 |       5348 |                                                   tokenizers.decoders
import time:      5277 |       5277 |                                                   tokenizers.models
import time:      4709 |       4709 |                                                   tokenizers.normalizers
import time:      3924 |       3924 |                                                   tokenizers.pre_tokenizers
import time:      3726 |       3726 |                                                   tokenizers.processors
import time:      8817 |      31800 |                                                 tokenizers.implementations.base_tokenizer
import time:      4582 |       4582 |                                                 tokenizers.implementations.bert_wordpiece
import time:      6149 |       6149 |                                                 tokenizers.implementations.byte_level_bpe
import time:      3648 |       3648 |                                                 tokenizers.implementations.char_level_bpe
import time:      4419 |       4419 |                                                 tokenizers.implementations.sentencepiece_bpe
import time:      4914 |       4914 |                                                 tokenizers.implementations.sentencepiece_unigram
import time:      6723 |      62232 |                                               tokenizers.implementations
import time:      7351 |      87461 |                                             tokenizers
import time:     11665 |      11665 |                                             transformers.convert_slow_tokenizer
import time:     41137 |     153949 |                                           transformers.modeling_gguf_pytorch_utils
import time:      8762 |     177015 |                                         transformers.configuration_utils
import time:     11896 |      11896 |                                         transformers.models.auto.configuration_auto
import time:     15364 |      15364 |                                         transformers.generation
import time:     16512 |      16512 |                                           transformers.utils.deprecation
import time:     12694 |      29206 |                                         transformers.cache_utils
import time:      6452 |       6452 |                                         transformers.integrations.deepspeed
import time:      5840 |       5840 |                                         transformers.integrations.fsdp
import time:     17386 |      17386 |                                         transformers.modeling_outputs
import time:      6472 |       6472 |                                               safetensors._safetensors_rust
import time:     10627 |      17098 |                                             safetensors
import time:      5188 |      22286 |                                           safetensors.torch
import time:     19772 |      42058 |                                         transformers.pytorch_utils
import time:     14172 |      14172 |                                         transformers.tokenization_utils
import time:     10213 |      10213 |                                         transformers.generation.beam_constraints
import time:     10603 |      10603 |                                         transformers.generation.beam_search
import time:      8026 |       8026 |                                               sklearn._config
import time:     16550 |      16550 |                                                 sklearn.__check_build._check_build
import time:      9471 |      26020 |                                               sklearn.__check_build
import time:      2087 |       2087 |                                               sklearn._distributor_init
import time:      2756 |       2756 |                                                 sklearn.exceptions
import time:      5316 |       5316 |                                                       scipy.sparse._sputils
import time:      5602 |       5602 |                                                       scipy.sparse._matrix
import time:      9929 |      20846 |                                                     scipy.sparse._base
import time:      3876 |       3876 |                                                       scipy.sparse._sparsetools
import time:      7951 |       7951 |                                                         scipy._lib._util
import time:      4333 |       4333 |                                                         scipy.sparse._data
import time:      5791 |       5791 |                                                         scipy.sparse._index
import time:      9311 |      27384 |                                                       scipy.sparse._compressed
import time:      8005 |      39264 |                                                     scipy.sparse._csr
import time:      3109 |       3109 |                                                     scipy.sparse._csc
import time:      4191 |       4191 |                                                       scipy.sparse._csparsetools
import time:      4413 |       8603 |                                                     scipy.sparse._lil
import time:      5619 |       5619 |                                                     scipy.sparse._dok
import time:      4887 |       4887 |                                                     scipy.sparse._coo
import time:      5810 |       5810 |                                                     scipy.sparse._dia
import time:      5736 |       5736 |                                                     scipy.sparse._bsr
import time:      6248 |       6248 |                                                     scipy.sparse._construct
import time:      3627 |       3627 |                                                     scipy.sparse._extract
import time:      3621 |       3621 |                                                     scipy.sparse._matrix_io
import time:     32155 |      32155 |                                                               scipy.sparse.linalg._isolve._iterative
import time:     13695 |      13695 |                                                               scipy.sparse.linalg._interface
import time:      6257 |       6257 |                                                               scipy.sparse.linalg._isolve.utils
import time:      8742 |       8742 |                                                                 scipy._lib.decorator
import time:      5226 |      13968 |                                                               scipy._lib._threadsafety
import time:     15465 |      81537 |                                                             scipy.sparse.linalg._isolve.iterative
import time:      5635 |       5635 |                                                             scipy.sparse.linalg._isolve.minres
import time:      6112 |       6112 |                                                                     scipy.linalg._fblas
import time:       813 |        813 |                                                                     scipy.linalg._cblas
import time:       280 |        280 |                                                                     scipy.linalg._fblas_64
import time:     15709 |      22912 |                                                                   scipy.linalg.blas
import time:     12110 |      12110 |                                                                     scipy.linalg._flapack
import time:       382 |        382 |                                                                     scipy.linalg._clapack
import time:       265 |        265 |                                                                     scipy.linalg._flapack_64
import time:      6710 |      19466 |                                                                   scipy.linalg.lapack
import time:     12289 |      54665 |                                                                 scipy.linalg._misc
import time:      5321 |       5321 |                                                                   scipy.linalg.cython_lapack
import time:      4609 |       9930 |                                                                 scipy.linalg._cythonized_array_utils
import time:      7580 |       7580 |                                                                   scipy.linalg._decomp
import time:      4361 |       4361 |                                                                   scipy.linalg._decomp_svd
import time:      3549 |       3549 |                                                                   scipy.linalg._solve_toeplitz
import time:      9406 |      24894 |                                                                 scipy.linalg._basic
import time:      3314 |       3314 |                                                                   scipy.linalg._decomp_lu_cython
import time:      4571 |       7885 |                                                                 scipy.linalg._decomp_lu
import time:      4118 |       4118 |                                                                 scipy.linalg._decomp_ldl
import time:      2647 |       2647 |                                                                 scipy.linalg._decomp_cholesky
import time:      3105 |       3105 |                                                                 scipy.linalg._decomp_qr
import time:      3090 |       3090 |                                                                 scipy.linalg._decomp_qz
import time:      4310 |       4310 |                                                                 scipy.linalg._decomp_schur
import time:      2282 |       2282 |                                                                 scipy.linalg._decomp_polar
import time:      3936 |       3936 |                                                                   scipy.linalg._expm_frechet
import time:      4019 |       4019 |                                                                     scipy.linalg._matfuncs_sqrtm_triu
import time:      7664 |      11683 |                                                                   scipy.linalg._matfuncs_sqrtm
import time:      4200 |       4200 |                                                                     scipy.linalg.cython_blas
import time:      3778 |       7977 |                                                                   scipy.linalg._matfuncs_expm
import time:      4336 |      27931 |                                                                 scipy.linalg._matfuncs
import time:      4974 |       4974 |                                                                 scipy.linalg._special_matrices
import time:      3656 |       3656 |                                                                 scipy.linalg._solvers
import time:      4182 |       4182 |                                                                 scipy.linalg._procrustes
import time:      2792 |       2792 |                                                                 scipy.linalg._decomp_update
import time:      3034 |       3034 |                                                                 scipy.linalg._sketches
import time:      3300 |       3300 |                                                                 scipy.linalg._decomp_cossin
import time:      2510 |       2510 |                                                                 scipy.linalg.decomp
import time:      4998 |       4998 |                                                                 scipy.linalg.decomp_cholesky
import time:      2391 |       2391 |                                                                 scipy.linalg.decomp_lu
import time:      2710 |       2710 |                                                                 scipy.linalg.decomp_qr
import time:      2616 |       2616 |                                                                 scipy.linalg.decomp_svd
import time:      2205 |       2205 |                                                                 scipy.linalg.decomp_schur
import time:     12173 |      12173 |                                                                 scipy.linalg.basic
import time:      5290 |       5290 |                                                                 scipy.linalg.misc
import time:      3698 |       3698 |                                                                 scipy.linalg.special_matrices
import time:      7487 |       7487 |                                                                     scipy.linalg._flinalg
import time:      5106 |      12592 |                                                                   scipy.linalg._flinalg_py
import time:      3970 |      16562 |                                                                 scipy.linalg.flinalg
import time:      4547 |       4547 |                                                                 scipy.linalg.matfuncs
import time:     18305 |     244785 |                                                               scipy.linalg
import time:      4490 |       4490 |                                                               scipy.sparse.linalg._isolve._gcrotmk
import time:      4585 |     253860 |                                                             scipy.sparse.linalg._isolve.lgmres
import time:      3735 |       3735 |                                                             scipy.sparse.linalg._isolve.lsqr
import time:      3551 |       3551 |                                                             scipy.sparse.linalg._isolve.lsmr
import time:      3173 |       3173 |                                                             scipy.sparse.linalg._isolve.tfqmr
import time:     13878 |     365367 |                                                           scipy.sparse.linalg._isolve
import time:      4288 |       4288 |                                                               scipy.sparse.linalg._dsolve._superlu
import time:      2011 |       2011 |                                                                 scikits
import time:       193 |       2203 |                                                               scikits.umfpack
import time:      8764 |      15254 |                                                             scipy.sparse.linalg._dsolve.linsolve
import time:      3117 |       3117 |                                                             scipy.sparse.linalg._dsolve._add_newdocs
import time:      7250 |      25619 |                                                           scipy.sparse.linalg._dsolve
import time:      4705 |       4705 |                                                                 scipy.sparse.linalg._eigen.arpack._arpack
import time:     14385 |      19089 |                                                               scipy.sparse.linalg._eigen.arpack.arpack
import time:     10219 |      29308 |                                                             scipy.sparse.linalg._eigen.arpack
import time:      7399 |       7399 |                                                               scipy.sparse.linalg._eigen.lobpcg.lobpcg
import time:      7413 |      14812 |                                                             scipy.sparse.linalg._eigen.lobpcg
import time:      4231 |       4231 |                                                             scipy.sparse.linalg._eigen._svds
import time:      6006 |      54356 |                                                           scipy.sparse.linalg._eigen
import time:      4209 |       4209 |                                                               scipy.sparse.linalg._onenormest
import time:      7596 |      11805 |                                                             scipy.sparse.linalg._expm_multiply
import time:      7174 |      18978 |                                                           scipy.sparse.linalg._matfuncs
import time:     31801 |      31801 |                                                           scipy.sparse.linalg._norm
import time:     21617 |      21617 |                                                           scipy.sparse.linalg.isolve
import time:     29324 |      29324 |                                                           scipy.sparse.linalg.dsolve
import time:     13421 |      13421 |                                                           scipy.sparse.linalg.interface
import time:      3537 |       3537 |                                                           scipy.sparse.linalg.eigen
import time:      4616 |       4616 |                                                           scipy.sparse.linalg.matfuncs
import time:     14994 |     583623 |                                                         scipy.sparse.linalg
import time:      8295 |     591917 |                                                       scipy.sparse.csgraph._laplacian
import time:      2815 |       2815 |                                                           scipy.sparse.csgraph._tools
import time:      3248 |       6062 |                                                         scipy.sparse.csgraph._validation
import time:      5383 |      11445 |                                                       scipy.sparse.csgraph._shortest_path
import time:      2882 |       2882 |                                                       scipy.sparse.csgraph._traversal
import time:      2402 |       2402 |                                                       scipy.sparse.csgraph._min_spanning_tree
import time:      3201 |       3201 |                                                       scipy.sparse.csgraph._flow
import time:      2309 |       2309 |                                                       scipy.sparse.csgraph._matching
import time:      1942 |       1942 |                                                       scipy.sparse.csgraph._reordering
import time:      7009 |     623104 |                                                     scipy.sparse.csgraph
import time:      2645 |       2645 |                                                     scipy.sparse.base
import time:      2928 |       2928 |                                                     scipy.sparse.bsr
import time:      4006 |       4006 |                                                     scipy.sparse.compressed
import time:      2485 |       2485 |                                                     scipy.sparse.construct
import time:      2147 |       2147 |                                                     scipy.sparse.coo
import time:      1850 |       1850 |                                                     scipy.sparse.csc
import time:      2002 |       2002 |                                                     scipy.sparse.csr
import time:      2365 |       2365 |                                                     scipy.sparse.data
import time:      8065 |       8065 |                                                     scipy.sparse.dia
import time:      2340 |       2340 |                                                     scipy.sparse.dok
import time:      1802 |       1802 |                                                     scipy.sparse.extract
import time:      2937 |       2937 |                                                     scipy.sparse.lil
import time:      3732 |       3732 |                                                     scipy.sparse.sparsetools
import time:      2341 |       2341 |                                                     scipy.sparse.sputils
import time:     16452 |     788558 |                                                   scipy.sparse
import time:      3478 |       3478 |                                                         joblib._multiprocessing_helpers
import time:      5667 |       5667 |                                                           joblib.externals
import time:      9871 |       9871 |                                                           joblib.externals.loky._base
import time:       357 |        357 |                                                               multiprocessing.synchronize
import time:       338 |        338 |                                                                   multiprocessing.queues
import time:       873 |       1210 |                                                                 concurrent.futures.process
import time:     28607 |      28607 |                                                                 joblib.externals.loky.backend.process
import time:     12406 |      42222 |                                                               joblib.externals.loky.backend.context
import time:     10083 |      52661 |                                                             joblib.externals.loky.backend
import time:       121 |      52781 |                                                           joblib.externals.loky.backend.context
import time:      7826 |       7826 |                                                             joblib.externals.loky.backend._posix_reduction
import time:     13873 |      13873 |                                                               joblib.externals.cloudpickle.cloudpickle
import time:      8671 |      22543 |                                                             joblib.externals.cloudpickle
import time:      9733 |      40102 |                                                           joblib.externals.loky.backend.reduction
import time:        59 |         59 |                                                               faulthandler
import time:      9078 |       9078 |                                                               joblib.externals.loky.backend.queues
import time:      9979 |       9979 |                                                                   psutil._common
import time:        83 |         83 |                                                                     resource
import time:      7376 |       7376 |                                                                     psutil._psposix
import time:      3090 |       3090 |                                                                     psutil._psutil_linux
import time:     14022 |      24571 |                                                                   psutil._pslinux
import time:     26127 |      60675 |                                                                 psutil
import time:      7014 |      67689 |                                                               joblib.externals.loky.backend.utils
import time:      7959 |       7959 |                                                               joblib.externals.loky.initializers
import time:     11490 |      96273 |                                                             joblib.externals.loky.process_executor
import time:      7052 |     103325 |                                                           joblib.externals.loky.reusable_executor
import time:      8667 |       8667 |                                                           joblib.externals.loky.cloudpickle_wrapper
import time:     11288 |     231698 |                                                         joblib.externals.loky
import time:      7325 |     242500 |                                                       joblib._cloudpickle_wrapper
import time:      5225 |       5225 |                                                         joblib._utils
import time:       510 |        510 |                                                         multiprocessing.pool
import time:      4134 |       4134 |                                                             joblib.backports
import time:      6471 |       6471 |                                                             joblib.disk
import time:        78 |         78 |                                                                   runpy
import time:       453 |        530 |                                                                 multiprocessing.spawn
import time:        69 |         69 |                                                                 _posixshmem
import time:       534 |       1132 |                                                               multiprocessing.resource_tracker
import time:     14400 |      14400 |                                                               joblib.externals.loky.backend.spawn
import time:      8546 |      24077 |                                                             joblib.externals.loky.backend.resource_tracker
import time:      1481 |       1481 |                                                                 lz4
import time:      8125 |       9606 |                                                               joblib.compressor
import time:      5064 |       5064 |                                                                 joblib.numpy_pickle_utils
import time:      4438 |       9502 |                                                               joblib.numpy_pickle_compat
import time:      6669 |      25776 |                                                             joblib.numpy_pickle
import time:      5820 |      66277 |                                                           joblib._memmapping_reducer
import time:      4353 |      70629 |                                                         joblib.executor
import time:      6449 |       6449 |                                                         joblib.pool
import time:      8632 |      91444 |                                                       joblib._parallel_backends
import time:      3778 |       3778 |                                                         joblib.logger
import time:      7702 |      11479 |                                                       joblib._store_backends
import time:      3918 |       3918 |                                                       joblib.hashing
import time:      1108 |       1108 |                                                           _sysconfigdata__linux_x86_64-linux-gnu
import time:      2459 |       3567 |                                                         pydoc
import time:      5193 |       5193 |                                                         joblib.func_inspect
import time:      8518 |      17277 |                                                       joblib.memory
import time:      9019 |       9019 |                                                       joblib.parallel
import time:      5870 |     381505 |                                                     joblib
import time:      5138 |     386642 |                                                   sklearn.utils._joblib
import time:      3543 |       3543 |                                                       sklearn.utils._bunch
import time:      6656 |      10199 |                                                     sklearn.utils._metadata_requests
import time:      3154 |      13352 |                                                   sklearn.utils.metadata_routing
import time:      4084 |       4084 |                                                   sklearn.utils._estimator_html_repr
import time:      5961 |       5961 |                                                           scipy.special._sf_error
import time:      3642 |       3642 |                                                             scipy.special._ufuncs_cxx
import time:      7128 |      10769 |                                                           scipy.special._ufuncs
import time:      3632 |       3632 |                                                             scipy.special._specfun
import time:      2375 |       2375 |                                                             scipy.special._comb
import time:      7749 |      13754 |                                                           scipy.special._basic
import time:      3417 |       3417 |                                                           scipy.special._logsumexp
import time:      8490 |       8490 |                                                           scipy.special._orthogonal
import time:      3139 |       3139 |                                                           scipy.special._spfun_stats
import time:      2302 |       2302 |                                                             scipy.special._ellip_harm_2
import time:      4050 |       6351 |                                                           scipy.special._ellip_harm
import time:      2214 |       2214 |                                                           scipy.special._lambertw
import time:      2311 |       2311 |                                                           scipy.special._spherical_bessel
import time:      5984 |       5984 |                                                             scipy.special._add_newdocs
import time:      2268 |       8252 |                                                           scipy.special.add_newdocs
import time:      3099 |       3099 |                                                           scipy.special.basic
import time:      3006 |       3006 |                                                           scipy.special.orthogonal
import time:      2624 |       2624 |                                                           scipy.special.specfun
import time:      2752 |       2752 |                                                           scipy.special.sf_error
import time:      5712 |       5712 |                                                           scipy.special.spfun_stats
import time:      8105 |      89949 |                                                         scipy.special
import time:      4804 |       4804 |                                                             scipy.stats._warnings_errors
import time:     10403 |      10403 |                                                                 numpy.testing._private
import time:     24641 |      24641 |                                                                 numpy.testing._private.utils
import time:      6381 |       6381 |                                                                 numpy.testing._private.extbuild
import time:      4695 |       4695 |                                                                 numpy.testing.overrides
import time:     14429 |      60547 |                                                               numpy.testing
import time:      4134 |       4134 |                                                                     scipy.spatial._ckdtree
import time:      9259 |      13392 |                                                                   scipy.spatial._kdtree
import time:      1993 |       1993 |                                                                     scipy._lib.messagestream
import time:      4936 |       6928 |                                                                   scipy.spatial._qhull
import time:      2097 |       2097 |                                                                     scipy.spatial._voronoi
import time:      4019 |       6115 |                                                                   scipy.spatial._spherical_voronoi
import time:     27852 |      27852 |                                                                   scipy.spatial._plotutils
import time:      4262 |       4262 |                                                                   scipy.spatial._procrustes
import time:      6682 |       6682 |                                                                       scipy.spatial._distance_wrap
import time:      1864 |       1864 |                                                                       scipy.spatial._hausdorff
import time:      3184 |       3184 |                                                                       scipy.spatial._distance_pybind
import time:     10962 |      22690 |                                                                     scipy.spatial.distance
import time:      5925 |      28614 |                                                                   scipy.spatial._geometric_slerp
import time:      3929 |       3929 |                                                                   scipy.spatial.ckdtree
import time:      2076 |       2076 |                                                                   scipy.spatial.kdtree
import time:      2774 |       2774 |                                                                   scipy.spatial.qhull
import time:      1386 |       1386 |                                                                       backports_abc
import time:     12710 |      12710 |                                                                           scipy.constants._codata
import time:      4897 |       4897 |                                                                           scipy.constants._constants
import time:      3573 |       3573 |                                                                           scipy.constants.codata
import time:      3157 |       3157 |                                                                           scipy.constants.constants
import time:      5707 |      30043 |                                                                         scipy.constants
import time:      3191 |      33234 |                                                                       scipy.spatial.transform._rotation_groups
import time:      7052 |      41671 |                                                                     scipy.spatial.transform._rotation
import time:      3441 |       3441 |                                                                     scipy.spatial.transform._rotation_spline
import time:      2772 |       2772 |                                                                     scipy.spatial.transform.rotation
import time:      4439 |      52321 |                                                                   scipy.spatial.transform
import time:      8403 |     156662 |                                                                 scipy.spatial
import time:       194 |     156855 |                                                               scipy.spatial.distance
import time:      3578 |       3578 |                                                                   scipy.ndimage._ni_support
import time:      2621 |       2621 |                                                                   scipy.ndimage._nd_image
import time:      2490 |       2490 |                                                                     scipy._lib.doccer
import time:      2775 |       5264 |                                                                   scipy.ndimage._ni_docstrings
import time:     12504 |      23966 |                                                                 scipy.ndimage._filters
import time:      2773 |       2773 |                                                                 scipy.ndimage._fourier
import time:      4365 |       4365 |                                                                 scipy.ndimage._interpolation
import time:      5957 |       5957 |                                                                   scipy.ndimage._ni_label
import time:      6123 |       6123 |                                                                   scipy.ndimage._morphology
import time:      5374 |      17453 |                                                                 scipy.ndimage._measurements
import time:      2580 |       2580 |                                                                 scipy.ndimage.filters
import time:      3024 |       3024 |                                                                 scipy.ndimage.fourier
import time:      3509 |       3509 |                                                                 scipy.ndimage.interpolation
import time:      2338 |       2338 |                                                                 scipy.ndimage.measurements
import time:      2390 |       2390 |                                                                 scipy.ndimage.morphology
import time:      5655 |      68050 |                                                               scipy.ndimage
import time:      8487 |       8487 |                                                                   scipy.stats._distr_params
import time:      2785 |       2785 |                                                                       scipy.optimize._minpack2
import time:      5908 |       8692 |                                                                     scipy.optimize._linesearch
import time:      5182 |       5182 |                                                                       scipy.optimize._group_columns
import time:      7499 |      12681 |                                                                     scipy.optimize._numdiff
import time:      3315 |       3315 |                                                                     scipy.optimize._hessian_update_strategy
import time:      4904 |       4904 |                                                                     scipy.optimize._differentiable_functions
import time:     17626 |      47216 |                                                                   scipy.optimize._optimize
import time:      2856 |       2856 |                                                                       scipy.optimize._trustregion
import time:      2444 |       5300 |                                                                     scipy.optimize._trustregion_dogleg
import time:      2628 |       2628 |                                                                     scipy.optimize._trustregion_ncg
import time:      5307 |       5307 |                                                                         scipy.optimize._trlib._trlib
import time:      4319 |       9626 |                                                                       scipy.optimize._trlib
import time:      2621 |      12247 |                                                                     scipy.optimize._trustregion_krylov
import time:      3275 |       3275 |                                                                     scipy.optimize._trustregion_exact
import time:      3916 |       3916 |                                                                         scipy.optimize._constraints
import time:      1476 |       1476 |                                                                               sksparse
import time:       145 |       1620 |                                                                             sksparse.cholmod
import time:      4416 |       6036 |                                                                           scipy.optimize._trustregion_constr.projections
import time:      4163 |       4163 |                                                                           scipy.optimize._trustregion_constr.qp_subproblem
import time:      5884 |      16083 |                                                                         scipy.optimize._trustregion_constr.equality_constrained_sqp
import time:      5419 |       5419 |                                                                         scipy.optimize._trustregion_constr.canonical_constraint
import time:      4329 |       4329 |                                                                         scipy.optimize._trustregion_constr.tr_interior_point
import time:      4256 |       4256 |                                                                         scipy.optimize._trustregion_constr.report
import time:      8050 |      42050 |                                                                       scipy.optimize._trustregion_constr.minimize_trustregion_constr
import time:      5451 |      47500 |                                                                     scipy.optimize._trustregion_constr
import time:      2734 |       2734 |                                                                       scipy.optimize._lbfgsb
import time:      4757 |       7490 |                                                                     scipy.optimize._lbfgsb_py
import time:      2659 |       2659 |                                                                       scipy.optimize._moduleTNC
import time:      3427 |       6085 |                                                                     scipy.optimize._tnc
import time:      2045 |       2045 |                                                                       scipy.optimize._cobyla
import time:      4761 |       6805 |                                                                     scipy.optimize._cobyla_py
import time:      2630 |       2630 |                                                                       scipy.optimize._slsqp
import time:      3812 |       6441 |                                                                     scipy.optimize._slsqp_py
import time:      5765 |     103532 |                                                                   scipy.optimize._minimize
import time:      2610 |       2610 |                                                                       scipy.optimize._minpack
import time:      5044 |       5044 |                                                                             scipy.optimize._lsq.common
import time:      5034 |      10077 |                                                                           scipy.optimize._lsq.trf
import time:      7410 |       7410 |                                                                           scipy.optimize._lsq.dogbox
import time:      7570 |      25056 |                                                                         scipy.optimize._lsq.least_squares
import time:      5190 |       5190 |                                                                             scipy.optimize._lsq.givens_elimination
import time:      6139 |      11329 |                                                                           scipy.optimize._lsq.trf_linear
import time:     11570 |      11570 |                                                                           scipy.optimize._lsq.bvls
import time:      5232 |      28129 |                                                                         scipy.optimize._lsq.lsq_linear
import time:      4264 |      57448 |                                                                       scipy.optimize._lsq
import time:      4904 |      64961 |                                                                     scipy.optimize._minpack_py
import time:      5867 |       5867 |                                                                     scipy.optimize._spectral
import time:      9096 |       9096 |                                                                     scipy.optimize._nonlin
import time:      5522 |      85444 |                                                                   scipy.optimize._root
import time:      2517 |       2517 |                                                                       scipy.optimize._zeros
import time:      6668 |       9184 |                                                                     scipy.optimize._zeros_py
import time:      4810 |      13994 |                                                                   scipy.optimize._root_scalar
import time:      2285 |       2285 |                                                                     scipy.optimize.__nnls
import time:      3358 |       5642 |                                                                   scipy.optimize._nnls
import time:      4028 |       4028 |                                                                   scipy.optimize._basinhopping
import time:      5889 |       5889 |                                                                         scipy.optimize._highs
import time:      9639 |      15527 |                                                                       scipy.optimize._highs._highs_wrapper
import time:      1870 |       1870 |                                                                       scipy.optimize._highs._highs_constants
import time:      4440 |      21836 |                                                                     scipy.optimize._linprog_highs
import time:      2874 |       2874 |                                                                               scipy.linalg._interpolative
import time:      4748 |       7622 |                                                                             scipy.linalg._interpolative_backend
import time:      4099 |      11720 |                                                                           scipy.linalg.interpolative
import time:      3475 |      15194 |                                                                         scipy.optimize._remove_redundancy
import time:      5760 |      20954 |                                                                       scipy.optimize._linprog_util
import time:      1328 |       1328 |                                                                       sksparse
import time:      1310 |       1310 |                                                                         scikits
import time:       111 |       1420 |                                                                       scikits.umfpack
import time:      5822 |      29523 |                                                                     scipy.optimize._linprog_ip
import time:      3509 |       3509 |                                                                     scipy.optimize._linprog_simplex
import time:      5186 |       5186 |                                                                       scipy.optimize._bglu_dense
import time:     17208 |      22393 |                                                                     scipy.optimize._linprog_rs
import time:      4256 |       4256 |                                                                     scipy.optimize._linprog_doc
import time:      7556 |      89071 |                                                                   scipy.optimize._linprog
import time:      4942 |       4942 |                                                                   scipy.optimize._lsap
import time:      6049 |       6049 |                                                                   scipy.optimize._differentialevolution
import time:      4378 |       4378 |                                                                       scipy.optimize._shgo_lib
import time:      5587 |       5587 |                                                                       scipy.optimize._shgo_lib._vertex
import time:      9874 |      19838 |                                                                     scipy.optimize._shgo_lib._complex
import time:      6857 |      26694 |                                                                   scipy.optimize._shgo
import time:      4557 |       4557 |                                                                   scipy.optimize._dual_annealing
import time:     11018 |      11018 |                                                                   scipy.optimize._qap
import time:      2144 |       2144 |                                                                     scipy.optimize._direct
import time:      4604 |       6748 |                                                                   scipy.optimize._direct_py
import time:      3072 |       3072 |                                                                   scipy.optimize._milp
import time:      3081 |       3081 |                                                                   scipy.optimize.cobyla
import time:      2767 |       2767 |                                                                   scipy.optimize.lbfgsb
import time:      2441 |       2441 |                                                                   scipy.optimize.linesearch
import time:      3146 |       3146 |                                                                   scipy.optimize.minpack
import time:      3176 |       3176 |                                                                   scipy.optimize.minpack2
import time:      5819 |       5819 |                                                                   scipy.optimize.moduleTNC
import time:      2143 |       2143 |                                                                   scipy.optimize.nonlin
import time:      2501 |       2501 |                                                                   scipy.optimize.optimize
import time:      2247 |       2247 |                                                                   scipy.optimize.slsqp
import time:      3055 |       3055 |                                                                   scipy.optimize.tnc
import time:      2401 |       2401 |                                                                   scipy.optimize.zeros
import time:      8880 |       8880 |                                                                   scipy.integrate._quadrature
import time:      3287 |       3287 |                                                                     scipy.integrate._odepack
import time:      4067 |       7353 |                                                                   scipy.integrate._odepack_py
import time:      1927 |       1927 |                                                                     scipy.integrate._quadpack
import time:      4469 |       6396 |                                                                   scipy.integrate._quadpack_py
import time:      3551 |       3551 |                                                                     scipy.integrate._vode
import time:      1795 |       1795 |                                                                     scipy.integrate._dop
import time:      1990 |       1990 |                                                                     scipy.integrate._lsoda
import time:      6798 |      14132 |                                                                   scipy.integrate._ode
import time:      4831 |       4831 |                                                                   scipy.integrate._bvp
import time:      7491 |       7491 |                                                                         scipy.integrate._ivp.common
import time:      3593 |       3593 |                                                                         scipy.integrate._ivp.base
import time:      5365 |      16448 |                                                                       scipy.integrate._ivp.bdf
import time:      5163 |       5163 |                                                                       scipy.integrate._ivp.radau
import time:      4191 |       4191 |                                                                         scipy.integrate._ivp.dop853_coefficients
import time:     23894 |      28085 |                                                                       scipy.integrate._ivp.rk
import time:      3850 |       3850 |                                                                       scipy.integrate._ivp.lsoda
import time:      8391 |      61935 |                                                                     scipy.integrate._ivp.ivp
import time:      6725 |      68659 |                                                                   scipy.integrate._ivp
import time:      4235 |       4235 |                                                                   scipy.integrate._quad_vec
import time:      2016 |       2016 |                                                                   scipy.integrate.dop
import time:      1963 |       1963 |                                                                   scipy.integrate.lsoda
import time:      3407 |       3407 |                                                                   scipy.integrate.vode
import time:      2209 |       2209 |                                                                   scipy.integrate.odepack
import time:      2423 |       2423 |                                                                   scipy.integrate.quadpack
import time:      2393 |       2393 |                                                                   scipy._lib._finite_differences
import time:      3170 |       3170 |                                                                   scipy.stats._constants
import time:      5318 |       5318 |                                                                   scipy.stats._censored_data
import time:     36596 |     627232 |                                                                 scipy.stats._distn_infrastructure
import time:     14183 |      14183 |                                                                     scipy.special.cython_special
import time:      6857 |      21040 |                                                                   scipy.stats._stats
import time:      3779 |       3779 |                                                                   scipy.stats._tukeylambda_stats
import time:      6010 |       6010 |                                                                   scipy.stats._ksstats
import time:      6828 |       6828 |                                                                     scipy.stats._boost.beta_ufunc
import time:      4926 |       4926 |                                                                     scipy.stats._boost.binom_ufunc
import time:      3852 |       3852 |                                                                     scipy.stats._boost.nbinom_ufunc
import time:      3283 |       3283 |                                                                     scipy.stats._boost.hypergeom_ufunc
import time:      2900 |       2900 |                                                                     scipy.stats._boost.ncf_ufunc
import time:      2931 |       2931 |                                                                     scipy.stats._boost.ncx2_ufunc
import time:      2985 |       2985 |                                                                     scipy.stats._boost.nct_ufunc
import time:      2558 |       2558 |                                                                     scipy.stats._boost.skewnorm_ufunc
import time:      2157 |       2157 |                                                                     scipy.stats._boost.invgauss_ufunc
import time:      7881 |      40297 |                                                                   scipy.stats._boost
import time:     94203 |     165328 |                                                                 scipy.stats._continuous_distns
import time:     20525 |      20525 |                                                                           scipy.interpolate._fitpack
import time:      2599 |       2599 |                                                                           scipy.interpolate.dfitpack
import time:      7110 |      30233 |                                                                         scipy.interpolate._fitpack_impl
import time:     10759 |      10759 |                                                                           scipy.interpolate._bspl
import time:      8129 |      18888 |                                                                         scipy.interpolate._bsplines
import time:      5255 |      54374 |                                                                       scipy.interpolate._fitpack_py
import time:      3932 |       3932 |                                                                       scipy.interpolate._polyint
import time:      4809 |       4809 |                                                                       scipy.interpolate._ppoly
import time:      2811 |       2811 |                                                                       scipy.interpolate.interpnd
import time:     13746 |      79671 |                                                                     scipy.interpolate._interpolate
import time:     13334 |      13334 |                                                                     scipy.interpolate._fitpack2
import time:      8711 |       8711 |                                                                     scipy.interpolate._rbf
import time:      4159 |       4159 |                                                                       scipy.interpolate._rbfinterp_pythran
import time:      4838 |       8997 |                                                                     scipy.interpolate._rbfinterp
import time:      6976 |       6976 |                                                                     scipy.interpolate._cubic
import time:     11051 |      11051 |                                                                     scipy.interpolate._ndgriddata
import time:      4273 |       4273 |                                                                     scipy.interpolate._pade
import time:      3368 |       3368 |                                                                       scipy.interpolate._rgi_cython
import time:      5588 |       8956 |                                                                     scipy.interpolate._rgi
import time:      4315 |       4315 |                                                                     scipy.interpolate.fitpack
import time:      3416 |       3416 |                                                                     scipy.interpolate.fitpack2
import time:      4908 |       4908 |                                                                     scipy.interpolate.interpolate
import time:      4809 |       4809 |                                                                     scipy.interpolate.ndgriddata
import time:      3084 |       3084 |                                                                     scipy.interpolate.polyint
import time:      2856 |       2856 |                                                                     scipy.interpolate.rbf
import time:     38254 |     203604 |                                                                   scipy.interpolate
import time:      2802 |       2802 |                                                                   scipy.stats._biasedurn
import time:     22707 |     229112 |                                                                 scipy.stats._discrete_distns
import time:      5385 |       5385 |                                                                   scipy.stats._levy_stable.levyst
import time:     10375 |      15760 |                                                                 scipy.stats._levy_stable
import time:      3779 |       3779 |                                                                 scipy.stats._entropy
import time:     10335 |    1051544 |                                                               scipy.stats.distributions
import time:      2962 |       2962 |                                                                 scipy._lib._bunch
import time:      3683 |       3683 |                                                                   scipy.stats._stats_pythran
import time:      3915 |       7598 |                                                                 scipy.stats._stats_mstats_common
import time:     12608 |      23167 |                                                               scipy.stats._mstats_basic
import time:      3060 |       3060 |                                                                 scipy.stats._common
import time:      1331 |       1331 |                                                                       uarray
import time:      4053 |       4053 |                                                                           scipy._lib._uarray._uarray
import time:      6240 |      10292 |                                                                         scipy._lib._uarray._backend
import time:      7747 |      18039 |                                                                       scipy._lib._uarray
import time:      2697 |      22066 |                                                                     scipy._lib.uarray
import time:      6134 |      28199 |                                                                   scipy.fft._basic
import time:      3800 |       3800 |                                                                   scipy.fft._realtransforms
import time:      4709 |       4709 |                                                                   scipy.fft._fftlog
import time:      5133 |       5133 |                                                                   scipy.fft._fftlog_multimethods
import time:      6977 |       6977 |                                                                         scipy.fft._pocketfft.pypocketfft
import time:      3034 |       3034 |                                                                         scipy.fft._pocketfft.helper
import time:     18414 |      28423 |                                                                       scipy.fft._pocketfft.basic
import time:      2416 |       2416 |                                                                       scipy.fft._pocketfft.realtransforms
import time:      7106 |      37944 |                                                                     scipy.fft._pocketfft
import time:      3391 |      41335 |                                                                   scipy.fft._helper
import time:      3857 |       3857 |                                                                   scipy.fft._backend
import time:      8983 |      96013 |                                                                 scipy.fft
import time:      7570 |     106642 |                                                               scipy.stats._hypotests
import time:      6122 |       6122 |                                                                   scipy._lib._docscrape
import time:      4845 |      10966 |                                                                 scipy.stats._axis_nan_policy
import time:      8749 |      19714 |                                                               scipy.stats._resampling
import time:      3989 |       3989 |                                                               scipy.stats._binomtest
import time:     40894 |    1531397 |                                                             scipy.stats._stats_py
import time:      2553 |       2553 |                                                             scipy.stats._variation
import time:      2187 |       2187 |                                                               scipy.stats._statlib
import time:      5508 |       5508 |                                                               scipy.stats._fit
import time:      5008 |       5008 |                                                                 scipy.stats._relative_risk
import time:      2398 |       2398 |                                                                 scipy.stats._crosstab
import time:      2796 |       2796 |                                                                 scipy.stats._odds_ratio
import time:      3689 |      13889 |                                                               scipy.stats.contingency
import time:     14758 |      36340 |                                                             scipy.stats._morestats
import time:      2727 |       2727 |                                                                 scipy.stats._sobol
import time:      3981 |       3981 |                                                                 scipy.stats._qmc_cy
import time:      8308 |      15015 |                                                               scipy.stats._qmc
import time:      4780 |      19794 |                                                             scipy.stats._multicomp
import time:      4249 |       4249 |                                                             scipy.stats._binned_statistic
import time:      1705 |       1705 |                                                               scipy.stats._mvn
import time:      3724 |       5428 |                                                             scipy.stats._kde
import time:      3523 |       3523 |                                                               scipy.stats._mstats_extras
import time:      2387 |       5909 |                                                             scipy.stats.mstats
import time:      2340 |       2340 |                                                             scipy.stats.qmc
import time:      4420 |       4420 |                                                               scipy.stats._covariance
import time:      6233 |       6233 |                                                                 scipy.stats._rcont.rcont
import time:      4913 |      11146 |                                                               scipy.stats._rcont
import time:      4469 |       4469 |                                                               scipy.stats._qmvnt
import time:     22201 |      42235 |                                                             scipy.stats._multivariate
import time:      2817 |       2817 |                                                             scipy.stats._rvs_sampling
import time:      3532 |       3532 |                                                             scipy.stats._page_trend_test
import time:      7590 |       7590 |                                                             scipy.stats._mannwhitneyu
import time:      4186 |       4186 |                                                             scipy.stats._sensitivity_analysis
import time:      8183 |       8183 |                                                             scipy.stats._survival
import time:      2637 |       2637 |                                                             scipy.stats.biasedurn
import time:      2207 |       2207 |                                                             scipy.stats.kde
import time:      2033 |       2033 |                                                             scipy.stats.morestats
import time:      2582 |       2582 |                                                             scipy.stats.mstats_basic
import time:      2202 |       2202 |                                                             scipy.stats.mstats_extras
import time:      3717 |       3717 |                                                             scipy.stats.mvn
import time:      2248 |       2248 |                                                             scipy.stats.statlib
import time:      2117 |       2117 |                                                             scipy.stats.stats
import time:     14973 |    1716063 |                                                           scipy.stats
import time:      6166 |       6166 |                                                           threadpoolctl
import time:     20765 |      20765 |                                                               sklearn.externals
import time:      7196 |      27960 |                                                             sklearn.externals._packaging
import time:      4420 |       4420 |                                                             sklearn.externals._packaging._structures
import time:     14648 |      47027 |                                                           sklearn.externals._packaging.version
import time:      6582 |       6582 |                                                           sklearn.utils.deprecation
import time:      5690 |    1781526 |                                                         sklearn.utils.fixes
import time:      9726 |    1881200 |                                                       sklearn.utils._array_api
import time:       190 |        190 |                                                         sklearn.utils.collections
import time:       147 |        147 |                                                         sklearn.utils.enum
import time:      3981 |       4317 |                                                       sklearn.utils._isfinite
import time:      8544 |    1894059 |                                                     sklearn.utils.validation
import time:      8831 |    1902889 |                                                   sklearn.utils._param_validation
import time:      2974 |       2974 |                                                   sklearn.utils.class_weight
import time:      2737 |       2737 |                                                   sklearn.utils.discovery
import time:      3065 |       3065 |                                                   sklearn.utils.murmurhash
import time:     15728 |    3120025 |                                                 sklearn.utils
import time:      2107 |       2107 |                                                   sklearn.utils._available_if
import time:      3088 |       5194 |                                                 sklearn.utils._set_output
import time:      2101 |       2101 |                                                 sklearn.utils._tags
import time:      5476 |    3135550 |                                               sklearn.base
import time:      1807 |       1807 |                                                 sklearn.utils._openmp_helpers
import time:      5969 |       7776 |                                               sklearn.utils._show_versions
import time:      8819 |    3188275 |                                             sklearn
import time:     13501 |      13501 |                                               sklearn.metrics.cluster._bicluster
import time:      5032 |       5032 |                                                 sklearn.utils.multiclass
import time:      5325 |       5325 |                                                 sklearn.metrics.cluster._expected_mutual_info_fast
import time:      7841 |      18197 |                                               sklearn.metrics.cluster._supervised
import time:      2878 |       2878 |                                                       sklearn.utils._logistic_sigmoid
import time:      3763 |       3763 |                                                       sklearn.utils.sparsefuncs_fast
import time:      5121 |      11761 |                                                     sklearn.utils.extmath
import time:      4418 |       4418 |                                                     sklearn.utils.sparsefuncs
import time:      6494 |       6494 |                                                       sklearn.utils._encode
import time:     15504 |      15504 |                                                       sklearn.utils._mask
import time:     11183 |      33180 |                                                     sklearn.preprocessing._encoders
import time:     15296 |      64653 |                                                   sklearn.preprocessing._data
import time:      3371 |       3371 |                                                     sklearn.utils.stats
import time:     17155 |      20526 |                                                   sklearn.preprocessing._discretization
import time:      3896 |       3896 |                                                     sklearn.utils.metaestimators
import time:      5739 |       9635 |                                                   sklearn.preprocessing._function_transformer
import time:      6367 |       6367 |                                                   sklearn.preprocessing._label
import time:      4060 |       4060 |                                                     sklearn.preprocessing._csr_polynomial_expansion
import time:      7777 |      11837 |                                                   sklearn.preprocessing._polynomial
import time:      3583 |       3583 |                                                     sklearn.preprocessing._target_encoder_fast
import time:      4685 |       8267 |                                                   sklearn.preprocessing._target_encoder
import time:     10398 |     131680 |                                                 sklearn.preprocessing
import time:      3645 |       3645 |                                                   sklearn.utils.parallel
import time:      5531 |       5531 |                                                       sklearn.metrics._dist_metrics
import time:      5661 |       5661 |                                                           sklearn.metrics._pairwise_distances_reduction._datasets_pair
import time:       246 |        246 |                                                             sklearn.utils.collections
import time:       261 |        261 |                                                             sklearn.utils.enum
import time:      5901 |       6407 |                                                           sklearn.utils._cython_blas
import time:     14007 |      26075 |                                                         sklearn.metrics._pairwise_distances_reduction._base
import time:      3829 |       3829 |                                                         sklearn.metrics._pairwise_distances_reduction._middle_term_computer
import time:      2635 |       2635 |                                                         sklearn.utils._heap
import time:      2361 |       2361 |                                                         sklearn.utils._sorting
import time:     16902 |      51799 |                                                       sklearn.metrics._pairwise_distances_reduction._argkmin
import time:       232 |        232 |                                                         sklearn.metrics._pairwise_distances_reduction.collections
import time:       167 |        167 |                                                         sklearn.metrics._pairwise_distances_reduction.enum
import time:      4713 |       5111 |                                                       sklearn.metrics._pairwise_distances_reduction._argkmin_classmode
import time:     98698 |      98698 |                                                         sklearn.utils._vector_sentinel
import time:      4684 |     103382 |                                                       sklearn.metrics._pairwise_distances_reduction._radius_neighbors
import time:     12266 |     178086 |                                                     sklearn.metrics._pairwise_distances_reduction._dispatcher
import time:      8287 |     186373 |                                                   sklearn.metrics._pairwise_distances_reduction
import time:      3214 |       3214 |                                                   sklearn.metrics._pairwise_fast
import time:      7559 |     200789 |                                                 sklearn.metrics.pairwise
import time:      3879 |     336347 |                                               sklearn.metrics.cluster._unsupervised
import time:     27190 |     395233 |                                             sklearn.metrics.cluster
import time:      8015 |       8015 |                                             sklearn.metrics._classification
import time:      5269 |       5269 |                                               sklearn.metrics._plot
import time:      5955 |      11224 |                                             sklearn.metrics._plot.confusion_matrix
import time:      2586 |       2586 |                                                 sklearn.utils._response
import time:      2727 |       5312 |                                               sklearn.utils._plotting
import time:     13269 |      13269 |                                                 sklearn.metrics._base
import time:      6042 |      19310 |                                               sklearn.metrics._ranking
import time:      4003 |      28624 |                                             sklearn.metrics._plot.det_curve
import time:      4922 |       4922 |                                             sklearn.metrics._plot.precision_recall_curve
import time:      3599 |       3599 |                                             sklearn.metrics._plot.regression
import time:      3825 |       3825 |                                             sklearn.metrics._plot.roc_curve
import time:      5078 |       5078 |                                             sklearn.metrics._regression
import time:     13143 |      13143 |                                             sklearn.metrics._scorer
import time:      8511 |    3670445 |                                           sklearn.metrics
import time:     17359 |      17359 |                                           transformers.generation.logits_process
import time:     12367 |    3700170 |                                         transformers.generation.candidate_generator
import time:     12066 |      12066 |                                         transformers.generation.configuration_utils
import time:      9354 |       9354 |                                         transformers.generation.stopping_criteria
import time:     38518 |    4100304 |                                       transformers.models.auto.auto_factory
import time:      4545 |       4545 |                                         tokenizers.trainers
import time:      8295 |      12839 |                                       transformers.tokenization_utils_fast
import time:    146656 |   13892277 |                                     torchmetrics.functional.text.bert
import time:      7517 |       7517 |                                     torchmetrics.functional.text.infolm
import time:     12287 |   14093958 |                                   torchmetrics.functional.text
import time:      8232 |   14102190 |                                 torchmetrics.functional.text._deprecated
import time:      8009 |   36860079 |                               torchmetrics.functional
import time:      9546 |       9546 |                                       torchmetrics.wrappers.abstract
import time:     11935 |      21481 |                                     torchmetrics.wrappers.bootstrapping
import time:      5427 |       5427 |                                     torchmetrics.wrappers.classwise
import time:     12914 |      12914 |                                     torchmetrics.wrappers.minmax
import time:      5264 |       5264 |                                     torchmetrics.wrappers.multioutput
import time:      5707 |       5707 |                                       torchmetrics.collections
import time:      7901 |      13608 |                                     torchmetrics.wrappers.multitask
import time:      6124 |       6124 |                                     torchmetrics.wrappers.running
import time:      6840 |       6840 |                                     torchmetrics.wrappers.tracker
import time:     11140 |      82795 |                                   torchmetrics.wrappers
import time:       144 |      82938 |                                 torchmetrics.wrappers.running
import time:      5656 |      88594 |                               torchmetrics.aggregation
import time:      8451 |       8451 |                                   torchmetrics.audio.pit
import time:     20614 |      20614 |                                   torchmetrics.audio.sdr
import time:      8958 |       8958 |                                   torchmetrics.audio.snr
import time:      8424 |      46445 |                                 torchmetrics.audio
import time:      5326 |      51771 |                               torchmetrics.audio._deprecated
import time:     17481 |      17481 |                                   torchmetrics.classification.base
import time:     13191 |      13191 |                                   torchmetrics.classification.stat_scores
import time:     18194 |      48865 |                                 torchmetrics.classification.accuracy
import time:     12462 |      12462 |                                   torchmetrics.classification.precision_recall_curve
import time:      9142 |      21604 |                                 torchmetrics.classification.auroc
import time:     11368 |      11368 |                                 torchmetrics.classification.average_precision
import time:      7538 |       7538 |                                 torchmetrics.classification.calibration_error
import time:      7939 |       7939 |                                   torchmetrics.classification.confusion_matrix
import time:      7713 |      15651 |                                 torchmetrics.classification.cohen_kappa
import time:      8438 |       8438 |                                 torchmetrics.classification.dice
import time:      8758 |       8758 |                                 torchmetrics.classification.exact_match
import time:      9234 |       9234 |                                 torchmetrics.classification.f_beta
import time:      6568 |       6568 |                                 torchmetrics.classification.group_fairness
import time:      5825 |       5825 |                                 torchmetrics.classification.hamming
import time:      5081 |       5081 |                                 torchmetrics.classification.hinge
import time:      4978 |       4978 |                                 torchmetrics.classification.jaccard
import time:      5948 |       5948 |                                 torchmetrics.classification.matthews_corrcoef
import time:      5477 |       5477 |                                 torchmetrics.classification.precision_fixed_recall
import time:      6643 |       6643 |                                 torchmetrics.classification.precision_recall
import time:      6234 |       6234 |                                 torchmetrics.classification.ranking
import time:      7206 |       7206 |                                 torchmetrics.classification.recall_fixed_precision
import time:      5697 |       5697 |                                 torchmetrics.classification.roc
import time:      6857 |       6857 |                                 torchmetrics.classification.specificity
import time:      5629 |       5629 |                                 torchmetrics.classification.specificity_sensitivity
import time:     12252 |     215840 |                               torchmetrics.classification
import time:     24660 |      24660 |                                   torchmetrics.detection.panoptic_qualities
import time:      5173 |       5173 |                                       torchmetrics.detection.helpers
import time:     10503 |      15676 |                                     torchmetrics.detection.iou
import time:      4758 |      20433 |                                   torchmetrics.detection.giou
import time:     12761 |      12761 |                                   torchmetrics.detection.mean_ap
import time:      8148 |       8148 |                                   torchmetrics.detection.ciou
import time:      7403 |       7403 |                                   torchmetrics.detection.diou
import time:      8174 |      81577 |                                 torchmetrics.detection
import time:      9659 |      91236 |                               torchmetrics.detection._deprecated
import time:     10531 |      10531 |                                   torchmetrics.image.d_lambda
import time:      6348 |       6348 |                                   torchmetrics.image.ergas
import time:      7493 |       7493 |                                     torchmetrics.image.fid
import time:      7428 |      14921 |                                   torchmetrics.image.mifid
import time:      7174 |       7174 |                                   torchmetrics.image.psnr
import time:      7064 |       7064 |                                   torchmetrics.image.psnrb
import time:      5942 |       5942 |                                   torchmetrics.image.rase
import time:      6115 |       6115 |                                   torchmetrics.image.rmse_sw
import time:      5209 |       5209 |                                   torchmetrics.image.sam
import time:      5761 |       5761 |                                   torchmetrics.image.ssim
import time:      5155 |       5155 |                                   torchmetrics.image.tv
import time:      5999 |       5999 |                                   torchmetrics.image.uqi
import time:      5095 |       5095 |                                   torchmetrics.image.vif
import time:      8578 |       8578 |                                   torchmetrics.image.lpip
import time:      6827 |       6827 |                                   torchmetrics.image.perceptual_path_length
import time:     12709 |     113423 |                                 torchmetrics.image
import time:     10457 |     123880 |                               torchmetrics.image._deprecated
import time:      8620 |       8620 |                                 torchmetrics.nominal.cramers
import time:      4758 |       4758 |                                 torchmetrics.nominal.fleiss_kappa
import time:      7782 |       7782 |                                 torchmetrics.nominal.pearson
import time:      5347 |       5347 |                                 torchmetrics.nominal.theils_u
import time:      4935 |       4935 |                                 torchmetrics.nominal.tschuprows
import time:      7400 |      38838 |                               torchmetrics.nominal
import time:      6344 |       6344 |                                   torchmetrics.regression.pearson
import time:      7026 |      13369 |                                 torchmetrics.regression.concordance
import time:      5375 |       5375 |                                 torchmetrics.regression.cosine_similarity
import time:      5452 |       5452 |                                 torchmetrics.regression.explained_variance
import time:      5391 |       5391 |                                 torchmetrics.regression.kendall
import time:      5181 |       5181 |                                 torchmetrics.regression.kl_divergence
import time:      4675 |       4675 |                                 torchmetrics.regression.log_cosh
import time:      4771 |       4771 |                                 torchmetrics.regression.log_mse
import time:      4751 |       4751 |                                 torchmetrics.regression.mae
import time:     13754 |      13754 |                                 torchmetrics.regression.mape
import time:      6033 |       6033 |                                 torchmetrics.regression.minkowski
import time:      5370 |       5370 |                                 torchmetrics.regression.mse
import time:      5648 |       5648 |                                 torchmetrics.regression.r2
import time:      7889 |       7889 |                                 torchmetrics.regression.rse
import time:      4892 |       4892 |                                 torchmetrics.regression.spearman
import time:      4822 |       4822 |                                 torchmetrics.regression.symmetric_mape
import time:      4872 |       4872 |                                 torchmetrics.regression.tweedie_deviance
import time:      6041 |       6041 |                                 torchmetrics.regression.wmape
import time:     11476 |     119753 |                               torchmetrics.regression
import time:      6542 |       6542 |                                     torchmetrics.retrieval.base
import time:      8301 |      14842 |                                   torchmetrics.retrieval.average_precision
import time:      4441 |       4441 |                                   torchmetrics.retrieval.fall_out
import time:      4745 |       4745 |                                   torchmetrics.retrieval.hit_rate
import time:     28842 |      28842 |                                   torchmetrics.retrieval.ndcg
import time:     39775 |      39775 |                                   torchmetrics.retrieval.precision
import time:      5519 |       5519 |                                   torchmetrics.retrieval.precision_recall_curve
import time:      5590 |       5590 |                                   torchmetrics.retrieval.r_precision
import time:      4864 |       4864 |                                   torchmetrics.retrieval.recall
import time:      4593 |       4593 |                                   torchmetrics.retrieval.reciprocal_rank
import time:     10396 |     123601 |                                 torchmetrics.retrieval
import time:      5687 |     129287 |                               torchmetrics.retrieval._deprecated
import time:     12268 |      12268 |                                   torchmetrics.text.bleu
import time:      5244 |       5244 |                                   torchmetrics.text.cer
import time:     22298 |      22298 |                                   torchmetrics.text.chrf
import time:      5207 |       5207 |                                   torchmetrics.text.edit
import time:      6268 |       6268 |                                   torchmetrics.text.eed
import time:      5124 |       5124 |                                   torchmetrics.text.mer
import time:      4854 |       4854 |                                   torchmetrics.text.perplexity
import time:      6360 |       6360 |                                   torchmetrics.text.rouge
import time:      5780 |       5780 |                                   torchmetrics.text.sacre_bleu
import time:      6954 |       6954 |                                   torchmetrics.text.squad
import time:      5384 |       5384 |                                   torchmetrics.text.ter
import time:      5149 |       5149 |                                   torchmetrics.text.wer
import time:      5918 |       5918 |                                   torchmetrics.text.wil
import time:      4336 |       4336 |                                   torchmetrics.text.wip
import time:      4840 |       4840 |                                   torchmetrics.text.bert
import time:     11629 |      11629 |                                   torchmetrics.text.infolm
import time:      9992 |     127596 |                                 torchmetrics.text
import time:      6853 |     134448 |                               torchmetrics.text._deprecated
import time:     29217 |   37900273 |                             lightning.fabric.utilities.imports
import time:      9966 |       9966 |                             lightning.fabric.utilities.types
import time:     19628 |   37929865 |                           lightning.fabric.utilities.apply_func
import time:      7857 |       7857 |                             lightning_utilities.core.inheritance
import time:      6650 |       6650 |                             lightning.fabric.utilities.enums
import time:      6728 |       6728 |                             lightning.fabric.utilities.exceptions
import time:      6262 |       6262 |                             lightning.fabric.utilities.rank_zero
import time:     14050 |      14050 |                             lightning.fabric.utilities.seed
import time:      9813 |      51357 |                           lightning.fabric.utilities.data
import time:      7626 |       7626 |                                 fsspec._version
import time:      6960 |       6960 |                                 fsspec.caching
import time:      6940 |       6940 |                                 fsspec.callbacks
import time:      5858 |       5858 |                                   fsspec.utils
import time:      4093 |       4093 |                                     fsspec.config
import time:      5161 |       5161 |                                     fsspec.dircache
import time:      3391 |       3391 |                                     fsspec.transaction
import time:     11798 |      24441 |                                   fsspec.spec
import time:      1020 |       1020 |                                   isal
import time:      1237 |       1237 |                                   lzmaffi
import time:      1285 |       1285 |                                   snappy
import time:      1852 |       1852 |                                     lz4
import time:       232 |       2084 |                                   lz4.frame
import time:      4788 |       4788 |                                   zstandard
import time:      5354 |      46065 |                                 fsspec.compression
import time:      4134 |       4134 |                                   fsspec.registry
import time:      7490 |      11623 |                                 fsspec.core
import time:      3937 |       3937 |                                 fsspec.exceptions
import time:      3668 |       3668 |                                 fsspec.mapping
import time:    274048 |     360864 |                               fsspec
import time:      8989 |       8989 |                                 fsspec.implementations
import time:      8548 |      17537 |                               fsspec.implementations.local
import time:      8923 |     387322 |                             lightning.fabric.utilities.cloud_io
import time:     10299 |     397621 |                           lightning.fabric.utilities.distributed
import time:      8295 |       8295 |                           lightning.fabric.utilities.throughput
import time:      5593 |       5593 |                           lightning.fabric.utilities.warnings
import time:     10403 |   38403130 |                         lightning.fabric.utilities
import time:       149 |   38403279 |                       lightning.fabric.utilities.exceptions
import time:      6464 |       6464 |                       lightning.fabric.utilities.registry
import time:      8718 |   38418459 |                     lightning.fabric.accelerators.registry
import time:      9316 |   38427775 |                   lightning.fabric.accelerators.accelerator
import time:      7452 |       7452 |                   lightning.fabric.accelerators.cpu
import time:      8196 |       8196 |                   lightning.fabric.accelerators.cuda
import time:      5725 |       5725 |                   lightning.fabric.accelerators.mps
import time:      7290 |       7290 |                     lightning.fabric.utilities.device_parser
import time:      8131 |      15421 |                   lightning.fabric.accelerators.xla
import time:      8595 |   38473162 |                 lightning.fabric.accelerators
import time:       105 |   38473266 |               lightning.fabric.accelerators.accelerator
import time:     22802 |      22802 |                       lightning.fabric.plugins.environments.cluster_environment
import time:     10565 |      10565 |                       lightning.fabric.plugins.environments.kubeflow
import time:      9468 |       9468 |                       lightning.fabric.plugins.environments.lightning
import time:     14463 |      14463 |                       lightning.fabric.plugins.environments.lsf
import time:     12333 |      12333 |                       lightning.fabric.plugins.environments.mpi
import time:     12474 |      12474 |                       lightning.fabric.plugins.environments.slurm
import time:      7629 |       7629 |                       lightning.fabric.plugins.environments.torchelastic
import time:      7281 |       7281 |                       lightning.fabric.plugins.environments.xla
import time:     23461 |     120473 |                     lightning.fabric.plugins.environments
import time:       122 |     120594 |                   lightning.fabric.plugins.environments.cluster_environment
import time:     13589 |      13589 |                       lightning.fabric.plugins.io.checkpoint_io
import time:      8017 |       8017 |                       lightning.fabric.plugins.io.torch_io
import time:      7737 |       7737 |                       lightning.fabric.plugins.io.xla
import time:     10983 |      40324 |                     lightning.fabric.plugins.io
import time:       114 |      40438 |                   lightning.fabric.plugins.io.checkpoint_io
import time:     38492 |      38492 |                         lightning.fabric.plugins.precision.precision
import time:     19506 |      19506 |                         lightning.fabric.plugins.precision.utils
import time:     13872 |      71870 |                       lightning.fabric.plugins.precision.amp
import time:      9522 |       9522 |                       lightning.fabric.plugins.precision.bitsandbytes
import time:     11655 |      11655 |                       lightning.fabric.plugins.precision.deepspeed
import time:      6918 |       6918 |                       lightning.fabric.plugins.precision.double
import time:      7166 |       7166 |                       lightning.fabric.plugins.precision.fsdp
import time:      9001 |       9001 |                       lightning.fabric.plugins.precision.half
import time:      9419 |       9419 |                       lightning.fabric.plugins.precision.transformer_engine
import time:      7504 |       7504 |                       lightning.fabric.plugins.precision.xla
import time:     14579 |     147630 |                     lightning.fabric.plugins.precision
import time:       103 |     147732 |                   lightning.fabric.plugins.precision.amp
import time:     16149 |     324912 |                 lightning.fabric.plugins
import time:     33397 |      33397 |                         lightning.fabric.plugins.collectives.collective
import time:     10913 |      10913 |                         lightning.fabric.plugins.collectives.single_device
import time:      8804 |       8804 |                         lightning.fabric.plugins.collectives.torch_collective
import time:     25133 |      78246 |                       lightning.fabric.plugins.collectives
import time:       254 |      78499 |                     lightning.fabric.plugins.collectives.torch_collective
import time:      8753 |       8753 |                           lightning.fabric.strategies.launchers.launcher
import time:     18111 |      26863 |                         lightning.fabric.strategies.launchers.multiprocessing
import time:      8284 |       8284 |                         lightning.fabric.strategies.launchers.subprocess_script
import time:      8608 |       8608 |                         lightning.fabric.strategies.launchers.xla
import time:     10988 |      54742 |                       lightning.fabric.strategies.launchers
import time:       101 |      54842 |                     lightning.fabric.strategies.launchers.multiprocessing
import time:      6533 |       6533 |                         lightning.fabric.strategies.registry
import time:      6581 |       6581 |                         lightning.fabric.utilities.init
import time:      9208 |      22321 |                       lightning.fabric.strategies.strategy
import time:      6576 |      28896 |                     lightning.fabric.strategies.parallel
import time:     10262 |     172497 |                   lightning.fabric.strategies.ddp
import time:      8118 |       8118 |                     lightning.fabric.utilities.load
import time:     11370 |      19488 |                   lightning.fabric.strategies.deepspeed
import time:      6379 |       6379 |                   lightning.fabric.strategies.dp
import time:     10909 |      10909 |                   lightning.fabric.strategies.fsdp
import time:      8542 |       8542 |                   lightning.fabric.strategies.model_parallel
import time:      9054 |       9054 |                   lightning.fabric.strategies.single_device
import time:      6493 |       6493 |                   lightning.fabric.strategies.single_xla
import time:      8456 |       8456 |                   lightning.fabric.strategies.xla
import time:      8582 |       8582 |                   lightning.fabric.strategies.xla_fsdp
import time:     39301 |     289697 |                 lightning.fabric.strategies
import time:     14277 |     628885 |               lightning.fabric.connector
import time:      5693 |       5693 |                   lightning.fabric.loggers.logger
import time:      8820 |       8820 |                   lightning.fabric.utilities.logger
import time:     11213 |      25725 |                 lightning.fabric.loggers.csv_logs
import time:      5628 |       5628 |                     lightning.fabric.utilities.device_dtype_mixin
import time:      9451 |      15079 |                   lightning.fabric.wrappers
import time:      7429 |      22507 |                 lightning.fabric.loggers.tensorboard
import time:      9870 |      58102 |               lightning.fabric.loggers
import time:     12352 |   39172602 |             lightning.fabric.fabric
import time:     11041 |      11041 |               lightning.fabric._graveyard.tpu
import time:      9474 |      20515 |             lightning.fabric._graveyard
import time:     11230 |   39357730 |           lightning.fabric
import time:       107 |   39357836 |         lightning.fabric.fabric
import time:      7803 |       7803 |                         lightning.pytorch.utilities._pytree
import time:     15005 |      22808 |                       lightning.pytorch.utilities.combined_loader
import time:      8618 |       8618 |                       lightning.pytorch.utilities.enums
import time:      7377 |       7377 |                       lightning.pytorch.utilities.grads
import time:      9482 |       9482 |                       lightning.pytorch.utilities.parameter_tying
import time:      5969 |       5969 |                         lightning.pytorch.utilities.rank_zero
import time:      9693 |      15661 |                       lightning.pytorch.utilities.parsing
import time:     23752 |      87695 |                     lightning.pytorch.utilities
import time:      7743 |      95438 |                   lightning.pytorch.utilities.types
import time:      9542 |     104979 |                 lightning.pytorch.callbacks.callback
import time:      5237 |       5237 |                       lightning.pytorch.utilities.exceptions
import time:      9069 |      14305 |                     lightning.pytorch.tuner.tuning
import time:      8200 |      22505 |                   lightning.pytorch.tuner
import time:      5765 |       5765 |                   lightning.pytorch.utilities.memory
import time:      7080 |      35350 |                 lightning.pytorch.tuner.batch_size_scaling
import time:     38784 |     179112 |               lightning.pytorch.callbacks.batch_size_finder
import time:      5662 |       5662 |               lightning.pytorch.callbacks.checkpoint
import time:     22912 |      22912 |                     lightning.pytorch.accelerators.accelerator
import time:      8345 |       8345 |                     lightning.pytorch.accelerators.cpu
import time:      8953 |       8953 |                     lightning.pytorch.accelerators.cuda
import time:      8536 |       8536 |                     lightning.pytorch.accelerators.mps
import time:      8314 |       8314 |                     lightning.pytorch.accelerators.xla
import time:     12717 |      69775 |                   lightning.pytorch.accelerators
import time:       145 |      69920 |                 lightning.pytorch.accelerators.cpu
import time:     13349 |      83268 |               lightning.pytorch.callbacks.device_stats_monitor
import time:      8321 |       8321 |               lightning.pytorch.callbacks.early_stopping
import time:      9410 |       9410 |               lightning.pytorch.callbacks.finetuning
import time:      7825 |       7825 |                 lightning.pytorch.utilities.model_helpers
import time:      7982 |      15806 |               lightning.pytorch.callbacks.gradient_accumulation_scheduler
import time:      7770 |       7770 |               lightning.pytorch.callbacks.lambda_function
import time:     11500 |      11500 |                 lightning.pytorch.tuner.lr_finder
import time:      7092 |       7092 |                 lightning.pytorch.utilities.seed
import time:      8125 |      26716 |               lightning.pytorch.callbacks.lr_finder
import time:     10168 |      10168 |               lightning.pytorch.callbacks.lr_monitor
import time:     19810 |      19810 |               lightning.pytorch.callbacks.model_checkpoint
import time:     26989 |      26989 |                   lightning.pytorch.utilities.model_summary.model_summary
import time:     13851 |      13851 |                   lightning.pytorch.utilities.model_summary.model_summary_deepspeed
import time:     22297 |      63136 |                 lightning.pytorch.utilities.model_summary
import time:     13751 |      76886 |               lightning.pytorch.callbacks.model_summary
import time:     10836 |      10836 |               lightning.pytorch.callbacks.on_exception_checkpoint
import time:     10426 |      10426 |                 lightning.pytorch.utilities.signature_utils
import time:     12642 |      23067 |               lightning.pytorch.callbacks.prediction_writer
import time:     22768 |      22768 |                 lightning.pytorch.callbacks.progress.progress_bar
import time:      9410 |       9410 |                     rich._extension
import time:      9695 |      19104 |                   rich
import time:      7249 |       7249 |                     rich._null_file
import time:      6168 |       6168 |                     rich.errors
import time:      5755 |       5755 |                                 rich.color_triplet
import time:      5685 |      11439 |                               rich.palette
import time:      6671 |      18110 |                             rich._palettes
import time:      6591 |       6591 |                             rich.repr
import time:      7198 |       7198 |                             rich.terminal_theme
import time:      9966 |      41863 |                           rich.color
import time:      8930 |      50793 |                         rich.style
import time:      7640 |      58433 |                       rich.default_styles
import time:      5638 |       5638 |                       rich.theme
import time:      6296 |      70366 |                     rich.themes
import time:     15870 |      15870 |                       rich._emoji_codes
import time:      5422 |      21292 |                     rich._emoji_replace
import time:      5393 |       5393 |                     rich._export_format
import time:      5992 |       5992 |                     rich._fileno
import time:      4775 |       4775 |                         rich._loop
import time:      4859 |       4859 |                         rich._pick
import time:      6229 |       6229 |                             rich._cell_widths
import time:      5663 |      11891 |                           rich.cells
import time:      5652 |      17543 |                         rich._wrap
import time:      7174 |       7174 |                               rich.segment
import time:      5925 |      13099 |                             rich.jupyter
import time:      4827 |       4827 |                               rich.protocol
import time:      5916 |      10742 |                             rich.measure
import time:      4802 |      28642 |                           rich.constrain
import time:      6015 |      34656 |                         rich.align
import time:      4697 |       4697 |                         rich.containers
import time:      4677 |       4677 |                         rich.control
import time:      4254 |       4254 |                         rich.emoji
import time:     11955 |      87412 |                       rich.text
import time:      5205 |      92616 |                     rich._log_render
import time:      5231 |       5231 |                     rich.highlighter
import time:      4714 |       4714 |                     rich.markup
import time:      3831 |       3831 |                     rich.pager
import time:      4303 |       4303 |                       rich.abc
import time:      8179 |      12481 |                     rich.pretty
import time:      3528 |       3528 |                     rich.region
import time:      4544 |       4544 |                         rich.box
import time:      4804 |       4804 |                         rich.padding
import time:      8789 |      18136 |                       rich.panel
import time:      4484 |       4484 |                         rich._ratio
import time:      8386 |      12869 |                       rich.table
import time:      4044 |      35048 |                     rich.scope
import time:      4135 |       4135 |                     rich.screen
import time:      4593 |       4593 |                     rich.styled
import time:     19168 |     301797 |                   rich.console
import time:      4351 |       4351 |                     rich.filesize
import time:      5061 |       5061 |                         rich.ansi
import time:      5643 |      10704 |                       rich.file_proxy
import time:      5246 |       5246 |                       rich.live_render
import time:     24707 |      40656 |                     rich.live
import time:      4363 |       4363 |                     rich.progress_bar
import time:     17393 |      17393 |                       rich._spinners
import time:      4277 |      21670 |                     rich.spinner
import time:     13020 |      84058 |                   rich.progress
import time:     24388 |     429347 |                 lightning.pytorch.callbacks.progress.rich_progress
import time:     62404 |      62404 |                 lightning.pytorch.callbacks.progress.tqdm_progress
import time:     29526 |     544043 |               lightning.pytorch.callbacks.progress
import time:     10475 |      10475 |                 torch.nn.utils.prune
import time:      8846 |       8846 |                       lightning.pytorch.core.hooks
import time:     18439 |      18439 |                         lightning.pytorch.core.mixins.hparams_mixin
import time:     13805 |      32243 |                       lightning.pytorch.core.mixins
import time:      6491 |       6491 |                         lightning.pytorch.utilities.imports
import time:     32759 |      32759 |                             lightning.pytorch.utilities.migration.migration
import time:     16361 |      49119 |                           lightning.pytorch.utilities.migration.utils
import time:     12018 |      61137 |                         lightning.pytorch.utilities.migration
import time:      8371 |      75998 |                       lightning.pytorch.core.saving
import time:     15520 |     132605 |                     lightning.pytorch.core.datamodule
import time:      9060 |       9060 |                       lightning.pytorch.core.optimizer
import time:        39 |         39 |                               _statistics
import time:      1516 |       1555 |                             statistics
import time:     10172 |      11727 |                           lightning.pytorch.loggers.logger
import time:     11498 |      23224 |                         lightning.pytorch.loggers.comet
import time:      6769 |       6769 |                         lightning.pytorch.loggers.csv_logs
import time:     23544 |      23544 |                           lightning.pytorch.loggers.utilities
import time:      7716 |      31260 |                         lightning.pytorch.loggers.mlflow
import time:      7793 |       7793 |                         lightning.pytorch.loggers.neptune
import time:      6198 |       6198 |                         lightning.pytorch.loggers.tensorboard
import time:      7916 |       7916 |                         lightning.pytorch.loggers.wandb
import time:     18782 |     101939 |                       lightning.pytorch.loggers
import time:      9616 |       9616 |                               lightning.pytorch.loops.progress
import time:     11799 |      21415 |                             lightning.pytorch.loops.loop
import time:      6676 |       6676 |                               lightning.pytorch.loops.fetchers
import time:      5941 |       5941 |                                   lightning.pytorch.trainer.states
import time:      8472 |      14413 |                                 lightning.pytorch.callbacks.timer
import time:      6894 |       6894 |                                     lightning.fabric.utilities.optimizer
import time:      9145 |       9145 |                                       lightning.pytorch.overrides
import time:     10229 |      19373 |                                     lightning.pytorch.overrides.distributed
import time:      9744 |       9744 |                                               lightning.pytorch.plugins.io.wrapper
import time:     15947 |      25690 |                                             lightning.pytorch.plugins.io.async_plugin
import time:     24046 |      49735 |                                           lightning.pytorch.plugins.io
import time:       259 |      49994 |                                         lightning.pytorch.plugins.io.async_plugin
import time:      7453 |       7453 |                                         lightning.pytorch.plugins.layer_sync
import time:     12717 |      12717 |                                                           lightning.pytorch.trainer.connectors
import time:     22654 |      35371 |                                                         lightning.pytorch.trainer.connectors.signal_connector
import time:      6950 |      42320 |                                                       lightning.pytorch.strategies.launchers.launcher
import time:     14558 |      56878 |                                                     lightning.pytorch.strategies.launchers.multiprocessing
import time:     10481 |      10481 |                                                     lightning.pytorch.strategies.launchers.subprocess_script
import time:     12436 |      12436 |                                                     lightning.pytorch.strategies.launchers.xla
import time:     11905 |      91698 |                                                   lightning.pytorch.strategies.launchers
import time:      6788 |      98486 |                                                 lightning.pytorch.trainer.call
import time:     10175 |     108660 |                                               lightning.pytorch.plugins.precision.precision
import time:     14814 |     123473 |                                             lightning.pytorch.plugins.precision.amp
import time:     13112 |      13112 |                                             lightning.pytorch.plugins.precision.bitsandbytes
import time:      9495 |       9495 |                                             lightning.pytorch.plugins.precision.deepspeed
import time:      7338 |       7338 |                                             lightning.pytorch.plugins.precision.double
import time:      9079 |       9079 |                                             lightning.pytorch.plugins.precision.fsdp
import time:     11684 |      11684 |                                             lightning.pytorch.plugins.precision.half
import time:      8066 |       8066 |                                             lightning.pytorch.plugins.precision.transformer_engine
import time:     11715 |      11715 |                                             lightning.pytorch.plugins.precision.xla
import time:     19076 |     213032 |                                           lightning.pytorch.plugins.precision
import time:       211 |     213242 |                                         lightning.pytorch.plugins.precision.amp
import time:     14756 |     285443 |                                       lightning.pytorch.plugins
import time:       147 |     285589 |                                     lightning.pytorch.plugins.precision
import time:      7856 |       7856 |                                       lightning.pytorch.strategies.strategy
import time:      8871 |      16727 |                                     lightning.pytorch.strategies.parallel
import time:     12567 |     341148 |                                   lightning.pytorch.strategies.ddp
import time:     14383 |      14383 |                                   lightning.pytorch.strategies.deepspeed
import time:     20002 |      20002 |                                   lightning.pytorch.strategies.fsdp
import time:      7538 |       7538 |                                   lightning.pytorch.strategies.model_parallel
import time:      6016 |       6016 |                                   lightning.pytorch.strategies.single_device
import time:      8475 |       8475 |                                   lightning.pytorch.strategies.single_xla
import time:      9428 |       9428 |                                   lightning.pytorch.strategies.xla
import time:     13114 |     420100 |                                 lightning.pytorch.strategies
import time:     14071 |     448583 |                               lightning.pytorch.loops.utilities
import time:      8161 |       8161 |                                 lightning.pytorch.utilities.data
import time:      7999 |       7999 |                                 lightning.pytorch.utilities.warnings
import time:     10335 |      26494 |                               lightning.pytorch.trainer.connectors.data_connector
import time:     12742 |      12742 |                                     lightning.pytorch.trainer.connectors.logger_connector.result
import time:     15264 |      28006 |                                   lightning.pytorch.trainer.connectors.logger_connector.logger_connector
import time:     16935 |      44940 |                                 lightning.pytorch.trainer.connectors.logger_connector
import time:       173 |      45112 |                               lightning.pytorch.trainer.connectors.logger_connector.result
import time:     10793 |     537655 |                             lightning.pytorch.loops.evaluation_loop
import time:     10412 |      10412 |                                     lightning.pytorch.loops.optimization.closure
import time:     25147 |      35558 |                                   lightning.pytorch.loops.optimization.automatic
import time:     10503 |      10503 |                                   lightning.pytorch.loops.optimization.manual
import time:     18169 |      64229 |                                 lightning.pytorch.loops.optimization
import time:     13610 |      77839 |                               lightning.pytorch.loops.training_epoch_loop
import time:      9253 |      87091 |                             lightning.pytorch.loops.fit_loop
import time:      9936 |       9936 |                             lightning.pytorch.loops.prediction_loop
import time:      9958 |     666052 |                           lightning.pytorch.loops
import time:      8579 |       8579 |                               lightning.pytorch.profilers.profiler
import time:     13301 |      21880 |                             lightning.pytorch.profilers.advanced
import time:      7875 |       7875 |                             lightning.pytorch.profilers.base
import time:      9365 |       9365 |                             lightning.pytorch.profilers.pytorch
import time:      6411 |       6411 |                             lightning.pytorch.profilers.simple
import time:      6072 |       6072 |                             lightning.pytorch.profilers.xla
import time:     11611 |      63211 |                           lightning.pytorch.profilers
import time:      9041 |       9041 |                           lightning.pytorch.trainer.setup
import time:      5896 |       5896 |                           lightning.pytorch.trainer.configuration_validator
import time:     10810 |      10810 |                           lightning.pytorch.trainer.connectors.accelerator_connector
import time:      8774 |       8774 |                             lightning.pytorch.callbacks.rich_model_summary
import time:     10857 |      19630 |                           lightning.pytorch.trainer.connectors.callback_connector
import time:      5637 |       5637 |                             lightning.pytorch.utilities.model_registry
import time:     10520 |      16157 |                           lightning.pytorch.trainer.connectors.checkpoint_connector
import time:      5908 |       5908 |                           lightning.pytorch.utilities.argparse
import time:      6392 |       6392 |                           lightning.pytorch.utilities.compile
import time:     16583 |     819676 |                         lightning.pytorch.trainer.trainer
import time:      9496 |     829172 |                       lightning.pytorch.trainer
import time:     15363 |      15363 |                       lightning.pytorch.trainer.connectors.logger_connector.fx_validator
import time:     10244 |     965776 |                     lightning.pytorch.core.module
import time:     11453 |    1109833 |                   lightning.pytorch.core
import time:       112 |    1109944 |                 lightning.pytorch.core.module
import time:     11117 |    1131535 |               lightning.pytorch.callbacks.pruning
import time:      6409 |       6409 |                 lightning.fabric.utilities.spike
import time:      7034 |      13443 |               lightning.pytorch.callbacks.spike
import time:      9550 |       9550 |               lightning.pytorch.callbacks.stochastic_weight_avg
import time:      7349 |       7349 |               lightning.pytorch.callbacks.throughput_monitor
import time:     15653 |    2198396 |             lightning.pytorch.callbacks
import time:     36396 |      36396 |               lightning.pytorch._graveyard._torchmetrics
import time:      7945 |       7945 |               lightning.pytorch._graveyard.hpu
import time:      7054 |       7054 |               lightning.pytorch._graveyard.precision
import time:     17431 |      17431 |               lightning.pytorch._graveyard.tpu
import time:      9135 |      77958 |             lightning.pytorch._graveyard
import time:      8118 |    2284472 |           lightning.pytorch
import time:       254 |    2284725 |         lightning.pytorch.callbacks
import time:      6833 |   41663469 |       lightning
import time:       148 |   41663616 |     lightning.pytorch
import time:      5435 |   41669051 |   ocr.data.lightning_data
import time:     10494 |   56797426 | ocr.pipelines.orchestrator
import time:      5601 |       5601 | antlr4.LL1Analyzer
import time:      6894 |       6894 | omegaconf._impl
import time:     18542 |      18542 | ocr.core.models.architecture
import time:      8902 |       8902 |     timm.version
import time:     14627 |      14627 |       timm.layers.activations
import time:      6279 |       6279 |         timm.layers.format
import time:      9137 |      15416 |       timm.layers.adaptive_avgmax_pool
import time:     11868 |      11868 |         timm.layers.config
import time:      7159 |       7159 |           timm.layers.grn
import time:      6318 |       6318 |           timm.layers.helpers
import time:      9507 |      22983 |         timm.layers.mlp
import time:      7333 |       7333 |         timm.layers.weight_init
import time:      7915 |      50097 |       timm.layers.attention_pool
import time:      4832 |       4832 |           timm.layers.trace_utils
import time:      9937 |      14769 |         timm.layers.pos_embed_sincos
import time:     10710 |      25479 |       timm.layers.attention_pool2d
import time:      4762 |       4762 |         timm.layers.padding
import time:      5215 |       9977 |       timm.layers.blur_pool
import time:     68917 |      68917 |           timm.layers.activations_jit
import time:     50103 |      50103 |           timm.layers.activations_me
import time:      7030 |     126049 |         timm.layers.create_act
import time:      1636 |       1636 |                   apex
import time:       267 |       1903 |                 apex.normalization
import time:       158 |       2061 |               apex.normalization.fused_layer_norm
import time:      1551 |       1551 |                   apex
import time:       122 |       1673 |                 apex.normalization
import time:       168 |       1840 |               apex.normalization.fused_layer_norm
import time:      5422 |       9322 |             timm.layers.fast_norm
import time:     12553 |      21875 |           timm.layers.norm
import time:      5611 |      27485 |         timm.layers.create_norm
import time:      5239 |     158772 |       timm.layers.classifier
import time:      5514 |       5514 |         timm.layers.conv2d_same
import time:      6402 |      11916 |       timm.layers.cond_conv2d
import time:      7715 |       7715 |           timm.layers.mixed_conv2d
import time:      5928 |      13643 |         timm.layers.create_conv2d
import time:      6488 |       6488 |           timm.layers.evo_norm
import time:     10759 |      10759 |           timm.layers.filter_response_norm
import time:     11456 |      11456 |           timm.layers.norm_act
import time:      1133 |       1133 |               inplace_abn
import time:       164 |       1297 |             inplace_abn.functions
import time:      5703 |       6999 |           timm.layers.inplace_abn
import time:      7132 |      42832 |         timm.layers.create_norm_act
import time:      9048 |      65522 |       timm.layers.conv_bn_act
import time:      5720 |       5720 |         timm.layers.bottleneck_attn
import time:     25018 |      25018 |         timm.layers.cbam
import time:      5099 |       5099 |         timm.layers.eca
import time:      5864 |       5864 |         timm.layers.gather_excite
import time:      5348 |       5348 |         timm.layers.global_context
import time:      5009 |       5009 |         timm.layers.halo_attn
import time:     12663 |      12663 |         timm.layers.lambda_layer
import time:     10036 |      10036 |         timm.layers.non_local_attn
import time:      6631 |       6631 |         timm.layers.selective_kernel
import time:     12480 |      12480 |         timm.layers.split_attn
import time:      7279 |       7279 |         timm.layers.squeeze_excite
import time:      8023 |     109164 |       timm.layers.create_attn
import time:      6267 |       6267 |       timm.layers.drop
import time:      5290 |       5290 |       timm.layers.linear
import time:      6153 |       6153 |       timm.layers.patch_dropout
import time:      5246 |       5246 |       timm.layers.patch_embed
import time:     10205 |      10205 |       timm.layers.pool2d_same
import time:      4671 |       4671 |       timm.layers.pos_embed
import time:      6577 |       6577 |         timm.layers.interpolate
import time:      8283 |      14859 |       timm.layers.pos_embed_rel
import time:      7352 |       7352 |       timm.layers.separable_conv
import time:     23437 |      23437 |       timm.layers.space_to_depth
import time:      6601 |       6601 |       timm.layers.split_batchnorm
import time:      6619 |       6619 |       timm.layers.std_conv
import time:      7868 |       7868 |       timm.layers.test_time_pool
import time:      6025 |       6025 |       timm.layers.typing
import time:     17751 |     589301 |     timm.layers
import time:     13202 |      13202 |           timm.data.auto_augment
import time:     27550 |      27550 |             timm.data.constants
import time:     26733 |      54283 |           timm.data.config
import time:     12466 |      12466 |                       timm.utils.agc
import time:      9469 |       9469 |                           timm.utils.model_ema
import time:      9478 |      18947 |                         timm.utils.model
import time:      9508 |      28455 |                       timm.utils.checkpoint_saver
import time:      7852 |       7852 |                       timm.utils.clip_grad
import time:      5040 |       5040 |                         apex
import time:      9437 |      14477 |                       timm.utils.cuda
import time:      7399 |       7399 |                       timm.utils.decay_batch
import time:      2839 |       2839 |                           horovod
import time:       490 |       3329 |                         horovod.torch
import time:      8203 |      11531 |                       timm.utils.distributed
import time:     11698 |      11698 |                       timm.utils.jit
import time:     12627 |      12627 |                       timm.utils.log
import time:     14026 |      14026 |                       timm.utils.metrics
import time:     12467 |      12467 |                       timm.utils.misc
import time:      9856 |       9856 |                       timm.utils.random
import time:     23680 |      23680 |                             wandb.errors.errors
import time:     23243 |      46922 |                           wandb.errors
import time:      8423 |       8423 |                                   click._compat
import time:     13392 |      13392 |                                     click.globals
import time:      6592 |       6592 |                                     click.utils
import time:      9813 |      29797 |                                   click.exceptions
import time:     11164 |      49383 |                                 click.types
import time:      7943 |       7943 |                                 click._utils
import time:     15262 |      15262 |                                   click.parser
import time:      7673 |      22935 |                                 click.formatting
import time:      8582 |       8582 |                                 click.termui
import time:     21489 |     110330 |                               click.core
import time:      6835 |       6835 |                               click.decorators
import time:     23471 |     140635 |                             click
import time:     11999 |     152634 |                           wandb.errors.term
import time:     25425 |      25425 |                                   wandb.sdk.lib.lazyloader
import time:     15033 |      15033 |                                   wandb.sdk.lib.disabled
import time:     18455 |      18455 |                                   wandb.sdk.lib.run_moment
import time:     18019 |      76931 |                                 wandb.sdk.lib
import time:     19010 |      19010 |                                         platformdirs.api
import time:     31247 |      31247 |                                         platformdirs.version
import time:     12162 |      12162 |                                         platformdirs.unix
import time:     19816 |      82233 |                                       platformdirs
import time:     17907 |     100139 |                                     wandb.env
import time:     36164 |      36164 |                                       wandb.sdk.internal
import time:     55074 |      91238 |                                     wandb.sdk.internal.thread_local_settings
import time:      9624 |       9624 |                                       wandb.sdk.lib.paths
import time:     10781 |      20405 |                                     wandb.sdk.lib.filesystem
import time:     12329 |      12329 |                                     wandb.sdk.lib.runid
import time:     10359 |      10359 |                                         orjson.orjson
import time:      8128 |      18487 |                                       orjson
import time:     10716 |      29203 |                                     wandb.sdk.lib.json_util
import time:     24483 |     277794 |                                   wandb.util
import time:     10550 |     288343 |                                 wandb.sdk.lib.config_util
import time:     12560 |     377833 |                               wandb.sdk.wandb_helper
import time:     20681 |      20681 |                                 wandb.sdk.artifacts
import time:       183 |        183 |                                   multiprocessing.dummy.connection
import time:       956 |       1139 |                                 multiprocessing.dummy
import time:      4089 |       4089 |                                           pydantic_core._pydantic_core
import time:     24934 |      24934 |                                           pydantic_core.core_schema
import time:      7003 |      36025 |                                         pydantic_core
import time:     11843 |      47868 |                                       pydantic.version
import time:      8067 |      55934 |                                     pydantic.warnings
import time:     14336 |      70270 |                                   pydantic._migration
import time:      8173 |       8173 |                                       typing_inspection
import time:     11253 |      11253 |                                       typing_inspection.typing_objects
import time:     10456 |      29880 |                                     typing_inspection.introspection
import time:     15271 |      15271 |                                     pydantic._internal
import time:     10828 |      10828 |                                         pydantic._internal._namespace_utils
import time:     10557 |      21385 |                                       pydantic._internal._typing_extra
import time:     21101 |      42485 |                                     pydantic._internal._repr
import time:      7044 |      94679 |                                   pydantic.errors
import time:     10329 |     175277 |                                 pydantic
import time:     15317 |      15317 |                                 annotated_types
import time:      9744 |       9744 |                                     pydantic._internal._internal_dataclass
import time:     10110 |      19854 |                                   pydantic.aliases
import time:      9435 |       9435 |                                     pydantic._internal._core_utils
import time:      7560 |       7560 |                                     pydantic._internal._forward_ref
import time:      8888 |       8888 |                                       pydantic._internal._import_utils
import time:      9820 |      18708 |                                     pydantic._internal._utils
import time:     12324 |      48025 |                                   pydantic._internal._generics
import time:      6637 |       6637 |                                     pydantic.config
import time:      9355 |      15991 |                                   pydantic._internal._config
import time:      8288 |       8288 |                                   pydantic._internal._docs_extraction
import time:     12164 |     104320 |                                 pydantic._internal._fields
import time:       221 |        221 |                                     zoneinfo._tzpath
import time:       273 |        273 |                                     zoneinfo._common
import time:        96 |         96 |                                     _zoneinfo
import time:      2480 |       3068 |                                   zoneinfo
import time:      9074 |      12142 |                                 pydantic._internal._validators
import time:      5527 |       5527 |                                 pydantic.annotated_handlers
import time:      8190 |       8190 |                                   pydantic._internal._core_metadata
import time:     12243 |      12243 |                                   pydantic._internal._decorators
import time:      7576 |       7576 |                                       pydantic.plugin
import time:     16022 |      23597 |                                     pydantic.plugin._schema_validator
import time:      7589 |      31186 |                                   pydantic._internal._mock_val_ser
import time:     13734 |      13734 |                                   pydantic._internal._schema_generation_shared
import time:     18819 |      84169 |                                 pydantic.json_schema
import time:     16514 |      16514 |                                     wandb.sdk.data_types
import time:     14000 |      14000 |                                     wandb.sdk.data_types._dtypes
import time:     11381 |      11381 |                                     wandb.sdk.data_types._private
import time:     17825 |      17825 |                                       wandb.sdk.data_types.base_types
import time:     11902 |      11902 |                                             wandb.integration
import time:     15804 |      15804 |                                             wandb.integration.sagemaker.auth
import time:     11262 |      11262 |                                               wandb.integration.sagemaker.files
import time:     11048 |      22309 |                                             wandb.integration.sagemaker.config
import time:      9679 |       9679 |                                             wandb.integration.sagemaker.resources
import time:     19292 |      78984 |                                           wandb.integration.sagemaker
import time:     10436 |      10436 |                                             wandb.sdk.lib.asyncio_compat
import time:     11867 |      22302 |                                           wandb.sdk.lib.asyncio_manager
import time:     10736 |      10736 |                                           wandb.sdk.lib.import_hooks
import time:      9459 |       9459 |                                           wandb.sdk.lib.wb_logging
import time:      9610 |       9610 |                                           wandb.sdk.lib.server
import time:     15118 |     146207 |                                         wandb.sdk.wandb_setup
import time:     14377 |     160583 |                                       wandb.sdk.data_types.base_types.wb_value
import time:     20199 |     198606 |                                     wandb.sdk.data_types.base_types.media
import time:     18658 |     259157 |                                   wandb.sdk.data_types.audio
import time:     10690 |      10690 |                                     wandb._strutils
import time:      7948 |      18637 |                                   wandb.sdk.data_types.bokeh
import time:     50430 |      50430 |                                   wandb.sdk.data_types.graph
import time:     97068 |      97068 |                                     wandb.sdk.data_types.helper_types
import time:     14137 |      14137 |                                     wandb.sdk.data_types.base_types.json_metadata
import time:     40977 |     152181 |                                   wandb.sdk.data_types.helper_types.bounding_boxes_2d
import time:     15353 |      15353 |                                   wandb.sdk.data_types.helper_types.classes
import time:     14860 |      14860 |                                   wandb.sdk.data_types.helper_types.image_mask
import time:     11957 |      11957 |                                   wandb.sdk.data_types.histogram
import time:     11163 |      11163 |                                   wandb.sdk.data_types.html
import time:     10219 |      10219 |                                     wandb.sdk.lib.hashutil
import time:     17068 |      27287 |                                   wandb.sdk.data_types.image
import time:     11804 |      11804 |                                   wandb.sdk.data_types.molecule
import time:     12035 |      12035 |                                   wandb.sdk.data_types.object_3d
import time:     10169 |      10169 |                                   wandb.sdk.data_types.plotly
import time:     10743 |      10743 |                                   wandb.sdk.data_types.saved_model
import time:     41243 |      41243 |                                     wandb.sdk.data_types.table_decorators
import time:     22666 |      22666 |                                       wandb.sdk.internal.incremental_table_util
import time:     51716 |      74381 |                                     wandb.sdk.data_types.utils
import time:     17690 |     133313 |                                   wandb.sdk.data_types.table
import time:     15800 |      15800 |                                   wandb.sdk.data_types.trace_tree
import time:     15351 |      15351 |                                       wandb.sdk.lib.ipython
import time:     11977 |      11977 |                                       wandb.sdk.lib.sparkline
import time:     21634 |      48961 |                                     wandb.sdk.lib.printer
import time:      9042 |       9042 |                                     wandb.sdk.lib.printer_asyncio
import time:     21477 |      79479 |                                   wandb.sdk.data_types.video
import time:     20937 |     855297 |                                 wandb.data_types
import time:      6163 |       6163 |                                 wandb._iterutils
import time:     11660 |      11660 |                                         pydantic.functional_validators
import time:      9638 |       9638 |                                         pydantic._internal._discriminated_union
import time:      8825 |       8825 |                                         pydantic._internal._known_annotated_metadata
import time:     14096 |      14096 |                                         pydantic._internal._schema_gather
import time:     40823 |      85040 |                                       pydantic._internal._generate_schema
import time:      9106 |       9106 |                                       pydantic._internal._signature
import time:     15112 |     109258 |                                     pydantic._internal._model_construction
import time:     10326 |      10326 |                                       wandb._pydantic.utils
import time:      8625 |       8625 |                                       pydantic.alias_generators
import time:     26683 |      45633 |                                     wandb._pydantic.v1_compat
import time:     10268 |      10268 |                                     pydantic.plugin._loader
import time:  11827976 |   11993134 |                                   wandb._pydantic.base
import time:      4246 |       4246 |                                   wandb._pydantic.field_types
import time:     63946 |      63946 |                                   wandb._pydantic.pagination
import time:     11654 |   12072978 |                                 wandb._pydantic
import time:     16113 |      16113 |                                                     wandb_graphql.pyutils
import time:     15804 |      31916 |                                                   wandb_graphql.pyutils.version
import time:     20743 |      20743 |                                                             wandb_promise.pyutils
import time:     19096 |      39839 |                                                           wandb_promise.pyutils.version
import time:     10124 |      10124 |                                                             wandb_promise.async_
import time:     11020 |      11020 |                                                               wandb_promise.iterate_promise
import time:      9880 |      20900 |                                                             wandb_promise.compat
import time:      9641 |       9641 |                                                             wandb_promise.utils
import time:     15575 |      15575 |                                                             wandb_promise.promise_list
import time:     12739 |      12739 |                                                               wandb_promise.schedulers
import time:     13719 |      26457 |                                                             wandb_promise.schedulers.immediate
import time:     13457 |      96153 |                                                           wandb_promise.promise
import time:     32470 |     168460 |                                                         wandb_promise
import time:     14979 |      14979 |                                                               wandb_graphql.language
import time:     13019 |      27997 |                                                             wandb_graphql.language.location
import time:     25979 |      53975 |                                                           wandb_graphql.error.base
import time:      8711 |       8711 |                                                           wandb_graphql.error.located_error
import time:      8282 |       8282 |                                                           wandb_graphql.error.syntax_error
import time:      7722 |       7722 |                                                           wandb_graphql.error.format_error
import time:     12069 |      90757 |                                                         wandb_graphql.error
import time:      9494 |       9494 |                                                         wandb_graphql.pyutils.default_ordered_dict
import time:      8481 |       8481 |                                                           cyordereddict
import time:     13038 |      21519 |                                                         wandb_graphql.pyutils.ordereddict
import time:     13913 |      13913 |                                                             wandb_graphql.language.ast
import time:      8339 |       8339 |                                                             wandb_graphql.pyutils.cached_property
import time:     19296 |      19296 |                                                               wandb_graphql.utils
import time:     13382 |      32677 |                                                             wandb_graphql.utils.assert_valid_name
import time:     24994 |      79922 |                                                           wandb_graphql.type.definition
import time:     20751 |      20751 |                                                             wandb_graphql.type.scalars
import time:     11379 |      32129 |                                                           wandb_graphql.type.directives
import time:     12966 |      12966 |                                                                   wandb_graphql.language.visitor_meta
import time:     15624 |      28589 |                                                                 wandb_graphql.language.visitor
import time:     18093 |      46682 |                                                               wandb_graphql.language.printer
import time:     15042 |      15042 |                                                               wandb_graphql.utils.ast_from_value
import time:     16568 |      78291 |                                                             wandb_graphql.type.introspection
import time:     13888 |      13888 |                                                               wandb_graphql.utils.type_comparators
import time:     15052 |      28940 |                                                             wandb_graphql.type.typemap
import time:     16174 |     123404 |                                                           wandb_graphql.type.schema
import time:     12439 |     247893 |                                                         wandb_graphql.type
import time:     11472 |      11472 |                                                           wandb_graphql.utils.type_from_ast
import time:     11639 |      11639 |                                                             wandb_graphql.utils.is_valid_value
import time:      8450 |       8450 |                                                             wandb_graphql.utils.value_from_ast
import time:     13313 |      33401 |                                                           wandb_graphql.execution.values
import time:     13005 |      57876 |                                                         wandb_graphql.execution.base
import time:     16743 |      16743 |                                                           wandb_graphql.execution.executors
import time:     18011 |      34753 |                                                         wandb_graphql.execution.executors.sync
import time:     18895 |      18895 |                                                           wandb_graphql.execution.experimental
import time:      9584 |       9584 |                                                           wandb_graphql.execution.middleware
import time:     10387 |      10387 |                                                           wandb_graphql.execution.experimental.fragment
import time:     17542 |      56406 |                                                         wandb_graphql.execution.experimental.executor
import time:     21797 |     708952 |                                                       wandb_graphql.execution.executor
import time:     18109 |     727060 |                                                     wandb_graphql.execution
import time:     26316 |      26316 |                                                       wandb_graphql.language.lexer
import time:     11441 |      11441 |                                                       wandb_graphql.language.source
import time:     11308 |      49064 |                                                     wandb_graphql.language.parser
import time:      8720 |       8720 |                                                           wandb_graphql.utils.get_field_def
import time:      8752 |      17471 |                                                         wandb_graphql.utils.type_info
import time:      8795 |       8795 |                                                             wandb_graphql.utils.is_valid_literal_value
import time:      9841 |       9841 |                                                             wandb_graphql.validation.rules.base
import time:     16903 |      35538 |                                                           wandb_graphql.validation.rules.arguments_of_correct_type
import time:     14040 |      14040 |                                                           wandb_graphql.validation.rules.default_values_of_correct_type
import time:     13611 |      13611 |                                                             wandb_graphql.utils.quoted_or_list
import time:     22822 |      22822 |                                                             wandb_graphql.utils.suggestion_list
import time:     12333 |      48766 |                                                           wandb_graphql.validation.rules.fields_on_correct_type
import time:      8732 |       8732 |                                                           wandb_graphql.validation.rules.fragments_on_composite_types
import time:     11355 |      11355 |                                                           wandb_graphql.validation.rules.known_argument_names
import time:     11299 |      11299 |                                                           wandb_graphql.validation.rules.known_directives
import time:     10117 |      10117 |                                                           wandb_graphql.validation.rules.known_fragment_names
import time:      9965 |       9965 |                                                           wandb_graphql.validation.rules.known_type_names
import time:      8875 |       8875 |                                                           wandb_graphql.validation.rules.lone_anonymous_operation
import time:     10038 |      10038 |                                                           wandb_graphql.validation.rules.no_fragment_cycles
import time:     98591 |      98591 |                                                           wandb_graphql.validation.rules.no_undefined_variables
import time:     15433 |      15433 |                                                           wandb_graphql.validation.rules.no_unused_fragments
import time:     14657 |      14657 |                                                           wandb_graphql.validation.rules.no_unused_variables
import time:     11480 |      11480 |                                                             wandb_graphql.pyutils.pair_set
import time:     14682 |      26161 |                                                           wandb_graphql.validation.rules.overlapping_fields_can_be_merged
import time:     12733 |      12733 |                                                           wandb_graphql.validation.rules.possible_fragment_spreads
import time:     13620 |      13620 |                                                           wandb_graphql.validation.rules.provided_non_null_arguments
import time:      8900 |       8900 |                                                           wandb_graphql.validation.rules.scalar_leafs
import time:      8962 |       8962 |                                                           wandb_graphql.validation.rules.unique_argument_names
import time:     13403 |      13403 |                                                           wandb_graphql.validation.rules.unique_fragment_names
import time:     13784 |      13784 |                                                           wandb_graphql.validation.rules.unique_input_field_names
import time:     15697 |      15697 |                                                           wandb_graphql.validation.rules.unique_operation_names
import time:     10654 |      10654 |                                                           wandb_graphql.validation.rules.unique_variable_names
import time:     19256 |      19256 |                                                           wandb_graphql.validation.rules.variables_are_input_types
import time:     15529 |      15529 |                                                           wandb_graphql.validation.rules.variables_in_allowed_position
import time:     20135 |     476226 |                                                         wandb_graphql.validation.rules
import time:     15882 |     509578 |                                                       wandb_graphql.validation.validation
import time:     15772 |     525350 |                                                     wandb_graphql.validation
import time:     10091 |    1311563 |                                                   wandb_graphql.graphql
import time:      7737 |       7737 |                                                   wandb_graphql.language.base
import time:      7337 |       7337 |                                                     wandb_graphql.utils.introspection_query
import time:      8583 |       8583 |                                                     wandb_graphql.utils.get_operation_ast
import time:      9774 |       9774 |                                                     wandb_graphql.utils.build_client_schema
import time:     13144 |      13144 |                                                     wandb_graphql.utils.build_ast_schema
import time:     13949 |      13949 |                                                     wandb_graphql.utils.extend_schema
import time:     10936 |      10936 |                                                     wandb_graphql.utils.schema_printer
import time:      8373 |       8373 |                                                     wandb_graphql.utils.concat_ast
import time:     11208 |      83300 |                                                   wandb_graphql.utils.base
import time:     14214 |    1448728 |                                                 wandb_graphql
import time:       100 |    1448828 |                                               wandb_graphql.language
import time:       127 |    1448954 |                                             wandb_graphql.language.parser
import time:     11705 |    1460659 |                                           wandb_gql.gql
import time:     19051 |      19051 |                                               wandb_gql.transport
import time:     28098 |      47149 |                                             wandb_gql.transport.local_schema
import time:      7162 |      54310 |                                           wandb_gql.client
import time:     25092 |    1540059 |                                         wandb_gql
import time:     11076 |      11076 |                                           wandb.analytics.sentry
import time:      9741 |      20817 |                                         wandb.analytics
import time:      6480 |       6480 |                                         wandb.apis.normalize
import time:      7637 |       7637 |                                           wandb.old
import time:      8071 |       8071 |                                           wandb.old.core
import time:     10575 |      26282 |                                         wandb.old.settings
import time:      8180 |       8180 |                                           wandb.proto
import time:     17367 |      17367 |                                           google.protobuf
import time:      7626 |       7626 |                                             wandb.proto.v3
import time:      9780 |       9780 |                                             google.protobuf.internal
import time:      9528 |       9528 |                                             google.protobuf.internal.enum_type_wrapper
import time:       788 |        788 |                                                 google.protobuf.internal._api_implementation
import time:       539 |        539 |                                                 google.protobuf.enable_deterministic_proto_serialization
import time:      9735 |      11060 |                                               google.protobuf.internal.api_implementation
import time:      7336 |      18396 |                                             google.protobuf.descriptor
import time:      5395 |       5395 |                                               google.protobuf.descriptor_database
import time:      4221 |       4221 |                                               google.protobuf.text_encoding
import time:      7825 |      17440 |                                             google.protobuf.descriptor_pool
import time:      6531 |       6531 |                                             google.protobuf.message
import time:     10383 |      10383 |                                                   google.protobuf.internal.containers
import time:      9987 |       9987 |                                                       google.protobuf.internal.wire_format
import time:      9733 |      19719 |                                                     google.protobuf.internal.encoder
import time:     10905 |      30623 |                                                   google.protobuf.internal.decoder
import time:      8371 |       8371 |                                                     google.protobuf.internal.type_checkers
import time:      7016 |      15387 |                                                   google.protobuf.internal.extension_dict
import time:      7016 |       7016 |                                                   google.protobuf.internal.message_listener
import time:     12525 |      12525 |                                                   google.protobuf.internal.well_known_types
import time:       281 |        281 |                                                     encodings.raw_unicode_escape
import time:       216 |        216 |                                                     encodings.unicode_escape
import time:     14031 |      14527 |                                                   google.protobuf.text_format
import time:     13565 |     104023 |                                                 google.protobuf.internal.python_message
import time:      5851 |     109873 |                                               google.protobuf.message_factory
import time:      6623 |       6623 |                                               google.protobuf.symbol_database
import time:     10066 |     126561 |                                             google.protobuf.reflection
import time:     11503 |      11503 |                                               google.protobuf.internal.builder
import time:     16063 |      16063 |                                               google.protobuf.descriptor_pb2
import time:      9658 |      37223 |                                             google.protobuf.empty_pb2
import time:     12923 |      12923 |                                             google.protobuf.timestamp_pb2
import time:     10302 |      10302 |                                               wandb.proto.v3.wandb_base_pb2
import time:     10190 |      20492 |                                             wandb.proto.wandb_base_pb2
import time:     25269 |      25269 |                                               wandb.proto.v3.wandb_telemetry_pb2
import time:     13704 |      38972 |                                             wandb.proto.wandb_telemetry_pb2
import time:    179077 |     484543 |                                           wandb.proto.v3.wandb_internal_pb2
import time:     10326 |     520415 |                                         wandb.proto.wandb_internal_pb2
import time:     16872 |      16872 |                                           wandb.sdk.internal._generated.operations
import time:   1419695 |    1419695 |                                           wandb.sdk.internal._generated.server_features_query
import time:     16004 |    1452570 |                                         wandb.sdk.internal._generated
import time:     13001 |      13001 |                                           wandb_gql.transport.http
import time:      4229 |       4229 |                                           wandb._analytics
import time:      8692 |      25921 |                                         wandb.sdk.lib.gql_request
import time:      7238 |       7238 |                                         wandb.sdk.lib.credentials
import time:      6949 |       6949 |                                         wandb.sdk.lib.retry
import time:      8128 |       8128 |                                         wandb.sdk.lib.filenames
import time:      7054 |       7054 |                                         wandb.sdk.internal.context
import time:      7463 |       7463 |                                         wandb.sdk.internal.progress
import time:     31016 |    3660386 |                                       wandb.sdk.internal.internal_api
import time:      8069 |    3668455 |                                     wandb.apis.internal
import time:      8460 |       8460 |                                         wandb.apis.public.const
import time:      4983 |       4983 |                                             wandb.apis.paginator
import time:     17538 |      17538 |                                             wandb.apis.public.utils
import time:     12795 |      12795 |                                             wandb.sdk.artifacts._gqlutils
import time:      8833 |       8833 |                                             wandb.apis.public.registries._utils
import time:     15282 |      59429 |                                           wandb.apis.public.registries.registries_search
import time:      5277 |       5277 |                                               wandb.apis.attrs
import time:     10402 |      15678 |                                             wandb.apis.public.teams
import time:     14975 |      14975 |                                             wandb.apis.public.users
import time:    213942 |     213942 |                                                 wandb.sdk.artifacts._models.base_model
import time:     36312 |     250253 |                                               wandb.sdk.artifacts._models.artifact_collection
import time:     11095 |      11095 |                                                 wandb.apis.public.registries._freezable_list
import time:     51858 |      62952 |                                               wandb.sdk.artifacts._models.registry
import time:     15482 |     328686 |                                             wandb.sdk.artifacts._models
import time:      8589 |       8589 |                                                 pydantic._internal._dataclasses
import time:      7541 |      16130 |                                               pydantic.dataclasses
import time:     74852 |      90982 |                                             wandb.apis.public.registries._members
import time:      9922 |     460240 |                                           wandb.apis.public.registries.registry
import time:     13643 |     533311 |                                         wandb.apis.public.registries
import time:     10755 |      10755 |                                             wandb.errors.links
import time:     10727 |      21482 |                                           wandb.sdk.lib.apikey
import time:     10700 |      32182 |                                         wandb.sdk.wandb_login
import time:     12360 |      12360 |                                                   wandb.docker.names
import time:     10814 |      23174 |                                                 wandb.docker
import time:     17031 |      17031 |                                                 wandb.sdk.launch.errors
import time:     15224 |      15224 |                                                   wandb.sdk.launch.builder
import time:     14316 |      14316 |                                                     wandb.sdk.launch.environment
import time:     26683 |      40998 |                                                   wandb.sdk.launch.environment.abstract
import time:     12632 |      12632 |                                                     wandb.sdk.launch.registry
import time:     23451 |      36082 |                                                   wandb.sdk.launch.registry.abstract
import time:     11000 |      11000 |                                                       wandb.sdk.launch.git_reference
import time:     11506 |      11506 |                                                       wandb.sdk.launch.wandb_reference
import time:      9833 |       9833 |                                                       wandb.sdk.wandb_config
import time:     16815 |      16815 |                                                         wandb.sdk.launch.builder.templates
import time:     36128 |      52943 |                                                       wandb.sdk.launch.builder.templates._wandb_bootstrap
import time:     16553 |     101832 |                                                     wandb.sdk.launch.utils
import time:     13863 |     115695 |                                                   wandb.sdk.launch._project_spec
import time:     13590 |      13590 |                                                   wandb.sdk.launch.registry.anon
import time:     19931 |     241519 |                                                 wandb.sdk.launch.builder.abstract
import time:     15173 |      15173 |                                                   wandb.sdk.launch.runner
import time:     18059 |      33231 |                                                 wandb.sdk.launch.runner.abstract
import time:     11184 |     326138 |                                               wandb.sdk.launch.loader
import time:     14930 |      14930 |                                                       wandb.sdk.launch.builder.templates.dockerfile
import time:     13568 |      28497 |                                                     wandb.sdk.launch.builder.build
import time:     10082 |      38579 |                                                   wandb.sdk.launch._launch_add
import time:     12163 |      12163 |                                                   wandb.sdk.launch.runner.local_container
import time:     12085 |      12085 |                                                   wandb.sdk.launch.runner.local_process
import time:     18370 |      18370 |                                                     wandb.sdk.launch.sweeps
import time:     12720 |      12720 |                                                     wandb.sdk.launch.sweeps.utils
import time:     24664 |      55753 |                                                   wandb.sdk.launch.sweeps.scheduler
import time:     16768 |      16768 |                                                     wandb.sdk.launch.agent.run_queue_item_file_saver
import time:     15446 |      32214 |                                                   wandb.sdk.launch.agent.job_status_tracker
import time:     21549 |     172340 |                                                 wandb.sdk.launch.agent.agent
import time:     16894 |     189234 |                                               wandb.sdk.launch.agent
import time:     10723 |      10723 |                                               wandb.sdk.launch.environment.local_environment
import time:     15663 |     541756 |                                             wandb.sdk.launch._launch
import time:      9841 |       9841 |                                               wandb.sdk.launch.inputs
import time:     15356 |      25196 |                                             wandb.sdk.launch.inputs.manage
import time:     15988 |     582940 |                                           wandb.sdk.launch
import time:       198 |     583137 |                                         wandb.sdk.launch.utils
import time:      9410 |       9410 |                                           wandb.sdk.lib.telemetry
import time:      8010 |      17419 |                                         wandb.sdk.lib.deprecation
import time:     22640 |    1197147 |                                       wandb.apis.public.api
import time:   1167171 |    1167171 |                                       wandb.apis.public.artifacts
import time:      8850 |       8850 |                                       wandb.apis.public.automations
import time:     10736 |      10736 |                                         wandb.apis.public.runs
import time:     11445 |      22180 |                                       wandb.apis.public.files
import time:      6008 |       6008 |                                       wandb.apis.public.history
import time:      6251 |       6251 |                                       wandb.apis.public.integrations
import time:      7261 |       7261 |                                         wandb.sdk.artifacts.artifact_state
import time:      7949 |      15210 |                                       wandb.apis.public.jobs
import time:      7177 |       7177 |                                         wandb.apis.public.sweeps
import time:      7107 |      14284 |                                       wandb.apis.public.projects
import time:      7302 |       7302 |                                       wandb.apis.public.query_generator
import time:      8043 |       8043 |                                       wandb.apis.public.reports
import time:     12415 |    2464856 |                                     wandb.apis.public
import time:     32777 |    6166087 |                                   wandb.apis
import time:       552 |    6166638 |                                 wandb.apis.normalize
import time:      4564 |       4564 |                                             google.protobuf.wrappers_pb2
import time:     11175 |      15738 |                                           wandb.proto.v3.wandb_settings_pb2
import time:      4518 |      20256 |                                         wandb.proto.wandb_settings_pb2
import time:      6018 |       6018 |                                           wandb.proto.v3.wandb_sync_pb2
import time:      4195 |      10212 |                                         wandb.proto.wandb_sync_pb2
import time:     26102 |      26102 |                                           wandb.proto.v3.wandb_api_pb2
import time:      4104 |      30205 |                                         wandb.proto.wandb_api_pb2
import time:      7593 |      68265 |                                       wandb.proto.v3.wandb_server_pb2
import time:      5553 |      73817 |                                     wandb.proto.wandb_server_pb2
import time:      8094 |       8094 |                                     wandb.sdk.mailbox.mailbox_handle
import time:      7055 |       7055 |                                     wandb.sdk.mailbox.response_handle
import time:      9348 |      98312 |                                   wandb.sdk.mailbox.mailbox
import time:      8460 |       8460 |                                   wandb.sdk.mailbox.wait_with_progress
import time:     22899 |     129670 |                                 wandb.sdk.mailbox
import time:     11242 |      11242 |                                     wandb.sdk.artifacts.storage_layout
import time:    184393 |     195635 |                                   wandb.sdk.artifacts._models.storage
import time:     15045 |      15045 |                                     wandb.sdk.artifacts.storage_policies.register
import time:      8550 |       8550 |                                       wandb.sdk.artifacts.artifact_file_cache
import time:      8304 |       8304 |                                       wandb.sdk.artifacts.staging
import time:     14048 |      14048 |                                         wandb.sdk.artifacts.storage_handlers
import time:      7380 |       7380 |                                         wandb.sdk.artifacts.storage_handler
import time:     17064 |      38492 |                                       wandb.sdk.artifacts.storage_handlers.multi_handler
import time:    136623 |     136623 |                                         wandb.sdk.artifacts.artifact_manifest_entry
import time:      8458 |     145080 |                                       wandb.sdk.artifacts.storage_handlers.tracking_handler
import time:      8551 |       8551 |                                       wandb.sdk.artifacts.storage_policies._multipart
import time:      7635 |       7635 |                                       wandb.sdk.artifacts.storage_policy
import time:      7783 |       7783 |                                         wandb.sdk.artifacts.storage_handlers.azure_handler
import time:      6462 |       6462 |                                           wandb.sdk.artifacts.storage_handlers._timing
import time:      7543 |      14005 |                                         wandb.sdk.artifacts.storage_handlers.gcs_handler
import time:     10422 |      10422 |                                         wandb.sdk.artifacts.storage_handlers.http_handler
import time:     10202 |      10202 |                                         wandb.sdk.artifacts.storage_handlers.local_file_handler
import time:      9978 |       9978 |                                         wandb.sdk.artifacts.storage_handlers.s3_handler
import time:     11832 |      11832 |                                         wandb.sdk.artifacts.storage_handlers.wb_artifact_handler
import time:      7638 |       7638 |                                             wandb.sdk.lib.capped_dict
import time:      6317 |      13954 |                                           wandb.sdk.artifacts.artifact_instance_cache
import time:     19143 |      33097 |                                         wandb.sdk.artifacts.storage_handlers.wb_local_artifact_handler
import time:      7911 |     105227 |                                       wandb.sdk.artifacts.storage_policies._factories
import time:     11692 |     333528 |                                     wandb.sdk.artifacts.storage_policies.wandb_storage_policy
import time:     23299 |     371872 |                                   wandb.sdk.artifacts.storage_policies
import time:      8229 |     575735 |                                 wandb.sdk.artifacts._factories
import time:      5933 |       5933 |                                   wandb.sdk.artifacts.exceptions
import time:     10017 |      15949 |                                 wandb.sdk.artifacts._validators
import time:      7470 |       7470 |                                 wandb.sdk.artifacts.artifact_download_logger
import time:    166875 |     166875 |                                 wandb.sdk.artifacts.artifact_manifest
import time:     10383 |      10383 |                                   wandb.sdk.artifacts.artifact_manifests
import time:     50938 |      50938 |                                   wandb.sdk.artifacts._models.manifest
import time:     39598 |     100917 |                                 wandb.sdk.artifacts.artifact_manifests.artifact_manifest_v1
import time:      5987 |       5987 |                                 wandb.sdk.artifacts.artifact_ttl
import time:     47383 |   20569626 |                               wandb.sdk.artifacts.artifact
import time:     15702 |      15702 |                               wandb.sdk.wandb_alerts
import time:      3553 |       3553 |                                 wandb.trigger
import time:     21084 |      21084 |                                 wandb.errors.util
import time:      8809 |       8809 |                                   wandb.integration.weave.interface
import time:      6728 |       6728 |                                   wandb.integration.weave.weave
import time:      8742 |      24278 |                                 wandb.integration.weave
import time:      7443 |       7443 |                                   wandb.sdk.interface
import time:      5460 |       5460 |                                     wandb.sdk.interface.summary_record
import time:     14461 |      19920 |                                   wandb.sdk.interface.interface
import time:     21483 |      48845 |                                 wandb.sdk.lib.progress
import time:      8822 |       8822 |                                   wandb.sdk.backend
import time:     12177 |      20998 |                                 wandb.sdk.backend.backend
import time:      6497 |       6497 |                                   wandb.sdk.lib.preinit
import time:      5907 |      12403 |                                 wandb.sdk.lib.module
import time:     20443 |      20443 |                                   wandb.integration.torch
import time:     11872 |      11872 |                                   wandb.integration.torch.wandb_torch
import time:     11244 |      11244 |                                       wandb.plot.custom_chart
import time:      6716 |      17960 |                                     wandb.plot.bar
import time:      4746 |       4746 |                                     wandb.plot.confusion_matrix
import time:      5776 |       5776 |                                     wandb.plot.histogram
import time:      4129 |       4129 |                                     wandb.plot.line
import time:      4865 |       4865 |                                     wandb.plot.line_series
import time:      5428 |       5428 |                                       wandb.plot.utils
import time:      7931 |      13359 |                                     wandb.plot.pr_curve
import time:      6031 |       6031 |                                     wandb.plot.roc_curve
import time:      4562 |       4562 |                                     wandb.plot.scatter
import time:      4825 |       4825 |                                     wandb.plot.viz
import time:     11515 |      77763 |                                   wandb.plot
import time:      7091 |       7091 |                                   wandb.sdk.wandb_metric
import time:     50604 |      50604 |                                   wandb.sdk.wandb_summary
import time:     57467 |      57467 |                                   wandb.sdk.lib.interrupt
import time:     11402 |      11402 |                                   wandb.sdk.lib.proto_util
import time:       769 |        769 |                                       tty
import time:      1129 |       1898 |                                     pty
import time:      7628 |       7628 |                                     wandb.sdk.lib.console_capture
import time:     13151 |      22676 |                                   wandb.sdk.lib.redirect
import time:      9877 |       9877 |                                   wandb.sdk.lib.exit_hooks
import time:     25807 |     294997 |                                 wandb.sdk.wandb_run
import time:      5757 |       5757 |                                   pydantic._internal._serializers
import time:    271852 |     277608 |                                 wandb.sdk.wandb_settings
import time:     13040 |     716802 |                               wandb.sdk.wandb_init
import time:     12296 |      12296 |                               wandb.sdk.wandb_require
import time:      8155 |       8155 |                               wandb.sdk.wandb_sweep
import time:      7775 |       7775 |                               wandb.sdk.wandb_watch
import time:     14369 |   21722554 |                             wandb.sdk
import time:       264 |   21722818 |                           wandb.sdk.lib
import time:      8386 |       8386 |                           wandb.wandb_agent
import time:     11637 |      11637 |                           wandb.sdk.internal.profiler
import time:     17159 |   21959554 |                         wandb
import time:      7859 |   21967413 |                       timm.utils.summary
import time:     17577 |   22127839 |                     timm.utils
import time:       260 |   22128098 |                   timm.utils.misc
import time:      7466 |       7466 |                   timm.data.readers.class_map
import time:      9279 |       9279 |                   timm.data.readers.img_extensions
import time:      7297 |       7297 |                   timm.data.readers.reader
import time:     13221 |   22165359 |                 timm.data.readers.reader_image_folder
import time:     10012 |      10012 |                 timm.data.readers.reader_image_in_tar
import time:     26993 |   22202363 |               timm.data.readers.reader_factory
import time:     36704 |   22239067 |             timm.data.readers
import time:     23870 |   22262936 |           timm.data.dataset
import time:      8039 |       8039 |           timm.data.dataset_factory
import time:      7829 |       7829 |           timm.data.dataset_info
import time:      9101 |       9101 |           timm.data.imagenet_info
import time:      5507 |       5507 |             timm.data.distributed_sampler
import time:      5010 |       5010 |             timm.data.random_erasing
import time:      6059 |       6059 |             timm.data.mixup
import time:      6041 |       6041 |               timm.data.transforms
import time:      6321 |      12361 |             timm.data.transforms_factory
import time:      8344 |      37279 |           timm.data.loader
import time:      8434 |       8434 |           timm.data.real_labels
import time:      8430 |   22409529 |         timm.data
import time:      7755 |       7755 |           timm.models._features
import time:      6616 |       6616 |             torchvision.models.feature_extraction
import time:      5212 |      11827 |           timm.models._features_fx
import time:      4776 |       4776 |           timm.models._helpers
import time:      9677 |       9677 |             timm.models._pretrained
import time:      6334 |      16011 |           timm.models._hub
import time:      6562 |       6562 |           timm.models._manipulate
import time:      7184 |       7184 |           timm.models._prune
import time:      6829 |       6829 |           timm.models._registry
import time:      8791 |      69733 |         timm.models._builder
import time:     24620 |      24620 |         timm.models.vision_transformer
import time:     57107 |   22560987 |       timm.models.beit
import time:     15234 |      15234 |         timm.models.byobnet
import time:      7509 |      22742 |       timm.models.byoanet
import time:      8888 |       8888 |       timm.models.cait
import time:      9935 |       9935 |       timm.models.coat
import time:     12798 |      12798 |           timm.models.resnet
import time:      8690 |       8690 |           timm.models.resnetv2
import time:      7754 |      29241 |         timm.models.vision_transformer_hybrid
import time:      6404 |      35645 |       timm.models.convit
import time:     18216 |      18216 |       timm.models.convmixer
import time:     25875 |      25875 |       timm.models.convnext
import time:      8109 |       8109 |       timm.models.crossvit
import time:      9538 |       9538 |       timm.models.cspnet
import time:      8979 |       8979 |       timm.models.davit
import time:     11868 |      11868 |       timm.models.deit
import time:     19014 |      19014 |       timm.models.densenet
import time:     12691 |      12691 |       timm.models.dla
import time:     27841 |      27841 |       timm.models.dpn
import time:      9432 |       9432 |       timm.models.edgenext
import time:      9869 |       9869 |       timm.models.efficientformer
import time:      9969 |       9969 |       timm.models.efficientformer_v2
import time:     17562 |      17562 |         timm.models._efficientnet_blocks
import time:      6985 |       6985 |         timm.models._efficientnet_builder
import time:     16423 |      40970 |       timm.models.efficientnet
import time:      8316 |       8316 |       timm.models.efficientvit_mit
import time:      7162 |       7162 |       timm.models.efficientvit_msra
import time:     11360 |      11360 |       timm.models.eva
import time:     11035 |      11035 |       timm.models.fastvit
import time:     13069 |      13069 |       timm.models.focalnet
import time:      8662 |       8662 |       timm.models.gcvit
import time:      8082 |       8082 |       timm.models.ghostnet
import time:      8048 |       8048 |         timm.models.mobilenetv3
import time:     12475 |      20523 |       timm.models.hardcorenas
import time:     58719 |      58719 |       timm.models.hrnet
import time:      8001 |       8001 |       timm.models.inception_next
import time:      9606 |       9606 |       timm.models.inception_resnet_v2
import time:      6540 |       6540 |       timm.models.inception_v3
import time:      7824 |       7824 |       timm.models.inception_v4
import time:     18857 |      18857 |       timm.models.levit
import time:     19766 |      19766 |       timm.models.maxxvit
import time:     10339 |      10339 |       timm.models.metaformer
import time:      8491 |       8491 |       timm.models.mlp_mixer
import time:      8400 |       8400 |       timm.models.mobilevit
import time:     10384 |      10384 |       timm.models.mvitv2
import time:      8628 |       8628 |       timm.models.nasnet
import time:      8416 |       8416 |       timm.models.nest
import time:      9117 |       9117 |       timm.models.nfnet
import time:      6766 |       6766 |       timm.models.pit
import time:      6502 |       6502 |       timm.models.pnasnet
import time:     36047 |      36047 |       timm.models.pvt_v2
import time:      9642 |       9642 |       timm.models.regnet
import time:      6973 |       6973 |       timm.models.repghost
import time:      6900 |       6900 |       timm.models.repvit
import time:      5407 |       5407 |       timm.models.res2net
import time:      5725 |       5725 |       timm.models.resnest
import time:      8830 |       8830 |       timm.models.rexnet
import time:     33700 |      33700 |       timm.models.selecsls
import time:      8429 |       8429 |       timm.models.senet
import time:      8327 |       8327 |       timm.models.sequencer
import time:     13343 |      13343 |       timm.models.sknet
import time:     13061 |      13061 |       timm.models.swin_transformer
import time:     10493 |      10493 |       timm.models.swin_transformer_v2
import time:     10733 |      10733 |       timm.models.swin_transformer_v2_cr
import time:     10674 |      10674 |       timm.models.tiny_vit
import time:      9017 |       9017 |       timm.models.tnt
import time:      8651 |       8651 |       timm.models.tresnet
import time:      9560 |       9560 |       timm.models.twins
import time:      9684 |       9684 |       timm.models.vgg
import time:      9190 |       9190 |       timm.models.visformer
import time:     10453 |      10453 |       timm.models.vision_transformer_relpos
import time:     12124 |      12124 |       timm.models.vision_transformer_sam
import time:     12849 |      12849 |       timm.models.volo
import time:      6626 |       6626 |       timm.models.vovnet
import time:     10109 |      10109 |       timm.models.xception
import time:      6802 |       6802 |       timm.models.xception_aligned
import time:     31144 |      31144 |       timm.models.xcit
import time:     28644 |      28644 |       timm.models._factory
import time:     58185 |   23556420 |     timm.models
import time:      7088 |   24161710 |   timm
import time:     19438 |   24181147 | ocr.core.models.encoder.timm_backbone
import time:      6905 |       6905 | netrc
import time:      8759 |       8759 |   lmdb.cpython
import time:      9305 |      18063 | lmdb
import time:      3124 |       3124 |     ocr.core.lightning
import time:     12482 |      12482 |       ocr.core.lightning.utils.checkpoint_utils
import time:      4059 |       4059 |             ocr.core.data
import time:     12481 |      16539 |           ocr.core.data.schemas
import time:     24787 |      41326 |         ocr.core.validation
import time:      8339 |      49664 |       ocr.core.lightning.utils.config_utils
import time:      9181 |       9181 |       ocr.core.lightning.utils.prediction_utils
import time:      7973 |      79298 |     ocr.core.lightning.utils
import time:     10225 |      92647 |   ocr.core.lightning.base
import time:      8584 |     101231 | ocr.domains.recognition.module
Using 16bit Automatic Mixed Precision (AMP)
GPU available: True (cuda), used: True
TPU available: False, using: 0 TPU cores
Running in `fast_dev_run` mode: will run the requested loop using 1 batch(es). Logging and checkpointing is suppressed.
You are using a CUDA device ('NVIDIA GeForce RTX 3090') that has Tensor Cores. To properly utilize them, you should set `torch.set_float32_matmul_precision('medium' | 'high')` which will trade-off precision for performance. For more details, read https://pytorch.org/docs/stable/generated/torch.set_float32_matmul_precision.html#torch.set_float32_matmul_precision
LOCAL_RANK: 0 - CUDA_VISIBLE_DEVICES: [0]
/workspaces/upstageailab-ocr-recsys-competition-ocr-2/.venv/lib/python3.11/site-packages/lightning/pytorch/utilities/model_summary/model_summary.py:231: Precision 16-mixed is not supported by the model summary.  Estimated model size in MB will not be accurate. Using 32 bits instead.

  | Name    | Type          | Params | Mode 
--------------------------------------------------
0 | model   | PARSeq        | 56.4 M | train
1 | rec_cer | CharErrorRate | 0      | train
--------------------------------------------------
56.4 M    Trainable params
0         Non-trainable params
56.4 M    Total params
225.467   Total estimated model params size (MB)
268       Modules in train mode
0         Modules in eval mode
import time:       367 |        367 | multiprocessing.popen_fork
import time:     13627 |      13627 | PIL.BmpImagePlugin
import time:     14145 |      14145 | PIL.BmpImagePlugin
import time:     16244 |      16244 | PIL.GifImagePlugin
import time:     17378 |      17378 | PIL.GifImagePlugin
import time:     15656 |      15656 | PIL.BmpImagePlugin
import time:     15133 |      15133 | PIL.BmpImagePlugin
import time:     14569 |      14569 | PIL.GifImagePlugin
import time:     15304 |      15304 | PIL.GifImagePlugin
import time:      9631 |       9631 |   PIL.JpegPresets
import time:     10205 |      10205 |   PIL.JpegPresets
import time:     14866 |      24497 | PIL.JpegImagePlugin
import time:     16346 |      26551 | PIL.JpegImagePlugin
import time:     13260 |      13260 | PIL.BmpImagePlugin
import time:     14902 |      14902 | PIL.BmpImagePlugin
import time:     10429 |      10429 | PIL.PpmImagePlugin
import time:     10580 |      10580 | PIL.PpmImagePlugin
import time:     12075 |      12075 |   PIL.JpegPresets
import time:     11278 |      11278 |   PIL.JpegPresets
import time:     13239 |      25313 | PIL.JpegImagePlugin
import time:     16468 |      27745 | PIL.JpegImagePlugin
import time:     15985 |      15985 | PIL.BmpImagePlugin
import time:     18896 |      18896 | PIL.GifImagePlugin
import time:     20407 |      20407 | PIL.GifImagePlugin
import time:     16624 |      16624 | PIL.BmpImagePlugin
import time:     11662 |      11662 | PIL.PpmImagePlugin
import time:     12934 |      12934 | PIL.PpmImagePlugin
import time:     17073 |      17073 | PIL.GifImagePlugin
import time:     20035 |      20035 | PIL.GifImagePlugin
import time:     16116 |      16116 | PIL.BmpImagePlugin
import time:     16133 |      16133 | PIL.BmpImagePlugin
import time:     16138 |      16138 | PIL.BmpImagePlugin
import time:     10397 |      10397 |   PIL.JpegPresets
import time:     15034 |      25431 | PIL.JpegImagePlugin
import time:     10099 |      10099 |   PIL.JpegPresets
import time:     17002 |      27100 | PIL.JpegImagePlugin
import time:     13977 |      13977 | PIL.GifImagePlugin
import time:     13412 |      13412 | PIL.GifImagePlugin
import time:     14276 |      14276 | PIL.GifImagePlugin
import time:      9882 |       9882 | PIL.PpmImagePlugin
import time:      8735 |       8735 | PIL.PpmImagePlugin
import time:      8925 |       8925 |   PIL.JpegPresets
import time:      8603 |       8603 |   PIL.JpegPresets
import time:     11862 |      20786 | PIL.JpegImagePlugin
import time:     13524 |      22127 | PIL.JpegImagePlugin
import time:     10081 |      10081 | PIL.PpmImagePlugin
import time:      9608 |       9608 | PIL.PpmImagePlugin
import time:      6920 |       6920 |   PIL.JpegPresets
import time:      7336 |       7336 |   PIL.JpegPresets
import time:      8651 |       8651 |   PIL.JpegPresets
import time:     12772 |      19691 | PIL.JpegImagePlugin
import time:     13356 |      20691 | PIL.JpegImagePlugin
import time:     13263 |      21914 | PIL.JpegImagePlugin
import time:      7703 |       7703 | PIL.PpmImagePlugin
import time:      8901 |       8901 | PIL.PpmImagePlugin
import time:      8541 |       8541 | PIL.PpmImagePlugin
import time:      8444 |       8444 | PIL.BmpImagePlugin
import time:     11321 |      11321 | PIL.GifImagePlugin
import time:      6003 |       6003 |   PIL.JpegPresets
import time:      9274 |      15277 | PIL.JpegImagePlugin
import time:      6063 |       6063 | PIL.PpmImagePlugin
import time:     11686 |      11686 | PIL.BmpImagePlugin
import time:     13316 |      13316 | PIL.BmpImagePlugin
import time:     13078 |      13078 | PIL.GifImagePlugin
import time:     13494 |      13494 | PIL.GifImagePlugin
import time:      7586 |       7586 |   PIL.JpegPresets
import time:     11433 |      19019 | PIL.JpegImagePlugin
import time:      6423 |       6423 |   PIL.JpegPresets
import time:     10829 |      17252 | PIL.JpegImagePlugin
import time:      7077 |       7077 | PIL.PpmImagePlugin
import time:      6614 |       6614 | PIL.PpmImagePlugin
import time:     12885 |      12885 | PIL.BmpImagePlugin
import time:     14775 |      14775 | PIL.BmpImagePlugin
import time:     16769 |      16769 | PIL.GifImagePlugin
import time:     15057 |      15057 | PIL.GifImagePlugin
import time:      7482 |       7482 |   PIL.JpegPresets
import time:     13388 |      20870 | PIL.JpegImagePlugin
import time:     13685 |      13685 | PIL.BmpImagePlugin
import time:     11722 |      11722 | PIL.BmpImagePlugin
import time:      8299 |       8299 | PIL.PpmImagePlugin
import time:      8375 |       8375 |   PIL.JpegPresets
import time:     11754 |      20129 | PIL.JpegImagePlugin
import time:     14141 |      14141 | PIL.GifImagePlugin
import time:     14494 |      14494 | PIL.GifImagePlugin
import time:      9050 |       9050 | PIL.PpmImagePlugin
import time:     13477 |      13477 | PIL.BmpImagePlugin
import time:      6921 |       6921 |   PIL.JpegPresets
import time:     13194 |      20114 | PIL.JpegImagePlugin
import time:      5654 |       5654 |   PIL.JpegPresets
import time:     11031 |      16684 | PIL.JpegImagePlugin
import time:      7521 |       7521 | PIL.PpmImagePlugin
import time:      6083 |       6083 | PIL.PpmImagePlugin
import time:     14092 |      14092 | PIL.GifImagePlugin
import time:     11159 |      11159 | PIL.BmpImagePlugin
import time:      6405 |       6405 |   PIL.JpegPresets
import time:     12520 |      12520 | PIL.GifImagePlugin
import time:     10806 |      17210 | PIL.JpegImagePlugin
import time:      7041 |       7041 | PIL.PpmImagePlugin
import time:      5832 |       5832 |   PIL.JpegPresets
import time:     10278 |      16110 | PIL.JpegImagePlugin
import time:      8862 |       8862 | PIL.PpmImagePlugin
`Trainer.fit` stopped: `max_steps=1` reached.
import time:      2078 |       2078 | tabulate
