import time: self [us] | cumulative | imported package
import time:       126 |        126 |   _io
import time:        51 |         51 |   marshal
import time:       269 |        269 |   posix
import time:       799 |       1243 | _frozen_importlib_external
import time:       122 |        122 |   time
import time:       303 |        425 | zipimport
import time:        91 |         91 |     _codecs
import time:       484 |        575 |   codecs
import time:       307 |        307 |   encodings.aliases
import time:      2981 |       3862 | encodings
import time:       170 |        170 | encodings.utf_8
import time:        77 |         77 | _signal
import time:        26 |         26 |     _abc
import time:      2694 |       2720 |   abc
import time:      2770 |       5489 | io
import time:        38 |         38 |       _stat
import time:       383 |        420 |     stat
import time:       570 |        570 |     _collections_abc
import time:        33 |         33 |       genericpath
import time:       240 |        272 |     posixpath
import time:       907 |       2168 |   os
import time:        69 |         69 |   _sitebuiltins
import time:     12609 |      12609 |   _virtualenv
import time:      9319 |       9319 |   _distutils_hack
import time:       512 |        512 |   types
import time:       442 |        442 |       warnings
import time:       627 |       1069 |     importlib
import time:       154 |        154 |     importlib._abc
import time:        79 |         79 |         itertools
import time:       291 |        291 |         keyword
import time:        64 |         64 |           _operator
import time:       722 |        786 |         operator
import time:       285 |        285 |         reprlib
import time:        54 |         54 |         _collections
import time:      1826 |       3319 |       collections
import time:        52 |         52 |         _functools
import time:      1356 |       1408 |       functools
import time:      1143 |       5869 |     contextlib
import time:       356 |        356 |       _weakrefset
import time:       841 |       1197 |     threading
import time:       917 |       9204 |   importlib.util
import time:        46 |         46 |   importlib.machinery
import time:       309 |        309 |   sitecustomize
import time:     58234 |      92466 | site
import time:      1364 |       1364 |     enum
import time:        51 |         51 |       _sre
import time:       244 |        244 |         re._constants
import time:       457 |        701 |       re._parser
import time:        92 |         92 |       re._casefix
import time:       765 |       1607 |     re._compiler
import time:       862 |        862 |     copyreg
import time:      1456 |       5287 |   re
import time:       123 |        123 |     collections.abc
import time:       568 |        568 |         token
import time:      1557 |       2125 |       tokenize
import time:       996 |       3120 |     linecache
import time:      1593 |       1593 |     textwrap
import time:      2233 |       7068 |   traceback
import time:       880 |        880 |   weakref
import time:        32 |         32 |     _string
import time:       874 |        906 |   string
import time:        34 |         34 |   atexit
import time:      5417 |      19590 | logging
import time:        58 |         58 |       errno
import time:       113 |        113 |           _socket
import time:        52 |         52 |             math
import time:        64 |         64 |             select
import time:      1457 |       1572 |           selectors
import time:        86 |         86 |           array
import time:      2122 |       3891 |         socket
import time:        71 |         71 |             _struct
import time:       926 |        997 |           struct
import time:       963 |        963 |           _compat_pickle
import time:       124 |        124 |           _pickle
import time:       600 |        600 |               org
import time:       109 |        709 |             org.python
import time:        99 |        807 |           org.python.core
import time:      2346 |       5236 |         pickle
import time:        43 |         43 |             _heapq
import time:       684 |        727 |           heapq
import time:        45 |         45 |           _queue
import time:      1108 |       1880 |         queue
import time:       886 |        886 |               org
import time:       200 |       1086 |             org.python
import time:       281 |       1367 |           org.python.core
import time:      1115 |       2482 |         copy
import time:      1252 |      14738 |       logging.handlers
import time:      1233 |       1233 |       socketserver
import time:      1793 |      17821 |     logging.config
import time:       687 |        687 |       fnmatch
import time:       505 |        505 |         _winapi
import time:       486 |        486 |         nt
import time:       448 |        448 |         nt
import time:       434 |        434 |         nt
import time:       438 |        438 |         nt
import time:       429 |        429 |         nt
import time:       750 |       3486 |       ntpath
import time:      1039 |       1039 |         urllib
import time:      1394 |       1394 |         ipaddress
import time:      1877 |       4309 |       urllib.parse
import time:      1463 |       9943 |     pathlib
import time:        36 |         36 |       _typing
import time:      2202 |       2237 |     typing
import time:      6164 |       6164 |         hydra._internal
import time:     11790 |      17954 |       hydra._internal.instantiate
import time:        61 |         61 |                 _ast
import time:      1547 |       1607 |               ast
import time:        35 |         35 |                   _opcode
import time:      1263 |       1298 |                 opcode
import time:      1075 |       2373 |               dis
import time:      2146 |       6125 |             inspect
import time:      1363 |       7487 |           dataclasses
import time:      5558 |       5558 |             antlr4.Token
import time:      3716 |       3716 |             antlr4.InputStream
import time:      5717 |       5717 |             antlr4.FileStream
import time:      3341 |       3341 |             antlr4.StdinStream
import time:      6821 |       6821 |                 antlr4.error
import time:     12190 |      12190 |                       antlr4.tree
import time:     10338 |      22527 |                     antlr4.tree.Tree
import time:      4413 |       4413 |                       antlr4.Utils
import time:      5095 |       9507 |                     antlr4.tree.Trees
import time:      4314 |      36348 |                   antlr4.RuleContext
import time:      3948 |      40296 |                 antlr4.ParserRuleContext
import time:      7835 |       7835 |                   antlr4.error.ErrorListener
import time:     14128 |      21962 |                 antlr4.Recognizer
import time:      7059 |      76136 |               antlr4.error.Errors
import time:      4105 |      80241 |             antlr4.BufferedTokenStream
import time:      5387 |       5387 |                 antlr4.CommonTokenFactory
import time:     12822 |      12822 |                   antlr4.atn
import time:      6373 |       6373 |                       antlr4.IntervalSet
import time:      6949 |       6949 |                       antlr4.atn.ATNType
import time:      9743 |       9743 |                           antlr4.atn.SemanticContext
import time:      8487 |      18229 |                         antlr4.atn.Transition
import time:      9385 |      27613 |                       antlr4.atn.ATNState
import time:      8836 |      49769 |                     antlr4.atn.ATN
import time:      9200 |      58969 |                   antlr4.PredictionContext
import time:      8211 |       8211 |                       antlr4.atn.LexerAction
import time:      7322 |      15533 |                     antlr4.atn.LexerActionExecutor
import time:      7840 |      23373 |                   antlr4.atn.ATNConfig
import time:      4876 |       4876 |                     antlr4.atn.ATNConfigSet
import time:      6399 |       6399 |                       antlr4.dfa
import time:      7707 |      14105 |                     antlr4.dfa.DFAState
import time:      6737 |      25717 |                   antlr4.atn.ATNSimulator
import time:     13841 |     134720 |                 antlr4.atn.LexerATNSimulator
import time:      6268 |     146375 |               antlr4.Lexer
import time:      6287 |     152661 |             antlr4.CommonTokenStream
import time:      5891 |       5891 |               antlr4.error.ErrorStrategy
import time:      2713 |       2713 |                   platform
import time:        36 |         36 |                   _uuid
import time:      3397 |       6146 |                 uuid
import time:      4350 |       4350 |                 antlr4.atn.ATNDeserializationOptions
import time:      6855 |      17349 |               antlr4.atn.ATNDeserializer
import time:      3922 |       3922 |                 antlr4.ListTokenSource
import time:      4431 |       4431 |                 antlr4.tree.Chunk
import time:      4141 |       4141 |                 antlr4.tree.RuleTagToken
import time:      7550 |       7550 |                 antlr4.tree.TokenTagToken
import time:      8005 |      28047 |               antlr4.tree.ParseTreePatternMatcher
import time:      6716 |      58002 |             antlr4.Parser
import time:      5449 |       5449 |             antlr4.dfa.DFA
import time:      5291 |       5291 |               antlr4.atn.PredictionMode
import time:     10207 |      15498 |             antlr4.atn.ParserATNSimulator
import time:      5747 |       5747 |             antlr4.error.DiagnosticErrorListener
import time:      9010 |     344934 |           antlr4
import time:      3935 |       3935 |               yaml.error
import time:      2341 |       2341 |               yaml.tokens
import time:      2388 |       2388 |               yaml.events
import time:      2116 |       2116 |               yaml.nodes
import time:      6148 |       6148 |                 yaml.reader
import time:      6388 |       6388 |                 yaml.scanner
import time:      3860 |       3860 |                 yaml.parser
import time:      5815 |       5815 |                 yaml.composer
import time:       127 |        127 |                     _datetime
import time:      1327 |       1453 |                   datetime
import time:        84 |         84 |                     binascii
import time:       690 |        774 |                   base64
import time:      5353 |       7579 |                 yaml.constructor
import time:      5879 |       5879 |                 yaml.resolver
import time:      3992 |      39659 |               yaml.loader
import time:      6206 |       6206 |                 yaml.emitter
import time:      5461 |       5461 |                 yaml.serializer
import time:      3594 |       3594 |                 yaml.representer
import time:      3043 |      18302 |               yaml.dumper
import time:       202 |        202 |                   yaml.yaml
import time:      1365 |       1566 |                 yaml._yaml
import time:      2961 |       4526 |               yaml.cyaml
import time:      5213 |      78478 |             yaml
import time:      4820 |       4820 |             omegaconf.errors
import time:      7662 |       7662 |                     omegaconf.grammar
import time:      9798 |      17459 |                   omegaconf.grammar.gen
import time:     16360 |      33818 |                 omegaconf.grammar.gen.OmegaConfGrammarLexer
import time:     15092 |      15092 |                 omegaconf.grammar.gen.OmegaConfGrammarParser
import time:     21576 |      21576 |                 omegaconf.grammar.gen.OmegaConfGrammarParserVisitor
import time:      9916 |      80401 |               omegaconf.grammar_visitor
import time:      4841 |      85241 |             omegaconf.grammar_parser
import time:      3680 |       3680 |                 attr._compat
import time:       724 |        724 |                   __future__
import time:        86 |         86 |                   unicodedata
import time:      4971 |       4971 |                   attr._config
import time:      4076 |       4076 |                     attr.exceptions
import time:      3954 |       8029 |                   attr.setters
import time:     16357 |      30164 |                 attr._make
import time:      5938 |      39781 |               attr.converters
import time:      5006 |       5006 |               attr.filters
import time:      7508 |       7508 |               attr.validators
import time:      3512 |       3512 |               attr._cmp
import time:      5596 |       5596 |               attr._funcs
import time:      4090 |       4090 |               attr._next_gen
import time:      3819 |       3819 |               attr._version_info
import time:      7104 |      76414 |             attr
import time:      8115 |     253065 |           omegaconf._utils
import time:     23178 |     628664 |         omegaconf.base
import time:     13175 |      13175 |           omegaconf.basecontainer
import time:      8004 |       8004 |           omegaconf.nodes
import time:     15502 |      36680 |         omegaconf.dictconfig
import time:      6552 |       6552 |         omegaconf.listconfig
import time:      9772 |       9772 |               omegaconf.resolvers.oc.dict
import time:     17068 |      26840 |             omegaconf.resolvers.oc
import time:     13967 |      40807 |           omegaconf.resolvers
import time:      9350 |      50156 |         omegaconf.omegaconf
import time:      3445 |       3445 |         omegaconf.version
import time:      7970 |     733465 |       omegaconf
import time:       959 |        959 |           gettext
import time:      1596 |       2554 |         argparse
import time:      6738 |       6738 |             hydra.core
import time:     10640 |      17378 |           hydra.core.config_search_path
import time:      4722 |      22099 |         hydra._internal.config_search_path_impl
import time:      7456 |       7456 |               packaging
import time:      4964 |       4964 |               packaging._structures
import time:      9013 |      21431 |             packaging.version
import time:      4369 |       4369 |               hydra.errors
import time:      5925 |      10294 |             hydra._internal.deprecation_warning
import time:      5739 |       5739 |             hydra.core.singleton
import time:      7247 |      44710 |           hydra.version
import time:      6161 |       6161 |                 hydra.core.object_type
import time:      5750 |       5750 |                   hydra.plugins
import time:      9785 |       9785 |                   hydra.core.default_element
import time:      5385 |       5385 |                   hydra.plugins.plugin
import time:     25078 |      45996 |                 hydra.plugins.config_source
import time:      7419 |      59575 |               hydra.core.config_store
import time:      4414 |       4414 |               hydra.types
import time:     20684 |      84672 |             hydra.conf
import time:      6319 |      90990 |           hydra.core.hydra_config
import time:     25882 |     161581 |         hydra.core.utils
import time:      8677 |     194910 |       hydra._internal.utils
import time:     12589 |     958916 |     hydra._internal.instantiate._instantiate2
import time:      7084 |     995999 |   hydra.utils
import time:      3526 |       3526 |   hydra.main
import time:      8447 |       8447 |         hydra.core.config_loader
import time:       952 |        952 |           pkgutil
import time:        41 |         41 |             gc
import time:      1028 |       1069 |           timeit
import time:      5553 |       5553 |           hydra._internal.sources_registry
import time:      8116 |       8116 |           hydra.plugins.completion_plugin
import time:      6245 |       6245 |           hydra.plugins.launcher
import time:      5189 |       5189 |           hydra.plugins.search_path_plugin
import time:      6189 |       6189 |           hydra.plugins.sweeper
import time:      6971 |      40281 |         hydra.core.plugins
import time:      5666 |       5666 |         hydra._internal.callbacks
import time:      7424 |       7424 |           hydra._internal.config_repository
import time:     16113 |      16113 |               hydra.core.override_parser
import time:       979 |        979 |                   numbers
import time:       688 |       1666 |                 _decimal
import time:       812 |       2477 |               decimal
import time:        34 |         34 |                   _bisect
import time:      1268 |       1301 |                 bisect
import time:        42 |         42 |                 _random
import time:        30 |         30 |                 _sha512
import time:      1109 |       2480 |               random
import time:      7419 |       7419 |                 hydra._internal.grammar
import time:     10364 |      17782 |               hydra._internal.grammar.utils
import time:     14910 |      53761 |             hydra.core.override_parser.types
import time:     10021 |      63781 |           hydra._internal.defaults_list
import time:      8809 |       8809 |             hydra._internal.grammar.grammar_functions
import time:      8555 |       8555 |             hydra._internal.grammar.functions
import time:     27923 |      27923 |                   hydra.grammar
import time:      8310 |      36233 |                 hydra.grammar.gen
import time:     11423 |      47655 |               hydra.grammar.gen.OverrideLexer
import time:     14740 |      14740 |               hydra.grammar.gen.OverrideParser
import time:      7460 |       7460 |               hydra.grammar.gen.OverrideParserVisitor
import time:      8904 |      78757 |             hydra.core.override_parser.overrides_visitor
import time:      8267 |     104388 |           hydra.core.override_parser.overrides_parser
import time:     10005 |     185597 |         hydra._internal.config_loader_impl
import time:      8597 |     248586 |       hydra._internal.hydra
import time:      4690 |     253275 |     hydra.core.global_hydra
import time:      4183 |     257457 |   hydra.compose
import time:      4191 |       4191 |   hydra.initialize
import time:      9179 |    1270350 | hydra
import time:        66 |         66 |   _locale
import time:      1406 |       1472 | locale
import time:        59 |         59 |   zlib
import time:       816 |        816 |     _compression
import time:        46 |         46 |     _bz2
import time:      6452 |       7313 |   bz2
import time:        63 |         63 |     _lzma
import time:      1313 |       1375 |   lzma
import time:      1423 |      10170 | shutil
import time:      1225 |       1225 | zipfile
import time:       893 |        893 |     tempfile
import time:       377 |        377 |     importlib.resources.abc
import time:       292 |        292 |     importlib.resources._adapters
import time:       854 |       2414 |   importlib.resources._common
import time:       202 |        202 |   importlib.resources._legacy
import time:       517 |       3132 | importlib.resources
import time:      4519 |       4519 | antlr4.LL1Analyzer
import time:       177 |        177 |     importlib.resources._itertools
import time:       501 |        678 |   importlib.resources.readers
import time:       355 |       1032 | importlib.readers
import time:      7120 |       7120 | omegaconf._impl
import time:      5325 |       5325 |     ocr
import time:      8071 |      13396 |   ocr.pipelines
import time:     12238 |      12238 |         ocr.core.utils
import time:     12506 |      12506 |                     numpy._utils._convertions
import time:      8601 |      21107 |                   numpy._utils
import time:     14936 |      36042 |                 numpy._globals
import time:      5573 |       5573 |                 numpy.exceptions
import time:      5470 |       5470 |                 numpy.version
import time:       515 |        515 |                   numpy._distributor_init_local
import time:      4659 |       5174 |                 numpy._distributor_init
import time:      9189 |       9189 |                           numpy._utils._inspect
import time:      7139 |       7139 |                             numpy.core._exceptions
import time:      5033 |       5033 |                             numpy.dtypes
import time:     70884 |      83056 |                           numpy.core._multiarray_umath
import time:      9230 |     101474 |                         numpy.core.overrides
import time:     18326 |     119800 |                       numpy.core.multiarray
import time:      4823 |       4823 |                       numpy.core.umath
import time:      4063 |       4063 |                         numpy.core._string_helpers
import time:      1776 |       1776 |                               pickle5
import time:     14978 |      16754 |                             numpy.compat.py3k
import time:      8961 |      25714 |                           numpy.compat
import time:      4594 |       4594 |                           numpy.core._dtype
import time:      6413 |      36719 |                         numpy.core._type_aliases
import time:      8059 |      48840 |                       numpy.core.numerictypes
import time:        43 |         43 |                                   _contextvars
import time:       905 |        947 |                                 contextvars
import time:      3410 |       4357 |                               numpy.core._ufunc_config
import time:      4466 |       8822 |                             numpy.core._methods
import time:      6565 |      15386 |                           numpy.core.fromnumeric
import time:      4842 |      20228 |                         numpy.core.shape_base
import time:      7550 |       7550 |                         numpy.core.arrayprint
import time:      3468 |       3468 |                         numpy.core._asarray
import time:      8990 |      40234 |                       numpy.core.numeric
import time:      7042 |       7042 |                       numpy.core.defchararray
import time:      5610 |       5610 |                       numpy.core.records
import time:      2752 |       2752 |                       numpy.core.memmap
import time:      3507 |       3507 |                       numpy.core.function_base
import time:      2888 |       2888 |                       numpy.core._machar
import time:      3883 |       3883 |                       numpy.core.getlimits
import time:      4642 |       4642 |                       numpy.core.einsumfunc
import time:      2310 |       2310 |                         numpy.core._multiarray_tests
import time:      7550 |       9859 |                       numpy.core._add_newdocs
import time:      3541 |       3541 |                       numpy.core._add_newdocs_scalars
import time:      5590 |       5590 |                       numpy.core._dtype_ctypes
import time:       130 |        130 |                           _ctypes
import time:       287 |        287 |                           ctypes._endian
import time:      1850 |       2266 |                         ctypes
import time:      5189 |       7455 |                       numpy.core._internal
import time:      2326 |       2326 |                       numpy._pytesttester
import time:     15704 |     288486 |                     numpy.core
import time:       120 |     288606 |                   numpy.core._multiarray_umath
import time:      5084 |     293690 |                 numpy.__config__
import time:      5628 |       5628 |                   numpy.lib.mixins
import time:      3459 |       3459 |                       numpy.lib.ufunclike
import time:      4576 |       8034 |                     numpy.lib.type_check
import time:      5558 |      13591 |                   numpy.lib.scimath
import time:      4999 |       4999 |                               numpy.lib.stride_tricks
import time:      5393 |      10391 |                             numpy.lib.twodim_base
import time:      2688 |       2688 |                             numpy.linalg._umath_linalg
import time:     61348 |      61348 |                               numpy._typing._nested_sequence
import time:     17551 |      17551 |                               numpy._typing._nbit
import time:     15047 |      15047 |                               numpy._typing._char_codes
import time:      5302 |       5302 |                               numpy._typing._scalars
import time:      5123 |       5123 |                               numpy._typing._shape
import time:      5640 |       5640 |                               numpy._typing._dtype_like
import time:      8888 |       8888 |                               numpy._typing._array_like
import time:     25528 |     144423 |                             numpy._typing
import time:     10898 |     168400 |                           numpy.linalg.linalg
import time:      5837 |     174236 |                         numpy.linalg
import time:      6063 |     180299 |                       numpy.matrixlib.defmatrix
import time:      4200 |     184498 |                     numpy.matrixlib
import time:      6963 |       6963 |                       numpy.lib.histograms
import time:     19049 |      26011 |                     numpy.lib.function_base
import time:      7493 |     218002 |                   numpy.lib.index_tricks
import time:      7175 |       7175 |                   numpy.lib.nanfunctions
import time:      7362 |       7362 |                   numpy.lib.shape_base
import time:      7929 |       7929 |                   numpy.lib.polynomial
import time:      8111 |       8111 |                   numpy.lib.utils
import time:     23637 |      23637 |                   numpy.lib.arraysetops
import time:      5178 |       5178 |                     numpy.lib.format
import time:      4077 |       4077 |                     numpy.lib._datasource
import time:      5412 |       5412 |                     numpy.lib._iotools
import time:     20789 |      35454 |                   numpy.lib.npyio
import time:      3638 |       3638 |                   numpy.lib.arrayterator
import time:      5030 |       5030 |                   numpy.lib.arraypad
import time:      6366 |       6366 |                   numpy.lib._version
import time:     14384 |     356302 |                 numpy.lib
import time:      4945 |       4945 |                     numpy.fft._pocketfft_internal
import time:      5969 |      10913 |                   numpy.fft._pocketfft
import time:      2233 |       2233 |                   numpy.fft.helper
import time:      4745 |      17890 |                 numpy.fft
import time:      9081 |       9081 |                     numpy.polynomial.polyutils
import time:      6397 |       6397 |                     numpy.polynomial._polybase
import time:     12253 |      27730 |                   numpy.polynomial.polynomial
import time:      5632 |       5632 |                   numpy.polynomial.chebyshev
import time:      5805 |       5805 |                   numpy.polynomial.legendre
import time:      5411 |       5411 |                   numpy.polynomial.hermite
import time:     21090 |      21090 |                   numpy.polynomial.hermite_e
import time:     11472 |      11472 |                   numpy.polynomial.laguerre
import time:      6793 |      83930 |                 numpy.polynomial
import time:       727 |        727 |                           backports_abc
import time:      3154 |       3881 |                         numpy.random._common
import time:      1562 |       1562 |                             _hashlib
import time:        44 |         44 |                               _blake2
import time:       989 |       1033 |                             hashlib
import time:       883 |       3476 |                           hmac
import time:       737 |       4213 |                         secrets
import time:      2693 |      10786 |                       numpy.random.bit_generator
import time:      3126 |       3126 |                       numpy.random._bounded_integers
import time:      1742 |       1742 |                       numpy.random._mt19937
import time:      7816 |      23469 |                     numpy.random.mtrand
import time:      1537 |       1537 |                     numpy.random._philox
import time:      1527 |       1527 |                     numpy.random._pcg64
import time:      1842 |       1842 |                     numpy.random._sfc64
import time:      3620 |       3620 |                     numpy.random._generator
import time:      6956 |      38947 |                   numpy.random._pickle
import time:      4454 |      43400 |                 numpy.random
import time:      4310 |       4310 |                 numpy.ctypeslib
import time:     26418 |      26418 |                   numpy.ma.core
import time:      8929 |       8929 |                   numpy.ma.extras
import time:      6592 |      41937 |                 numpy.ma
import time:     23615 |     917327 |               numpy
import time:     31673 |      31673 |                 numpy._typing._add_docstring
import time:     60965 |      92638 |               numpy.typing
import time:     15980 |    1025944 |             ocr.core.interfaces.schemas
import time:     10015 |    1035959 |           ocr.core.interfaces
import time:      1384 |       1384 |             glob
import time:     18845 |      18845 |             typing_extensions
import time:     11553 |      11553 |             torch._utils
import time:     14417 |      14417 |                 torch._strobelight
import time:        75 |         75 |                       _json
import time:       948 |       1023 |                     json.scanner
import time:       691 |       1713 |                   json.decoder
import time:       336 |        336 |                   json.encoder
import time:      1782 |       3829 |                 json
import time:      1098 |       1098 |                   signal
import time:        76 |         76 |                   fcntl
import time:       712 |        712 |                   msvcrt
import time:        44 |         44 |                   _posixsubprocess
import time:      2020 |       3948 |                 subprocess
import time:      9815 |       9815 |                 torch._strobelight.cli_function_profiler
import time:     15676 |      47684 |               torch._strobelight.compile_time_profiler
import time:      7928 |      55612 |             torch._utils_internal
import time:      8706 |       8706 |                   torch._vendor
import time:     23993 |      32698 |                 torch._vendor.packaging
import time:     11007 |      11007 |                 torch._vendor.packaging._structures
import time:     14636 |      58340 |               torch._vendor.packaging.version
import time:      5049 |       5049 |               torch.version
import time:      4945 |      68333 |             torch.torch_version
import time:   1698977 |    1698977 |             torch._C
import time:      3864 |       3864 |               torch._namedtensor_internals
import time:     18452 |      18452 |               torch.overrides
import time:      9651 |      31965 |             torch._tensor
import time:      2876 |       2876 |               torch.types
import time:      9267 |      12142 |             torch.storage
import time:      5979 |       5979 |               torch.amp.autocast_mode
import time:      5553 |       5553 |               torch.amp.grad_scaler
import time:      5515 |      17046 |             torch.amp
import time:      2718 |       2718 |             torch.random
import time:      1451 |       1451 |               difflib
import time:        45 |         45 |                 pwd
import time:       189 |        189 |                 grp
import time:      2129 |       2362 |               tarfile
import time:      5777 |       5777 |               torch._weights_only_unpickler
import time:      4227 |       4227 |               torch._sources
import time:       101 |        101 |               mmap
import time:      8756 |      22671 |             torch.serialization
import time:      5274 |       5274 |             torch._tensor_str
import time:     47400 |      47400 |               torch.cuda.gds
import time:      7782 |       7782 |               torch.cuda._utils
import time:     11510 |      11510 |               torch.cuda.graphs
import time:      7677 |       7677 |               torch.cuda.streams
import time:       396 |        396 |                 ctypes.util
import time:     70241 |      70637 |               pynvml
import time:      6868 |       6868 |                 torch.cuda._memory_viz
import time:       522 |        522 |                         concurrent
import time:       471 |        471 |                         concurrent.futures._base
import time:       565 |       1558 |                       concurrent.futures
import time:       637 |        637 |                         _ssl
import time:      3549 |       4186 |                       ssl
import time:       220 |        220 |                       asyncio.constants
import time:       127 |        127 |                       asyncio.coroutines
import time:       126 |        126 |                         asyncio.format_helpers
import time:       118 |        118 |                           asyncio.base_futures
import time:       173 |        173 |                           asyncio.exceptions
import time:       124 |        124 |                           asyncio.base_tasks
import time:      1239 |       1652 |                         _asyncio
import time:       809 |       2587 |                       asyncio.events
import time:       254 |        254 |                       asyncio.futures
import time:       157 |        157 |                       asyncio.protocols
import time:       301 |        301 |                         asyncio.transports
import time:       119 |        119 |                         asyncio.log
import time:       845 |       1265 |                       asyncio.sslproto
import time:       155 |        155 |                           asyncio.mixins
import time:       285 |        285 |                           asyncio.tasks
import time:       775 |       1214 |                         asyncio.locks
import time:       428 |       1642 |                       asyncio.staggered
import time:       155 |        155 |                       asyncio.trsock
import time:      2465 |      14610 |                     asyncio.base_events
import time:       286 |        286 |                     asyncio.runners
import time:       222 |        222 |                     asyncio.queues
import time:       318 |        318 |                     asyncio.streams
import time:       220 |        220 |                     asyncio.subprocess
import time:       123 |        123 |                     asyncio.taskgroups
import time:       311 |        311 |                     asyncio.timeouts
import time:       118 |        118 |                     asyncio.threads
import time:       374 |        374 |                       asyncio.base_subprocess
import time:       613 |        613 |                       asyncio.selector_events
import time:      1056 |       2042 |                     asyncio.unix_events
import time:      2040 |      20287 |                   asyncio
import time:       102 |      20389 |                 asyncio.coroutines
import time:      7371 |      34627 |               torch.cuda.memory
import time:      4189 |       4189 |               torch.cuda.random
import time:      7160 |       7160 |                 torch.cuda.amp.autocast_mode
import time:      5970 |       5970 |                 torch.cuda.amp.common
import time:      4659 |       4659 |                 torch.cuda.amp.grad_scaler
import time:      6351 |      24137 |               torch.cuda.amp
import time:      3780 |       3780 |               torch.cuda.jiterator
import time:     10135 |      10135 |               torch.cuda.nvtx
import time:      4183 |       4183 |               torch.cuda.profiler
import time:      7883 |       7883 |               torch.cuda.sparse
import time:       373 |        373 |                     multiprocessing.process
import time:       347 |        347 |                     multiprocessing.reduction
import time:      1038 |       1756 |                   multiprocessing.context
import time:      1377 |       3132 |                 multiprocessing
import time:      7201 |      10333 |               torch.cuda.tunable
import time:     82942 |     327210 |             torch.cuda
import time:      5700 |       5700 |                 torch.sparse._semi_structured_conversions
import time:      4861 |       4861 |                 torch.sparse._semi_structured_ops
import time:     10393 |      20954 |               torch.sparse.semi_structured
import time:      8108 |      29061 |             torch.sparse
import time:      3245 |       3245 |             torch._compile
import time:      2884 |       2884 |             torch._VF
import time:      7822 |       7822 |                   torch.nn.parameter
import time:     12477 |      12477 |                       torch._prims_common
import time:     10176 |      10176 |                           torch.utils.backcompat
import time:      7407 |       7407 |                           torch.utils.collect_env
import time:       769 |        769 |                                   cmd
import time:      1267 |       1267 |                                   bdb
import time:       788 |        788 |                                     codeop
import time:      1270 |       2057 |                                   code
import time:       804 |        804 |                                   pprint
import time:      2189 |       7084 |                                 pdb
import time:      3808 |       3808 |                                   torch.utils._typing_utils
import time:     21065 |      21065 |                                     torch.monitor
import time:      5190 |       5190 |                                       torch.distributed.logging_handlers
import time:      5328 |      10518 |                                     torch.distributed.c10d_logger
import time:      4458 |       4458 |                                     torch.distributed.constants
import time:      8762 |       8762 |                                     torch.distributed.rendezvous
import time:     19781 |      64582 |                                   torch.distributed.distributed_c10d
import time:     11863 |      80252 |                                 torch.distributed.device_mesh
import time:      8737 |       8737 |                                 torch.distributed.remote_device
import time:     11177 |     107248 |                               torch.distributed
import time:      9718 |       9718 |                                               torch.utils.data.datapipes._hook_iterator
import time:      9732 |      19449 |                                             torch.utils.data.datapipes._typing
import time:      5292 |       5292 |                                               torch.utils._import_utils
import time:     16605 |      16605 |                                                 torch.utils.data.datapipes.utils
import time:     26148 |      42753 |                                               torch.utils.data.datapipes.utils.common
import time:      9555 |       9555 |                                               torch.utils.data.dataset
import time:      8305 |       8305 |                                                 dill.__info__
import time:      6700 |       6700 |                                                   dill.logger
import time:      1508 |       1508 |                                                   _pyio
import time:      6473 |       6473 |                                                   dill._shims
import time:      5195 |       5195 |                                                   dill.settings
import time:       993 |        993 |                                                   winreg
import time:     18407 |      39274 |                                                 dill._dill
import time:      7860 |       7860 |                                                 dill.session
import time:      6808 |       6808 |                                                   dill.pointers
import time:      7237 |      14045 |                                                 dill.detect
import time:      9485 |       9485 |                                                 dill.source
import time:      6810 |       6810 |                                                 dill.temp
import time:      5172 |       5172 |                                                 dill.objtypes
import time:      9850 |     100797 |                                               dill
import time:     10629 |     169023 |                                             torch.utils.data.datapipes.datapipe
import time:      9929 |     198401 |                                           torch.utils.data.datapipes._decorator
import time:     19160 |      19160 |                                             torch.utils.data.datapipes.dataframe.dataframe_wrapper
import time:     12185 |      31344 |                                           torch.utils.data.datapipes.dataframe.structures
import time:     19999 |     249743 |                                         torch.utils.data.datapipes.dataframe.dataframes
import time:     12604 |      12604 |                                         torch.utils.data.datapipes.dataframe.datapipes
import time:     22264 |     284610 |                                       torch.utils.data.datapipes.dataframe
import time:     17217 |      17217 |                                               torch.utils.data._utils.collate
import time:     10281 |      10281 |                                               torch.utils.data._utils.fetch
import time:     10913 |      10913 |                                               torch.utils.data._utils.pin_memory
import time:     11194 |      11194 |                                               torch.utils.data._utils.signal_handling
import time:     12768 |      12768 |                                               torch.utils.data._utils.worker
import time:     16765 |      79135 |                                             torch.utils.data._utils
import time:       289 |      79423 |                                           torch.utils.data._utils.collate
import time:     28273 |     107696 |                                         torch.utils.data.datapipes.iter.callable
import time:     11100 |      11100 |                                           torch.utils.data.sampler
import time:     12485 |      23585 |                                         torch.utils.data.datapipes.iter.combinatorics
import time:     24819 |      24819 |                                         torch.utils.data.datapipes.iter.combining
import time:     11324 |      11324 |                                           torch.utils.data.datapipes.iter.utils
import time:     14031 |      25354 |                                         torch.utils.data.datapipes.iter.filelister
import time:     24183 |      24183 |                                         torch.utils.data.datapipes.iter.fileopener
import time:     16892 |      16892 |                                           torch.utils.data.datapipes.iter.sharding
import time:     13916 |      30808 |                                         torch.utils.data.datapipes.iter.grouping
import time:     12882 |      12882 |                                           torch.utils.data.datapipes.utils.decoder
import time:     13745 |      26627 |                                         torch.utils.data.datapipes.iter.routeddecoder
import time:     11109 |      11109 |                                         torch.utils.data.datapipes.iter.selecting
import time:     10747 |      10747 |                                         torch.utils.data.datapipes.iter.streamreader
import time:     20611 |     305535 |                                       torch.utils.data.datapipes.iter
import time:     19438 |      19438 |                                         torch.utils.data.datapipes.map.callable
import time:     13181 |      13181 |                                         torch.utils.data.datapipes.map.combinatorics
import time:     13635 |      13635 |                                         torch.utils.data.datapipes.map.combining
import time:     18345 |      18345 |                                         torch.utils.data.datapipes.map.grouping
import time:     16245 |      16245 |                                         torch.utils.data.datapipes.map.utils
import time:     21218 |     102060 |                                       torch.utils.data.datapipes.map
import time:     14402 |     706606 |                                     torch.utils.data.datapipes
import time:       307 |     706912 |                                   torch.utils.data.datapipes.iter
import time:       360 |     707271 |                                 torch.utils.data.datapipes.iter.sharding
import time:     10173 |      10173 |                                 torch.utils.data.graph
import time:      9387 |     726830 |                               torch.utils.data.graph_settings
import time:     11799 |     845876 |                             torch.utils.data.dataloader
import time:      8278 |       8278 |                             torch.utils.data.distributed
import time:      7021 |     861174 |                           torch.utils.data
import time:      5634 |       5634 |                           torch.utils.deterministic
import time:      9821 |       9821 |                           torch.utils.hooks
import time:      6630 |       6630 |                           torch.utils.backend_registration
import time:      4740 |       4740 |                           torch.utils.cpp_backtrace
import time:      9070 |       9070 |                           torch.utils.throughput_benchmark
import time:      7926 |     922573 |                         torch.utils
import time:     10455 |      10455 |                         torchgen
import time:      5826 |       5826 |                             torchgen.code_template
import time:      7538 |      13363 |                           torchgen.utils
import time:     28184 |      41547 |                         torchgen.model
import time:     15517 |     990090 |                       torch.utils._python_dispatch
import time:     14915 |    1017480 |                     torch.nn.modules.module
import time:     13081 |      13081 |                             torch.distributed.autograd
import time:      8823 |       8823 |                               torch.futures
import time:      8744 |       8744 |                               torch.distributed.rpc._utils
import time:     11851 |      11851 |                               torch.distributed.rpc.constants
import time:     12370 |      12370 |                               torch.distributed.rpc.internal
import time:     30201 |      71987 |                             torch.distributed.rpc.api
import time:     10950 |      10950 |                             torch.distributed.rpc.backend_registry
import time:      6566 |       6566 |                             torch.distributed.rpc.functions
import time:      8566 |       8566 |                             torch.distributed.rpc.options
import time:        58 |         58 |                                           _csv
import time:      1393 |       1451 |                                         csv
import time:       733 |        733 |                                         email
import time:       822 |        822 |                                             quopri
import time:      1032 |       1032 |                                                 calendar
import time:       448 |       1480 |                                               email._parseaddr
import time:        75 |         75 |                                                 email.base64mime
import time:       141 |        141 |                                                 email.quoprimime
import time:       348 |        348 |                                                 email.errors
import time:       136 |        136 |                                                 email.encoders
import time:       928 |       1625 |                                               email.charset
import time:       729 |       3834 |                                             email.utils
import time:       364 |        364 |                                               email.header
import time:       466 |        830 |                                             email._policybase
import time:       250 |        250 |                                             email._encoded_words
import time:       143 |        143 |                                             email.iterators
import time:      1476 |       7353 |                                           email.message
import time:        88 |         88 |                                             importlib.metadata._functools
import time:       347 |        435 |                                           importlib.metadata._text
import time:       526 |       8313 |                                         importlib.metadata._adapters
import time:       220 |        220 |                                         importlib.metadata._meta
import time:       398 |        398 |                                         importlib.metadata._collections
import time:       132 |        132 |                                         importlib.metadata._itertools
import time:       320 |        320 |                                         importlib.abc
import time:      2504 |      14068 |                                       importlib.metadata
import time:     21619 |      35687 |                                     torch.utils._pytree
import time:      3831 |      39517 |                                   torch._vmap_internals
import time:      4107 |       4107 |                                       torch.utils._contextlib
import time:      5107 |       9213 |                                     torch.autograd.grad_mode
import time:      7164 |      16377 |                                   torch.autograd.forward_ad
import time:     12741 |      12741 |                                   torch.autograd.functional
import time:      3102 |       3102 |                                     torch.autograd.variable
import time:     11310 |      14412 |                                   torch.autograd.graph
import time:      5022 |       5022 |                                   torch.autograd.anomaly_mode
import time:      4269 |       4269 |                                     torch._functorch
import time:      4238 |       4238 |                                           torch.utils._exposed_in
import time:      4918 |       9156 |                                         torch._functorch.utils
import time:      6455 |       6455 |                                         torch._functorch.vmap
import time:      6747 |      22357 |                                       torch._functorch.apis
import time:      5765 |       5765 |                                         torch._functorch.pyfunctorch
import time:      7484 |      13248 |                                       torch._ops
import time:     15183 |      50788 |                                     torch._functorch.autograd_function
import time:      5646 |      60701 |                                   torch.autograd.function
import time:      6681 |       6681 |                                       torch.testing._utils
import time:       131 |        131 |                                         cmath
import time:      8883 |       9014 |                                       torch.testing._comparison
import time:      4925 |       4925 |                                       torch.testing._creation
import time:      6759 |      27378 |                                     torch.testing
import time:     12165 |      39542 |                                   torch.autograd.gradcheck
import time:      7100 |       7100 |                                     torch.autograd.profiler_util
import time:      9165 |      16265 |                                   torch.autograd.profiler
import time:     10443 |     215016 |                                 torch.autograd
import time:      5344 |     220360 |                               torch.autograd.profiler_legacy
import time:      6598 |     226958 |                             torch.distributed.rpc.server_process_global_profiler
import time:     11090 |     349195 |                           torch.distributed.rpc
import time:      1591 |       1591 |                                       pickletools
import time:      9751 |       9751 |                                       torch.package._digraph
import time:      3898 |       3898 |                                       torch.package._importlib
import time:      9114 |       9114 |                                       torch.package._mangling
import time:      6373 |       6373 |                                         torch.package.importer
import time:      6122 |      12494 |                                       torch.package._package_pickler
import time:      5248 |       5248 |                                       torch.package._stdlib
import time:      4547 |       4547 |                                       torch.package.find_file_dependencies
import time:      5198 |       5198 |                                       torch.package.glob_group
import time:     11790 |      63627 |                                     torch.package.package_exporter
import time:     15846 |      79473 |                                   torch.package.analyze.find_first_use_of_broken_modules
import time:      8652 |       8652 |                                   torch.package.analyze.trace_dependencies
import time:     11679 |      99803 |                                 torch.package.analyze
import time:      6838 |     106641 |                               torch.package.analyze.is_from_package
import time:      5081 |       5081 |                               torch.package.file_structure_representation
import time:      4786 |       4786 |                                 torch.package._directory_reader
import time:      4828 |       4828 |                                 torch.package._package_unpickler
import time:      8375 |      17988 |                               torch.package.package_importer
import time:      4918 |     134627 |                             torch.package
import time:       142 |     134769 |                           torch.package._mangling
import time:      6080 |       6080 |                           torch._awaits
import time:      8895 |     498937 |                         torch._jit_internal
import time:      9152 |       9152 |                         torch._torch_docs
import time:      5044 |       5044 |                         torch.nn._reduction
import time:      5360 |       5360 |                           torch.nn.modules.utils
import time:      4190 |       9549 |                         torch.nn.grad
import time:     51092 |     573773 |                       torch.nn.functional
import time:      5409 |       5409 |                       torch.nn.init
import time:      5168 |       5168 |                       torch.nn.modules.lazy
import time:      9080 |     593429 |                     torch.nn.modules.linear
import time:     16430 |      16430 |                     torch.nn.modules.activation
import time:     24855 |      24855 |                       torch.nn.modules.container
import time:      6545 |      31399 |                     torch.nn.modules.adaptive
import time:     23612 |      23612 |                       torch.nn.modules._functions
import time:      7789 |      31400 |                     torch.nn.modules.batchnorm
import time:      7151 |       7151 |                     torch.nn.modules.channelshuffle
import time:     11994 |      11994 |                       torch.nn.common_types
import time:     13101 |      25094 |                     torch.nn.modules.conv
import time:      6708 |       6708 |                     torch.nn.modules.distance
import time:      6627 |       6627 |                     torch.nn.modules.dropout
import time:      6076 |       6076 |                     torch.nn.modules.flatten
import time:      6189 |       6189 |                     torch.nn.modules.fold
import time:      6308 |       6308 |                     torch.nn.modules.instancenorm
import time:      9927 |       9927 |                     torch.nn.modules.loss
import time:      6889 |       6889 |                     torch.nn.modules.normalization
import time:      7916 |       7916 |                     torch.nn.modules.padding
import time:      6348 |       6348 |                     torch.nn.modules.pixelshuffle
import time:     10453 |      10453 |                     torch.nn.modules.pooling
import time:      3714 |       3714 |                               torch.__future__
import time:     12423 |      16136 |                             torch.nn.utils.parametrize
import time:      8629 |      24765 |                           torch.nn.utils.parametrizations
import time:      7600 |       7600 |                           torch.nn.utils.rnn
import time:      7906 |       7906 |                             torch.nn.utils._named_member_accessor
import time:      7092 |      14998 |                           torch.nn.utils.stateless
import time:      4878 |       4878 |                             torch.utils._foreach_utils
import time:      7138 |      12016 |                           torch.nn.utils.clip_grad
import time:      6239 |       6239 |                           torch.nn.utils.convert_parameters
import time:      7330 |       7330 |                           torch.nn.utils.fusion
import time:      6247 |       6247 |                           torch.nn.utils.init
import time:      6365 |       6365 |                           torch.nn.utils.memory_format
import time:      7640 |       7640 |                           torch.nn.utils.spectral_norm
import time:      6983 |       6983 |                           torch.nn.utils.weight_norm
import time:      8301 |     108479 |                         torch.nn.utils
import time:       162 |     108640 |                       torch.nn.utils.rnn
import time:     34564 |     143203 |                     torch.nn.modules.rnn
import time:      6620 |       6620 |                     torch.nn.modules.sparse
import time:      7296 |       7296 |                     torch.nn.modules.transformer
import time:     27223 |      27223 |                     torch.nn.modules.upsampling
import time:     18915 |    1999070 |                   torch.nn.modules
import time:      8534 |       8534 |                         torch.backends.cpu
import time:      6932 |       6932 |                         torch.backends.cuda
import time:      7693 |       7693 |                         torch.backends.cudnn
import time:      7766 |       7766 |                         torch.backends.cusparselt
import time:      6898 |       6898 |                         torch.backends.mha
import time:      6144 |       6144 |                         torch.backends.mkl
import time:      7332 |       7332 |                         torch.backends.mkldnn
import time:      6181 |       6181 |                                 torch._library.utils
import time:      8198 |      14379 |                               torch._library.autograd
import time:     13755 |      13755 |                               torch._library.fake_impl
import time:      5687 |       5687 |                               torch._library.simple_registry
import time:      8053 |       8053 |                               torch._library.fake_class_registry
import time:     10705 |      10705 |                                 torch._library.custom_ops
import time:      9009 |       9009 |                                 torch._library.infer_schema
import time:      7248 |      26961 |                               torch._library.triton
import time:      8414 |      77247 |                             torch._library
import time:      5792 |      83038 |                           torch.library
import time:      7270 |      90308 |                         torch.backends.mps
import time:     12733 |      12733 |                         torch.backends.nnpack
import time:      9930 |       9930 |                         torch.backends.openmp
import time:     11182 |      11182 |                         torch.backends.quantized
import time:      8392 |     183838 |                       torch.backends
import time:       228 |     184065 |                     torch.backends.cuda
import time:      9196 |     193261 |                   torch.nn.attention
import time:      7125 |       7125 |                       torch.nn.parallel.parallel_apply
import time:      5765 |       5765 |                           torch.cuda.nccl
import time:      8471 |      14235 |                         torch.nn.parallel.comm
import time:      6709 |      20944 |                       torch.nn.parallel.replicate
import time:      8264 |       8264 |                         torch.nn.parallel._functions
import time:      9630 |      17894 |                       torch.nn.parallel.scatter_gather
import time:     15712 |      61673 |                     torch.nn.parallel.data_parallel
import time:      8893 |       8893 |                           torch.distributed.algorithms.join
import time:      7706 |      16599 |                         torch.distributed.algorithms
import time:       107 |      16705 |                       torch.distributed.algorithms.join
import time:      5277 |       5277 |                       torch.distributed.utils
import time:     10913 |      32894 |                     torch.nn.parallel.distributed
import time:     10958 |     105524 |                   torch.nn.parallel
import time:      8437 |    2314111 |                 torch.nn
import time:       219 |    2314329 |               torch.nn.functional
import time:      5913 |       5913 |                 torch._linalg_utils
import time:      3949 |       9861 |               torch._lowrank
import time:     28591 |    2352780 |             torch.functional
import time:      3572 |       3572 |             torch.__config__
import time:      7900 |       7900 |               torch.accelerator._utils
import time:      8866 |      16765 |             torch.accelerator
import time:      9465 |       9465 |                 torch.cpu.amp.autocast_mode
import time:      6539 |       6539 |                 torch.cpu.amp.grad_scaler
import time:     11424 |      27427 |               torch.cpu.amp
import time:      7923 |      35349 |             torch.cpu
import time:      7234 |       7234 |                 torch.distributions.constraints
import time:      4978 |       4978 |                 torch.distributions.utils
import time:     12288 |      24499 |               torch.distributions.transforms
import time:      8010 |       8010 |                   torch.distributions.distribution
import time:      4145 |      12155 |                 torch.distributions.exp_family
import time:      4965 |      17119 |               torch.distributions.bernoulli
import time:      6771 |       6771 |                 torch.distributions.dirichlet
import time:      7276 |      14047 |               torch.distributions.beta
import time:      7234 |       7234 |               torch.distributions.binomial
import time:      6242 |       6242 |               torch.distributions.categorical
import time:      3359 |       3359 |               torch.distributions.cauchy
import time:      4853 |       4853 |                 torch.distributions.gamma
import time:      3699 |       8551 |               torch.distributions.chi2
import time:      3809 |       3809 |               torch.distributions.constraint_registry
import time:      3987 |       3987 |               torch.distributions.continuous_bernoulli
import time:      3553 |       3553 |               torch.distributions.exponential
import time:     18437 |      18437 |               torch.distributions.fishersnedecor
import time:      3488 |       3488 |               torch.distributions.geometric
import time:      4677 |       4677 |                   torch.distributions.independent
import time:      4441 |       9117 |                 torch.distributions.transformed_distribution
import time:      4701 |       4701 |                 torch.distributions.uniform
import time:      3799 |      17616 |               torch.distributions.gumbel
import time:      4913 |       4913 |               torch.distributions.half_cauchy
import time:      5894 |       5894 |                 torch.distributions.normal
import time:      9994 |      15887 |               torch.distributions.half_normal
import time:      6030 |       6030 |               torch.distributions.inverse_gamma
import time:      3306 |       3306 |                 torch.distributions.laplace
import time:      4263 |       4263 |                   torch.distributions.multivariate_normal
import time:      5300 |       9562 |                 torch.distributions.lowrank_multivariate_normal
import time:      3403 |       3403 |                 torch.distributions.one_hot_categorical
import time:     15186 |      15186 |                 torch.distributions.pareto
import time:      8383 |       8383 |                 torch.distributions.poisson
import time:      8724 |      48561 |               torch.distributions.kl
import time:     14482 |      14482 |               torch.distributions.kumaraswamy
import time:      3729 |       3729 |               torch.distributions.lkj_cholesky
import time:      3129 |       3129 |               torch.distributions.log_normal
import time:      4678 |       4678 |               torch.distributions.logistic_normal
import time:      3599 |       3599 |               torch.distributions.mixture_same_family
import time:      3495 |       3495 |               torch.distributions.multinomial
import time:      5007 |       5007 |               torch.distributions.negative_binomial
import time:      3639 |       3639 |               torch.distributions.relaxed_bernoulli
import time:      3485 |       3485 |               torch.distributions.relaxed_categorical
import time:      3345 |       3345 |               torch.distributions.studentT
import time:      3691 |       3691 |                     torch.jit._builtins
import time:      8238 |      11928 |                   torch.jit._async
import time:      7392 |       7392 |                   torch.jit._await
import time:      3232 |       3232 |                   torch.jit._decomposition_utils
import time:      3031 |       3031 |                       torch._classes
import time:      5673 |       5673 |                       torch.jit._fuser
import time:       713 |        713 |                         monkeytype
import time:      5456 |       6168 |                       torch.jit._monkeytype_config
import time:     12723 |      12723 |                         torch.jit._check
import time:      6452 |       6452 |                         torch.jit._state
import time:      6484 |       6484 |                           torch.jit.annotations
import time:      5361 |       5361 |                           torch.jit._dataclass_impls
import time:       914 |        914 |                           astunparse
import time:     10862 |      23620 |                         torch.jit.frontend
import time:      9831 |      52624 |                       torch.jit._recursive
import time:      5981 |       5981 |                       torch.jit._serialization
import time:      9836 |      83311 |                     torch.jit._script
import time:      4538 |      87848 |                   torch.jit._freeze
import time:      5558 |       5558 |                   torch.jit._ir_utils
import time:     10805 |      10805 |                   torch.jit._trace
import time:      6132 |     132892 |                 torch.jit
import time:      4379 |     137270 |               torch.distributions.von_mises
import time:      6556 |       6556 |               torch.distributions.weibull
import time:      6995 |       6995 |               torch.distributions.wishart
import time:     13670 |     420400 |             torch.distributions
import time:      9265 |       9265 |             torch.fft
import time:       225 |        225 |                 urllib.response
import time:      2151 |       2376 |               urllib.error
import time:      1448 |       1448 |                   http
import time:       426 |        426 |                     email.feedparser
import time:       447 |        872 |                   email.parser
import time:      1562 |       3882 |                 http.client
import time:      1518 |       5399 |               urllib.request
import time:      8252 |       8252 |                 tqdm._monitor
import time:      4633 |       4633 |                 tqdm._tqdm_pandas
import time:      6691 |       6691 |                     tqdm.utils
import time:      9998 |      16688 |                   tqdm.std
import time:      3952 |       3952 |                     tqdm._dist_ver
import time:      4275 |       8226 |                   tqdm.version
import time:      7889 |      32803 |                 tqdm.cli
import time:      5247 |       5247 |                 tqdm.gui
import time:      7901 |      58834 |               tqdm
import time:      6466 |      73073 |             torch.hub
import time:      6275 |       6275 |             torch.linalg
import time:      6279 |       6279 |               torch.mps.profiler
import time:      4051 |       4051 |               torch.mps.event
import time:      6603 |      16931 |             torch.mps
import time:      5159 |       5159 |               torch.mtia._utils
import time:      3165 |       3165 |               torch.mtia.memory
import time:      7071 |      15395 |             torch.mtia
import time:       405 |        405 |                 multiprocessing.util
import time:       278 |        278 |                 multiprocessing.resource_sharer
import time:      7440 |       8122 |               torch.multiprocessing.reductions
import time:       208 |        208 |                   _multiprocessing
import time:       591 |        591 |                   _winapi
import time:       911 |       1710 |                 multiprocessing.connection
import time:       211 |        211 |                 concurrent.futures.thread
import time:      4961 |       6881 |               torch.multiprocessing.spawn
import time:      6095 |      21098 |             torch.multiprocessing
import time:     11278 |      11278 |                 torch.nested._internal
import time:      4220 |       4220 |                           torch.fx._compatibility
import time:      2439 |       2439 |                                   torch.return_types
import time:      4079 |       6517 |                                 torch.fx._pytree
import time:      5578 |       5578 |                                   torch.fx.operator_schemas
import time:      3409 |       3409 |                                   torch.fx.immutable_collections
import time:     12725 |      21710 |                                 torch.fx.node
import time:     13692 |      41919 |                               torch.fx.graph
import time:     34389 |      76307 |                             torch.fx.graph_module
import time:      5965 |      82271 |                           torch.fx._lazy_graph_module
import time:      4934 |       4934 |                             torch.fx.traceback
import time:      6734 |       6734 |                             torch.utils._traceback
import time:      6400 |      18067 |                           torch.fx.proxy
import time:     11599 |     116156 |                         torch.fx._symbolic_trace
import time:      3946 |       3946 |                           torch.fx.config
import time:      5257 |       9203 |                         torch.fx.interpreter
import time:      5143 |       5143 |                         torch.fx.subgraph_rewriter
import time:      5109 |     135608 |                       torch.fx
import time:      7148 |     142756 |                     torch.fx.experimental
import time:      7447 |     150203 |                   torch.fx.experimental._constant_symnode
import time:      6248 |     156450 |                 torch.nested._internal.nested_int
import time:      5241 |       5241 |                 torch.utils.weak
import time:     11306 |     184273 |               torch.nested._internal.nested_tensor
import time:      5778 |     190051 |             torch.nested
import time:      7765 |       7765 |                 torch.optim.optimizer
import time:     14624 |      22389 |               torch.optim.lr_scheduler
import time:      6379 |       6379 |               torch.optim.swa_utils
import time:      5349 |       5349 |               torch.optim._adafactor
import time:      4385 |       4385 |               torch.optim.adadelta
import time:     11069 |      11069 |               torch.optim.adagrad
import time:      6233 |       6233 |               torch.optim.adam
import time:      8481 |       8481 |               torch.optim.adamax
import time:      7019 |       7019 |               torch.optim.adamw
import time:      4810 |       4810 |               torch.optim.asgd
import time:      4881 |       4881 |               torch.optim.lbfgs
import time:     19736 |      19736 |               torch.optim.nadam
import time:      5064 |       5064 |               torch.optim.radam
import time:      5852 |       5852 |               torch.optim.rmsprop
import time:      6794 |       6794 |               torch.optim.rprop
import time:      4727 |       4727 |               torch.optim.sgd
import time:      8897 |       8897 |                 torch.optim._functional
import time:      5292 |      14188 |               torch.optim.sparse_adam
import time:     11063 |     148409 |             torch.optim
import time:      1090 |       1090 |                 gzip
import time:      6602 |       6602 |                   torch.profiler._utils
import time:     13210 |      19812 |                 torch.profiler._memory_profiler
import time:     10060 |      30961 |               torch.profiler.profiler
import time:      5656 |       5656 |               torch.profiler.itt
import time:      9956 |      46572 |             torch.profiler
import time:      7599 |       7599 |             torch.special
import time:      7405 |       7405 |               torch.xpu._utils
import time:      4392 |       4392 |               torch.xpu.streams
import time:      4503 |       4503 |               torch.xpu.memory
import time:      5488 |       5488 |               torch.xpu.random
import time:      8732 |      30518 |             torch.xpu
import time:      7925 |       7925 |                 torch.signal.windows.windows
import time:      9679 |      17604 |               torch.signal.windows
import time:      4092 |      21695 |             torch.signal
import time:      4978 |       4978 |             torch.ao
import time:      7021 |       7021 |                 torch.ao.nn
import time:     10687 |      10687 |                   torch.ao.nn.intrinsic.modules.fused
import time:     19254 |      29941 |                 torch.ao.nn.intrinsic.modules
import time:     14716 |      51677 |               torch.ao.nn.intrinsic
import time:     17052 |      17052 |                 torch.nn.intrinsic.modules.fused
import time:     13242 |      30293 |               torch.nn.intrinsic.modules
import time:     14809 |      14809 |                               torch.ao.nn.qat.modules.conv
import time:     10625 |      10625 |                               torch.ao.nn.qat.modules.embedding_ops
import time:      9115 |       9115 |                               torch.ao.nn.qat.modules.linear
import time:     14581 |      49128 |                             torch.ao.nn.qat.modules
import time:      7679 |      56806 |                           torch.ao.nn.qat
import time:     14294 |      71099 |                         torch.ao.nn.intrinsic.qat.modules.conv_fused
import time:     11239 |      11239 |                         torch.ao.nn.intrinsic.qat.modules.linear_fused
import time:     14596 |      14596 |                         torch.ao.nn.intrinsic.qat.modules.linear_relu
import time:     18962 |     115895 |                       torch.ao.nn.intrinsic.qat.modules
import time:      9766 |     125661 |                     torch.ao.nn.intrinsic.qat
import time:     15411 |     141072 |                   torch.nn.intrinsic.qat.modules.conv_fused
import time:     12612 |      12612 |                   torch.nn.intrinsic.qat.modules.linear_fused
import time:     16141 |      16141 |                   torch.nn.intrinsic.qat.modules.linear_relu
import time:     20543 |     190366 |                 torch.nn.intrinsic.qat.modules
import time:     15996 |     206362 |               torch.nn.intrinsic.qat
import time:     17947 |      17947 |                                           torch.ao.nn.quantizable.modules.activation
import time:      9698 |       9698 |                                           torch.ao.nn.quantizable.modules.rnn
import time:     19401 |      47045 |                                         torch.ao.nn.quantizable.modules
import time:      8975 |      56020 |                                       torch.ao.nn.quantizable
import time:     15351 |      15351 |                                       torch.ao.nn.quantized.modules.activation
import time:     10654 |      10654 |                                       torch.ao.nn.quantized.modules.batchnorm
import time:      9212 |       9212 |                                         torch.ao.nn.quantized.modules.utils
import time:     21209 |      30420 |                                       torch.ao.nn.quantized.modules.conv
import time:      8416 |       8416 |                                       torch.ao.nn.quantized.modules.dropout
import time:     25896 |      25896 |                                       torch.ao.nn.quantized.modules.embedding_ops
import time:      7648 |       7648 |                                       torch.ao.nn.quantized.modules.functional_modules
import time:      8146 |       8146 |                                       torch.ao.nn.quantized.modules.linear
import time:      7778 |       7778 |                                       torch.ao.nn.quantized.modules.normalization
import time:      8397 |       8397 |                                       torch.ao.nn.quantized.modules.rnn
import time:     16496 |     195218 |                                     torch.ao.nn.quantized.modules
import time:       152 |     195370 |                                   torch.ao.nn.quantized.modules.utils
import time:     12685 |     208054 |                                 torch.ao.nn.quantized.functional
import time:     10692 |     218746 |                               torch.ao.nn.quantized
import time:     17359 |     236105 |                             torch.ao.nn.intrinsic.quantized.modules.bn_relu
import time:     10466 |      10466 |                             torch.ao.nn.intrinsic.quantized.modules.conv_add
import time:      8976 |       8976 |                             torch.ao.nn.intrinsic.quantized.modules.conv_relu
import time:     10301 |      10301 |                             torch.ao.nn.intrinsic.quantized.modules.linear_relu
import time:     25513 |     291359 |                           torch.ao.nn.intrinsic.quantized.modules
import time:     26787 |     318145 |                         torch.ao.nn.intrinsic.quantized
import time:     18508 |      18508 |                                 torch.ao.nn.quantized.dynamic.modules.conv
import time:     11764 |      11764 |                                 torch.ao.nn.quantized.dynamic.modules.linear
import time:     16313 |      16313 |                                 torch.ao.nn.quantized.dynamic.modules.rnn
import time:     21671 |      68255 |                               torch.ao.nn.quantized.dynamic.modules
import time:     17367 |      85622 |                             torch.ao.nn.quantized.dynamic
import time:     26280 |     111902 |                           torch.ao.nn.intrinsic.quantized.dynamic.modules.linear_relu
import time:     27452 |     139354 |                         torch.ao.nn.intrinsic.quantized.dynamic.modules
import time:     14226 |     471724 |                       torch.ao.nn.intrinsic.quantized.dynamic
import time:     44895 |     516619 |                     torch.nn.intrinsic.quantized.dynamic.modules.linear_relu
import time:     38804 |     555422 |                   torch.nn.intrinsic.quantized.dynamic.modules
import time:     14626 |     570047 |                 torch.nn.intrinsic.quantized.dynamic
import time:     28786 |      28786 |                   torch.nn.intrinsic.quantized.modules.bn_relu
import time:      7162 |       7162 |                   torch.nn.intrinsic.quantized.modules.conv_relu
import time:      6086 |       6086 |                   torch.nn.intrinsic.quantized.modules.linear_relu
import time:     14919 |      56951 |                 torch.nn.intrinsic.quantized.modules
import time:      9614 |     636611 |               torch.nn.intrinsic.quantized
import time:      6350 |     931290 |             torch.nn.intrinsic
import time:     14113 |      14113 |                             torch.ao.nn.qat.dynamic.modules.linear
import time:     16758 |      30870 |                           torch.ao.nn.qat.dynamic.modules
import time:     11732 |      42602 |                         torch.ao.nn.qat.dynamic
import time:       180 |      42781 |                       torch.ao.nn.qat.dynamic.modules
import time:       218 |      42998 |                     torch.ao.nn.qat.dynamic.modules.linear
import time:     13008 |      56006 |                   torch.nn.qat.dynamic.modules.linear
import time:     30850 |      86856 |                 torch.nn.qat.dynamic.modules
import time:      9370 |      96225 |               torch.nn.qat.dynamic
import time:     11830 |      11830 |                 torch.nn.qat.modules.conv
import time:      7177 |       7177 |                 torch.nn.qat.modules.embedding_ops
import time:      5070 |       5070 |                 torch.nn.qat.modules.linear
import time:      9892 |      33968 |               torch.nn.qat.modules
import time:      6513 |     136705 |             torch.nn.qat
import time:      9606 |       9606 |               torch.nn.quantizable.modules
import time:      7726 |      17331 |             torch.nn.quantizable
import time:     10149 |      10149 |               torch.nn.quantized.dynamic
import time:      5002 |       5002 |               torch.nn.quantized.functional
import time:      7625 |       7625 |               torch.nn.quantized.modules
import time:      8625 |      31399 |             torch.nn.quantized
import time:      7098 |       7098 |             torch._size_docs
import time:      1982 |       1982 |             torch._storage_docs
import time:      5997 |       5997 |             torch._tensor_docs
import time:      4547 |       4547 |                           torch.ao.quantization.quant_type
import time:      8517 |      13063 |                         torch.ao.quantization.utils
import time:     10572 |      23634 |                       torch.ao.quantization.observer
import time:     10218 |      33852 |                     torch.ao.quantization.fake_quantize
import time:      6774 |       6774 |                       torch.ao.quantization.fuser_method_mappings
import time:      4996 |      11769 |                     torch.ao.quantization.fuse_modules
import time:      7480 |       7480 |                       torch.ao.quantization.pt2e
import time:      7702 |       7702 |                           torch.ao.ns
import time:     11222 |      18924 |                         torch.ao.ns.fx
import time:      6094 |       6094 |                         torch.ao.ns.fx.ns_types
import time:     10747 |      35764 |                       torch.ao.ns.fx.utils
import time:      6038 |       6038 |                                     torch._dispatch
import time:       267 |        267 |                                           unittest.util
import time:      1149 |       1415 |                                         unittest.result
import time:       811 |        811 |                                         unittest.case
import time:       270 |        270 |                                         unittest.suite
import time:       504 |        504 |                                         unittest.loader
import time:       127 |        127 |                                             unittest.signals
import time:       601 |        727 |                                           unittest.runner
import time:       843 |       1570 |                                         unittest.main
import time:      2544 |       7113 |                                       unittest
import time:      1343 |       8456 |                                     unittest.mock
import time:      6778 |      21271 |                                   torch._dispatch.python
import time:      8336 |       8336 |                                   torch._guards
import time:      6054 |       6054 |                                               torch._logging.structured
import time:      9643 |      15696 |                                             torch._logging._internal
import time:      7996 |      23692 |                                           torch._logging._registrations
import time:      9818 |      33510 |                                         torch._logging
import time:      4776 |       4776 |                                           torch.utils._mode_utils
import time:     14682 |      19457 |                                         torch._subclasses.meta_utils
import time:      4707 |       4707 |                                         torch.utils._backport_slots
import time:      3940 |       3940 |                                         torch.utils._stats
import time:     12601 |      12601 |                                           torch.fx.experimental.sym_node
import time:     21935 |      34535 |                                         torch._subclasses._fake_tensor_utils
import time:      7782 |       7782 |                                           torch._custom_op
import time:     10967 |      18749 |                                         torch._subclasses.fake_impls
import time:     25057 |     139952 |                                       torch._subclasses.fake_tensor
import time:      7239 |       7239 |                                       torch._subclasses.fake_utils
import time:      6265 |     153454 |                                     torch._subclasses
import time:       490 |     153944 |                                   torch._subclasses.meta_utils
import time:     10153 |     193702 |                                 torch.fx.passes.shape_prop
import time:      1019 |       1019 |                                 pydot
import time:     10252 |     204972 |                               torch.fx.passes.graph_drawer
import time:      6173 |       6173 |                               torch.fx.passes.graph_manipulation
import time:     12804 |      12804 |                                       torch.fx.passes.utils.matcher_utils
import time:      8928 |      21731 |                                     torch.fx.passes.utils.common
import time:      9913 |      31643 |                                   torch.fx.passes.utils
import time:      7313 |       7313 |                                   torch.fx.passes.tools_common
import time:      7651 |      46606 |                                 torch.fx.passes.split_utils
import time:      9644 |      56249 |                               torch.fx.passes.net_min_base
import time:      5579 |       5579 |                               torch.fx.passes.operator_support
import time:      5198 |       5198 |                               torch.fx.passes.param_fetch
import time:      6612 |       6612 |                               torch.fx.passes.reinplace
import time:      3866 |       3866 |                                 torch.fx._utils
import time:      3487 |       3487 |                                   torch.utils._thunk
import time:      4720 |       4720 |                                   torch.fx.experimental._backward_state
import time:     17616 |      25822 |                                 torch.fx.experimental.proxy_tensor
import time:      7678 |      37365 |                               torch.fx.passes.runtime_assert
import time:      8157 |       8157 |                               torch.fx.passes.split_module
import time:      9805 |       9805 |                               torch.fx.passes.splitter_base
import time:      8909 |     349015 |                             torch.fx.passes
import time:       133 |     349148 |                           torch.fx.passes.utils
import time:      6515 |     355662 |                         torch.fx.passes.utils.source_matcher_utils
import time:      7686 |     363348 |                       torch.ao.quantization.pt2e.graph_utils
import time:     10043 |      10043 |                               torch.fx.passes.infra.pass_base
import time:     11441 |      21484 |                             torch.fx.passes.infra.pass_manager
import time:     10154 |      31637 |                           torch.fx.passes.infra
import time:       142 |      31779 |                         torch.fx.passes.infra.pass_base
import time:      5557 |       5557 |                               torch.export._tree_utils
import time:     11891 |      11891 |                               torch.export.graph_signature
import time:      4355 |       4355 |                                     torch._custom_op.autograd
import time:     32798 |      37152 |                                   torch._custom_op.impl
import time:      5524 |      42675 |                                 torch._custom_ops
import time:      5683 |       5683 |                                           numpy._core
import time:      5236 |      10919 |                                         numpy._core._multiarray_umath
import time:      7506 |      18425 |                                       torch._subclasses.functional_tensor
import time:      5167 |       5167 |                                       torch._higher_order_ops.utils
import time:     11266 |      34857 |                                     torch._higher_order_ops.cond
import time:      7996 |       7996 |                                     torch._higher_order_ops.flex_attention
import time:      4109 |       4109 |                                     torch._higher_order_ops.hints_wrap
import time:      5975 |       5975 |                                     torch._higher_order_ops.invoke_subgraph
import time:      5614 |       5614 |                                     torch._higher_order_ops.prim_hop_base
import time:      5136 |       5136 |                                     torch._higher_order_ops.scan
import time:     10332 |      10332 |                                     torch._higher_order_ops.while_loop
import time:      5894 |      79910 |                                   torch._higher_order_ops
import time:      3888 |      83798 |                                 torch._higher_order_ops.strict_mode
import time:      6435 |     132907 |                               torch._export.wrappers
import time:      8393 |       8393 |                               torch._export.utils
import time:     30971 |     189718 |                             torch._export
import time:       247 |     189964 |                           torch._export.utils
import time:      5392 |     195356 |                         torch.export.decomp_utils
import time:      4953 |       4953 |                             torch._export.verifier
import time:     10741 |      15693 |                           torch.export.exported_program
import time:      8650 |      24342 |                         torch.export.dynamic_shapes
import time:      6179 |       6179 |                                   torch._functorch._aot_autograd
import time:      8781 |      14959 |                                 torch._functorch._aot_autograd.utils
import time:      4624 |      19583 |                               torch._higher_order_ops.torchbind
import time:      4831 |      24413 |                             torch._higher_order_ops.effects
import time:      7107 |      31520 |                           torch.export._remove_effect_tokens_pass
import time:     11824 |      43344 |                         torch.export.unflatten
import time:     11507 |     306326 |                       torch.export
import time:     11151 |     724067 |                     torch.ao.quantization.pt2e._numeric_debugger
import time:      6508 |       6508 |                     torch.ao.quantization.pt2e.export_utils
import time:      8409 |       8409 |                     torch.ao.quantization.qconfig
import time:     14663 |      14663 |                     torch.ao.quantization.qconfig_mapping
import time:     12508 |      12508 |                             torch.ao.nn.quantized.reference.modules.utils
import time:     18517 |      31024 |                           torch.ao.nn.quantized.reference.modules.conv
import time:     10102 |      10102 |                           torch.ao.nn.quantized.reference.modules.linear
import time:     10591 |      10591 |                           torch.ao.nn.quantized.reference.modules.rnn
import time:      8839 |       8839 |                           torch.ao.nn.quantized.reference.modules.sparse
import time:     24364 |      84920 |                         torch.ao.nn.quantized.reference.modules
import time:     14266 |      99186 |                       torch.ao.nn.quantized.reference
import time:      9713 |       9713 |                               torch.ao.nn.sparse.quantized.linear
import time:     11885 |      11885 |                               torch.ao.nn.sparse.quantized.utils
import time:     16878 |      38475 |                             torch.ao.nn.sparse.quantized.dynamic.linear
import time:     18618 |      57093 |                           torch.ao.nn.sparse.quantized.dynamic
import time:     12532 |      69624 |                         torch.ao.nn.sparse.quantized
import time:      8592 |      78215 |                       torch.ao.nn.sparse
import time:      4836 |       4836 |                       torch.ao.quantization.stubs
import time:      8959 |     191194 |                     torch.ao.quantization.quantization_mappings
import time:      8121 |       8121 |                     torch.ao.quantization.quantize
import time:      6289 |       6289 |                     torch.ao.quantization.quantize_jit
import time:     12735 |    1017604 |                   torch.ao.quantization
import time:       195 |    1017798 |                 torch.ao.quantization.fake_quantize
import time:      5297 |    1023095 |               torch.quantization.fake_quantize
import time:      5060 |       5060 |               torch.quantization.fuse_modules
import time:      3260 |       3260 |               torch.quantization.fuser_method_mappings
import time:      2962 |       2962 |               torch.quantization.observer
import time:      4076 |       4076 |               torch.quantization.qconfig
import time:      6106 |       6106 |               torch.quantization.quant_type
import time:      4171 |       4171 |               torch.quantization.quantization_mappings
import time:      3276 |       3276 |               torch.quantization.quantize
import time:      3994 |       3994 |               torch.quantization.quantize_jit
import time:      3269 |       3269 |               torch.quantization.stubs
import time:      7511 |    1066776 |             torch.quantization
import time:      2739 |       2739 |             torch.quasirandom
import time:      3497 |       3497 |             torch.multiprocessing._atfork
import time:      5997 |       5997 |             torch._lobpcg
import time:      4448 |       4448 |                 torch.masked._docs
import time:      5355 |       5355 |                       torch.masked.maskedtensor.core
import time:      9891 |      15245 |                     torch.masked.maskedtensor.binary
import time:      6328 |       6328 |                     torch.masked.maskedtensor.passthrough
import time:      6180 |       6180 |                       torch.masked.maskedtensor.creation
import time:     13103 |      19282 |                     torch.masked.maskedtensor.reductions
import time:      7670 |       7670 |                     torch.masked.maskedtensor.unary
import time:      6762 |      55284 |                   torch.masked.maskedtensor
import time:       346 |      55630 |                 torch.masked.maskedtensor.core
import time:     10294 |      70372 |               torch.masked._ops
import time:      4272 |      74643 |             torch.masked
import time:      3524 |       3524 |             torch.utils.dlpack
import time:      6190 |       6190 |                 torch.fx.experimental.const_fold
import time:      7872 |      14062 |               torch._functorch.eager_transforms
import time:      3546 |       3546 |               torch._functorch.functional_call
import time:      4271 |       4271 |               torch._functorch.batch_norm_replacement
import time:      5147 |      27024 |             torch.func
import time:      5452 |       5452 |                       torch.utils._content_store
import time:      9192 |      14643 |                     torch._prims.debug_prims
import time:      7359 |       7359 |                     torch._prims.rng_prims
import time:     11163 |      11163 |                     torch._prims_common.wrappers
import time:   5333548 |    5366712 |                   torch._prims
import time:      4031 |       4031 |                   torch._higher_order_ops.out_dtype
import time:     88925 |    5459667 |                 torch._decomp.decompositions
import time:      5657 |       5657 |                   torch._refs._conversions
import time:      8020 |       8020 |                   torch._refs.fft
import time:     11988 |      11988 |                   torch._refs.linalg
import time:     10959 |      10959 |                     torch._refs.nn
import time:     18424 |      29382 |                   torch._refs.nn.functional
import time:     14828 |      14828 |                   torch._refs.special
import time:     56997 |     126868 |                 torch._refs
import time:     27002 |    5613536 |               torch._decomp
import time:     85407 |    5698942 |             torch._meta_registrations
import time:      4462 |       4462 |             torch.compiler
import time:    848398 |   14597423 |           torch
import time:     10183 |   15643564 |         ocr.core.interfaces.losses
import time:      8218 |       8218 |         ocr.core.interfaces.metrics
import time:     11816 |      11816 |         ocr.core.interfaces.models
import time:      9281 |   15685114 |       ocr.core.utils.registry
import time:     24951 |   15710065 |     ocr.core
import time:     15571 |   15725636 |   ocr.core.models
import time:      8500 |       8500 |     ocr.data
import time:      8220 |       8220 |         ocr.core.utils.experiment_index
import time:     17029 |      25248 |       ocr.core.utils.path_utils
import time:      7806 |      33054 |     ocr.core.utils.config_utils
import time:     13066 |      54619 |   ocr.data.datasets
import time:      4795 |       4795 |         lightning.__about__
import time:      6731 |       6731 |         lightning.__version__
import time:     22242 |      22242 |                   lightning_utilities.__about__
import time:      9376 |       9376 |                       lightning_utilities.core.apply_func
import time:      4374 |       4374 |                       lightning_utilities.core.enums
import time:      5976 |       5976 |                                     sysconfig
import time:      4941 |       4941 |                                       packaging._elffile
import time:      6017 |      10958 |                                     packaging._manylinux
import time:      5209 |       5209 |                                     packaging._musllinux
import time:      8620 |      30761 |                                   packaging.tags
import time:      6051 |      36811 |                                 packaging.utils
import time:     10378 |      47189 |                               packaging.specifiers
import time:      9510 |      56699 |                             packaging._tokenizer
import time:      9364 |      66062 |                           packaging._parser
import time:      6060 |       6060 |                           packaging.markers
import time:     16441 |      88562 |                         packaging.requirements
import time:      5750 |      94312 |                       lightning_utilities.core.imports
import time:      6214 |       6214 |                       lightning_utilities.core.overrides
import time:      6706 |       6706 |                       lightning_utilities.core.rank_zero
import time:      6687 |     127667 |                     lightning_utilities.core
import time:       444 |     128110 |                   lightning_utilities.core.apply_func
import time:      7228 |     157579 |                 lightning_utilities
import time:       138 |     157716 |               lightning_utilities.core
import time:       179 |     157895 |             lightning_utilities.core.imports
import time:      6001 |       6001 |                               torchmetrics.__about__
import time:      4512 |       4512 |                                 PIL._version
import time:      4207 |       8719 |                               PIL
import time:      7315 |       7315 |                                               torchmetrics.utilities.exceptions
import time:     12331 |      12331 |                                                     scipy._lib._testutils
import time:     13550 |      25880 |                                                   scipy._lib
import time:      8499 |      34378 |                                                 scipy._lib.deprecation
import time:      5612 |       5612 |                                                 scipy.__config__
import time:      4651 |       4651 |                                                 scipy.version
import time:      8625 |       8625 |                                                 scipy._distributor_init
import time:      8533 |       8533 |                                                 scipy._lib._pep440
import time:      4485 |       4485 |                                                   scipy._lib._ccallback_c
import time:      7317 |      11801 |                                                 scipy._lib._ccallback
import time:      1103 |       1103 |                                                 modulefinder
import time:      4458 |       4458 |                                                   torchvision._internally_replaced_utils
import time:     27945 |      32402 |                                                 torchvision.extension
import time:    305589 |     305589 |                                                 torchvision._meta_registrations
import time:       995 |        995 |                                                                 xml
import time:       558 |       1552 |                                                               xml.parsers
import time:       192 |        192 |                                                               pyexpat
import time:       703 |       2446 |                                                             xml.parsers.expat
import time:      9685 |      12131 |                                                           defusedxml.common
import time:      7856 |      19986 |                                                         defusedxml
import time:       164 |        164 |                                                           xml.etree
import time:      1708 |       1708 |                                                           xml.etree.ElementPath
import time:       102 |        102 |                                                           _elementtree
import time:      1566 |       3538 |                                                         xml.etree.ElementTree
import time:         6 |          6 |                                                         _elementtree
import time:      6630 |      30158 |                                                       defusedxml.ElementTree
import time:      8807 |       8807 |                                                       PIL.ExifTags
import time:     12440 |      12440 |                                                       PIL.ImageMode
import time:      4896 |       4896 |                                                       PIL.TiffTags
import time:      3579 |       3579 |                                                       PIL._binary
import time:      3389 |       3389 |                                                       PIL._util
import time:     23823 |      23823 |                                                       PIL._imaging
import time:      3450 |       3450 |                                                           cffi.lock
import time:      3085 |       3085 |                                                           cffi.error
import time:      5494 |       5494 |                                                           cffi.model
import time:      9525 |      21553 |                                                         cffi.api
import time:      5115 |      26668 |                                                       cffi
import time:     21950 |     135707 |                                                     PIL.Image
import time:      7705 |       7705 |                                                         torchvision.io._load_gpu_decoder
import time:      1685 |       1685 |                                                           fractions
import time:      8056 |       9740 |                                                         torchvision.io._video_opt
import time:      3515 |       3515 |                                                             PIL.ImageColor
import time:      5420 |       5420 |                                                             PIL.ImageDraw
import time:     29608 |      29608 |                                                               PIL._imagingft
import time:      4910 |      34518 |                                                             PIL.ImageFont
import time:      7874 |      51326 |                                                           torchvision.utils
import time:     48786 |     100111 |                                                         torchvision.io.image
import time:       971 |        971 |                                                           av
import time:      6721 |       7691 |                                                         torchvision.io.video
import time:       955 |        955 |                                                           av
import time:      6953 |       7907 |                                                         torchvision.io.video_reader
import time:      5515 |     138667 |                                                       torchvision.io
import time:       191 |     138857 |                                                     torchvision.io.image
import time:      7079 |       7079 |                                                       torch.utils.model_zoo
import time:      6809 |      13888 |                                                     torchvision.datasets.utils
import time:      5179 |       5179 |                                                     torchvision.datasets.vision
import time:     10629 |     304257 |                                                   torchvision.datasets._optical_flow
import time:     10723 |      10723 |                                                   torchvision.datasets._stereo_matching
import time:      4772 |       4772 |                                                   torchvision.datasets.caltech
import time:      4872 |       4872 |                                                   torchvision.datasets.celeba
import time:      8072 |       8072 |                                                   torchvision.datasets.cifar
import time:      5146 |       5146 |                                                   torchvision.datasets.cityscapes
import time:      6017 |       6017 |                                                   torchvision.datasets.clevr
import time:      5778 |       5778 |                                                   torchvision.datasets.coco
import time:      7039 |       7039 |                                                     torchvision.datasets.folder
import time:      5944 |      12983 |                                                   torchvision.datasets.country211
import time:      5847 |       5847 |                                                   torchvision.datasets.dtd
import time:      5568 |       5568 |                                                   torchvision.datasets.eurosat
import time:      1220 |       1220 |                                                         accimage
import time:      1636 |       1636 |                                                           accimage
import time:     13417 |      13417 |                                                               PIL.ImageFilter
import time:     17440 |      17440 |                                                               PIL.ImageStat
import time:     16839 |      47695 |                                                             PIL.ImageEnhance
import time:      4134 |       4134 |                                                                 PIL.GimpGradientFile
import time:      4143 |       4143 |                                                                 PIL.GimpPaletteFile
import time:      5329 |       5329 |                                                                 PIL.PaletteFile
import time:      8087 |      21691 |                                                               PIL.ImagePalette
import time:     17335 |      39025 |                                                             PIL.ImageOps
import time:       895 |        895 |                                                             accimage
import time:      8458 |      96072 |                                                           torchvision.transforms._functional_pil
import time:     14058 |      14058 |                                                           torchvision.transforms._functional_tensor
import time:     12176 |     123941 |                                                         torchvision.transforms.functional
import time:     17997 |     143156 |                                                       torchvision.transforms.transforms
import time:     10134 |      10134 |                                                       torchvision.transforms.autoaugment
import time:      7837 |     161126 |                                                     torchvision.transforms
import time:      6182 |     167307 |                                                   torchvision.datasets.fakedata
import time:      6829 |       6829 |                                                   torchvision.datasets.fer2013
import time:      7140 |       7140 |                                                   torchvision.datasets.fgvc_aircraft
import time:      1112 |       1112 |                                                         html.entities
import time:      1656 |       2768 |                                                       html
import time:      1358 |       1358 |                                                       _markupbase
import time:      1920 |       6045 |                                                     html.parser
import time:     13814 |      19858 |                                                   torchvision.datasets.flickr
import time:     17547 |      17547 |                                                   torchvision.datasets.flowers102
import time:      7521 |       7521 |                                                   torchvision.datasets.food101
import time:      6386 |       6386 |                                                   torchvision.datasets.gtsrb
import time:      8741 |       8741 |                                                     torchvision.datasets.video_utils
import time:      8852 |      17593 |                                                   torchvision.datasets.hmdb51
import time:     13119 |      13119 |                                                   torchvision.datasets.imagenet
import time:      9892 |       9892 |                                                   torchvision.datasets.imagenette
import time:      8988 |       8988 |                                                   torchvision.datasets.inaturalist
import time:      8647 |       8647 |                                                   torchvision.datasets.kinetics
import time:      8231 |       8231 |                                                   torchvision.datasets.kitti
import time:     10574 |      10574 |                                                   torchvision.datasets.lfw
import time:     11599 |      11599 |                                                   torchvision.datasets.lsun
import time:     12534 |      12534 |                                                   torchvision.datasets.mnist
import time:      8801 |       8801 |                                                   torchvision.datasets.moving_mnist
import time:      8928 |       8928 |                                                   torchvision.datasets.omniglot
import time:      9454 |       9454 |                                                   torchvision.datasets.oxford_iiit_pet
import time:     10731 |      10731 |                                                   torchvision.datasets.pcam
import time:      7435 |       7435 |                                                   torchvision.datasets.phototour
import time:      7802 |       7802 |                                                   torchvision.datasets.places365
import time:      7254 |       7254 |                                                   torchvision.datasets.rendered_sst2
import time:      7578 |       7578 |                                                   torchvision.datasets.sbd
import time:      7333 |       7333 |                                                   torchvision.datasets.sbu
import time:      7675 |       7675 |                                                   torchvision.datasets.semeion
import time:      6877 |       6877 |                                                   torchvision.datasets.stanford_cars
import time:      8648 |       8648 |                                                   torchvision.datasets.stl10
import time:      6496 |       6496 |                                                   torchvision.datasets.sun397
import time:      7583 |       7583 |                                                   torchvision.datasets.svhn
import time:      6110 |       6110 |                                                   torchvision.datasets.ucf101
import time:      6885 |       6885 |                                                   torchvision.datasets.usps
import time:      6675 |       6675 |                                                   torchvision.datasets.voc
import time:      6649 |       6649 |                                                   torchvision.datasets.widerface
import time:     21408 |     868099 |                                                 torchvision.datasets
import time:      6491 |       6491 |                                                     torchvision.transforms._presets
import time:      6923 |       6923 |                                                     torchvision.models._api
import time:      7849 |       7849 |                                                     torchvision.models._meta
import time:      8406 |       8406 |                                                       torchvision._utils
import time:     10622 |      19028 |                                                     torchvision.models._utils
import time:     11361 |      51650 |                                                   torchvision.models.alexnet
import time:     14509 |      14509 |                                                                 torch.onnx._internal
import time:     21097 |      35605 |                                                               torch.onnx._internal.exporter
import time:      8361 |       8361 |                                                               torch.onnx._internal._lazy_import
import time:     18485 |      62449 |                                                             torch.onnx._internal.exporter._onnx_program
import time:      6957 |       6957 |                                                                 torch._prims.context
import time:      7628 |      14585 |                                                               torch._prims.executor
import time:     15216 |      15216 |                                                               torch.fx.passes.fake_tensor_prop
import time:     14397 |      44196 |                                                             torch.onnx._internal.onnxruntime
import time:     10072 |      10072 |                                                               torch.onnx.errors
import time:      9043 |      19115 |                                                             torch.onnx._type_utils
import time:      9305 |       9305 |                                                               torch.onnx._constants
import time:     11991 |      11991 |                                                               torch.onnx._deprecation
import time:     12540 |      12540 |                                                                 torch.onnx._globals
import time:     12667 |      12667 |                                                                   torch.onnx._internal.registration
import time:     17094 |      29760 |                                                                 torch.onnx._internal.jit_utils
import time:     27896 |      70195 |                                                               torch.onnx.symbolic_helper
import time:     30523 |      30523 |                                                                             torch.onnx._internal.diagnostics.infra.sarif._property_bag
import time:     38004 |      68526 |                                                                           torch.onnx._internal.diagnostics.infra.sarif._address
import time:     33516 |      33516 |                                                                               torch.onnx._internal.diagnostics.infra.sarif._multiformat_message_string
import time:     25531 |      59047 |                                                                             torch.onnx._internal.diagnostics.infra.sarif._artifact_content
import time:     25990 |      25990 |                                                                               torch.onnx._internal.diagnostics.infra.sarif._message
import time:     26827 |      52817 |                                                                             torch.onnx._internal.diagnostics.infra.sarif._artifact_location
import time:     47880 |     159743 |                                                                           torch.onnx._internal.diagnostics.infra.sarif._artifact
import time:     22953 |      22953 |                                                                               torch.onnx._internal.diagnostics.infra.sarif._region
import time:     19421 |      42373 |                                                                             torch.onnx._internal.diagnostics.infra.sarif._replacement
import time:     23412 |      65784 |                                                                           torch.onnx._internal.diagnostics.infra.sarif._artifact_change
import time:     24095 |      24095 |                                                                             torch.onnx._internal.diagnostics.infra.sarif._rectangle
import time:     22432 |      46526 |                                                                           torch.onnx._internal.diagnostics.infra.sarif._attachment
import time:     19959 |      19959 |                                                                                   torch.onnx._internal.diagnostics.infra.sarif._location_relationship
import time:     16982 |      16982 |                                                                                   torch.onnx._internal.diagnostics.infra.sarif._logical_location
import time:     20017 |      20017 |                                                                                   torch.onnx._internal.diagnostics.infra.sarif._physical_location
import time:     24029 |      80986 |                                                                                 torch.onnx._internal.diagnostics.infra.sarif._location
import time:     18800 |      18800 |                                                                                   torch.onnx._internal.diagnostics.infra.sarif._tool_component_reference
import time:     17139 |      35939 |                                                                                 torch.onnx._internal.diagnostics.infra.sarif._reporting_descriptor_reference
import time:     16209 |      16209 |                                                                                   torch.onnx._internal.diagnostics.infra.sarif._stack_frame
import time:     17036 |      33244 |                                                                                 torch.onnx._internal.diagnostics.infra.sarif._stack
import time:     14642 |      14642 |                                                                                 torch.onnx._internal.diagnostics.infra.sarif._web_request
import time:     16307 |      16307 |                                                                                 torch.onnx._internal.diagnostics.infra.sarif._web_response
import time:     21486 |     202603 |                                                                               torch.onnx._internal.diagnostics.infra.sarif._thread_flow_location
import time:     22012 |     224615 |                                                                             torch.onnx._internal.diagnostics.infra.sarif._thread_flow
import time:     23062 |     247676 |                                                                           torch.onnx._internal.diagnostics.infra.sarif._code_flow
import time:     26990 |      26990 |                                                                             torch.onnx._internal.diagnostics.infra.sarif._reporting_configuration
import time:     21246 |      48235 |                                                                           torch.onnx._internal.diagnostics.infra.sarif._configuration_override
import time:     18847 |      18847 |                                                                                 torch.onnx._internal.diagnostics.infra.sarif._exception
import time:     16984 |      35830 |                                                                               torch.onnx._internal.diagnostics.infra.sarif._notification
import time:     19035 |      54864 |                                                                             torch.onnx._internal.diagnostics.infra.sarif._invocation
import time:     14319 |      14319 |                                                                                   torch.onnx._internal.diagnostics.infra.sarif._reporting_descriptor_relationship
import time:     17215 |      31533 |                                                                                 torch.onnx._internal.diagnostics.infra.sarif._reporting_descriptor
import time:     18361 |      18361 |                                                                                 torch.onnx._internal.diagnostics.infra.sarif._translation_metadata
import time:     17497 |      67390 |                                                                               torch.onnx._internal.diagnostics.infra.sarif._tool_component
import time:     21428 |      88818 |                                                                             torch.onnx._internal.diagnostics.infra.sarif._tool
import time:     18945 |     162626 |                                                                           torch.onnx._internal.diagnostics.infra.sarif._conversion
import time:     20091 |      20091 |                                                                           torch.onnx._internal.diagnostics.infra.sarif._edge
import time:     19868 |      19868 |                                                                           torch.onnx._internal.diagnostics.infra.sarif._edge_traversal
import time:     17702 |      17702 |                                                                               torch.onnx._internal.diagnostics.infra.sarif._node
import time:     21195 |      38896 |                                                                             torch.onnx._internal.diagnostics.infra.sarif._graph
import time:     14398 |      14398 |                                                                               torch.onnx._internal.diagnostics.infra.sarif._fix
import time:     14337 |      14337 |                                                                               torch.onnx._internal.diagnostics.infra.sarif._graph_traversal
import time:     16989 |      16989 |                                                                               torch.onnx._internal.diagnostics.infra.sarif._result_provenance
import time:     17174 |      17174 |                                                                               torch.onnx._internal.diagnostics.infra.sarif._suppression
import time:     18566 |      81461 |                                                                             torch.onnx._internal.diagnostics.infra.sarif._result
import time:     17567 |     137924 |                                                                           torch.onnx._internal.diagnostics.infra.sarif._external_properties
import time:     14118 |      14118 |                                                                           torch.onnx._internal.diagnostics.infra.sarif._external_property_file_reference
import time:     16898 |      16898 |                                                                           torch.onnx._internal.diagnostics.infra.sarif._external_property_file_references
import time:     15595 |      15595 |                                                                             torch.onnx._internal.diagnostics.infra.sarif._run_automation_details
import time:     14811 |      14811 |                                                                             torch.onnx._internal.diagnostics.infra.sarif._special_locations
import time:     17238 |      17238 |                                                                             torch.onnx._internal.diagnostics.infra.sarif._version_control_details
import time:     19276 |      66919 |                                                                           torch.onnx._internal.diagnostics.infra.sarif._run
import time:     22933 |      22933 |                                                                           torch.onnx._internal.diagnostics.infra.sarif._sarif_log
import time:     38132 |    1135990 |                                                                         torch.onnx._internal.diagnostics.infra.sarif
import time:     20936 |    1156926 |                                                                       torch.onnx._internal.diagnostics.infra.formatter
import time:     33957 |    1190882 |                                                                     torch.onnx._internal.diagnostics.infra._infra
import time:     14755 |      14755 |                                                                       torch.onnx._internal.diagnostics.infra.utils
import time:     18768 |      18768 |                                                                       torch.onnx._internal.diagnostics.infra.sarif.version
import time:     22393 |      55916 |                                                                     torch.onnx._internal.diagnostics.infra.context
import time:     23877 |    1270674 |                                                                   torch.onnx._internal.diagnostics.infra
import time:     23556 |    1294229 |                                                                 torch.onnx._internal.diagnostics._diagnostic
import time:     15686 |      15686 |                                                                 torch.onnx._internal.diagnostics._rules
import time:     20605 |    1330519 |                                                               torch.onnx._internal.diagnostics
import time:     11424 |      11424 |                                                               torch.onnx._internal.onnx_proto_utils
import time:     17567 |    1450999 |                                                             torch.onnx.utils
import time:     46222 |      46222 |                                                               torch.onnx.symbolic_opset9
import time:      9931 |      56152 |                                                             torch.onnx.symbolic_caffe2
import time:     15197 |      15197 |                                                             torch.onnx.symbolic_opset7
import time:     13105 |      13105 |                                                             torch.onnx.symbolic_opset8
import time:     18855 |      18855 |                                                             torch.onnx.symbolic_opset10
import time:     17716 |      17716 |                                                             torch.onnx.symbolic_opset11
import time:     13600 |      13600 |                                                             torch.onnx.symbolic_opset12
import time:     13840 |      13840 |                                                             torch.onnx.symbolic_opset13
import time:      9833 |       9833 |                                                             torch.onnx.symbolic_opset14
import time:     16402 |      16402 |                                                             torch.onnx.symbolic_opset15
import time:     11709 |      11709 |                                                             torch.onnx.symbolic_opset16
import time:     12227 |      12227 |                                                             torch.onnx.symbolic_opset17
import time:     12691 |      12691 |                                                             torch.onnx.symbolic_opset18
import time:     12130 |      12130 |                                                             torch.onnx.symbolic_opset19
import time:     11885 |      11885 |                                                             torch.onnx.symbolic_opset20
import time:     14446 |      14446 |                                                               torch.onnx._internal.io_adapter
import time:     22320 |      22320 |                                                                 torch.onnx._internal.fx.patcher
import time:     11330 |      11330 |                                                                 torch.onnx._internal.fx.serialization
import time:     19716 |      53365 |                                                               torch.onnx._internal.fx
import time:     12933 |      12933 |                                                                 torch.onnx._internal.fx.registration
import time:     17049 |      29982 |                                                               torch.onnx._internal.fx.decomposition_table
import time:     13069 |     110860 |                                                             torch.onnx._internal._exporter_legacy
import time:     22918 |    1945870 |                                                           torch.onnx
import time:     10168 |    1956038 |                                                         torchvision.ops._register_onnx_ops
import time:      7577 |       7577 |                                                           torchvision.ops._box_convert
import time:      7510 |       7510 |                                                           torchvision.ops._utils
import time:      9743 |      24829 |                                                         torchvision.ops.boxes
import time:      8589 |       8589 |                                                           torchvision.ops.diou_loss
import time:      8002 |      16590 |                                                         torchvision.ops.ciou_loss
import time:      8959 |       8959 |                                                         torchvision.ops.deform_conv
import time:      8232 |       8232 |                                                         torchvision.ops.drop_block
import time:     11960 |      11960 |                                                           torchvision.ops.misc
import time:     10237 |      22196 |                                                         torchvision.ops.feature_pyramid_network
import time:      6624 |       6624 |                                                         torchvision.ops.focal_loss
import time:      7383 |       7383 |                                                         torchvision.ops.giou_loss
import time:        88 |         88 |                                                                     _lsprof
import time:      2241 |       2241 |                                                                     profile
import time:      3163 |       5491 |                                                                   cProfile
import time:      3227 |       3227 |                                                                   pstats
import time:       248 |        248 |                                                                         termios
import time:      2348 |       2596 |                                                                       getpass
import time:      5650 |       5650 |                                                                       torch._environment
import time:     12725 |      12725 |                                                                       torch.utils._config_module
import time:     21502 |      42471 |                                                                     torch._dynamo.config
import time:     10439 |      52910 |                                                                   torch._dynamo.distributed
import time:      9065 |       9065 |                                                                                 torch._inductor.custom_graph_pass
import time:     35901 |      44965 |                                                                               torch._inductor.config
import time:     14994 |      59958 |                                                                             torch._inductor
import time:       364 |      60322 |                                                                           torch._inductor.config
import time:     18590 |      78912 |                                                                         torch._functorch.config
import time:     15383 |      15383 |                                                                           torch.fx.experimental._config
import time:     14282 |      14282 |                                                                           torch.fx.experimental.recording
import time:      8131 |       8131 |                                                                           torch.utils._ordered_set
import time:     11498 |      11498 |                                                                             torch.utils._sympy
import time:     10621 |      10621 |                                                                                 mpmath.usertools
import time:      1975 |       1975 |                                                                                             gmpy2
import time:      2105 |       2105 |                                                                                             gmpy
import time:     11204 |      15284 |                                                                                           mpmath.libmp.backend
import time:     14362 |      14362 |                                                                                           mpmath.libmp.libintmath
import time:     19257 |      48901 |                                                                                         mpmath.libmp.libmpf
import time:     15662 |      15662 |                                                                                           mpmath.libmp.libelefun
import time:     16004 |      31665 |                                                                                         mpmath.libmp.libmpc
import time:     23472 |      23472 |                                                                                           mpmath.libmp.gammazeta
import time:     15847 |      39318 |                                                                                         mpmath.libmp.libhyper
import time:     18727 |      18727 |                                                                                         mpmath.libmp.libmpi
import time:     13798 |     152407 |                                                                                       mpmath.libmp
import time:       334 |     152741 |                                                                                     mpmath.libmp.backend
import time:     19290 |      19290 |                                                                                         mpmath.functions.functions
import time:     10465 |      10465 |                                                                                         mpmath.functions.factorials
import time:     25442 |      25442 |                                                                                         mpmath.functions.hypergeometric
import time:     14353 |      14353 |                                                                                         mpmath.functions.expintegrals
import time:     13992 |      13992 |                                                                                         mpmath.functions.bessel
import time:     16354 |      16354 |                                                                                         mpmath.functions.orthogonal
import time:     24363 |      24363 |                                                                                         mpmath.functions.theta
import time:     15322 |      15322 |                                                                                         mpmath.functions.elliptic
import time:     11530 |      11530 |                                                                                         mpmath.functions.signals
import time:     15587 |      15587 |                                                                                         mpmath.functions.zeta
import time:     21021 |      21021 |                                                                                         mpmath.functions.rszeta
import time:     19649 |      19649 |                                                                                         mpmath.functions.zetazeros
import time:     13175 |      13175 |                                                                                         mpmath.functions.qfunctions
import time:     28158 |     248695 |                                                                                       mpmath.functions
import time:       351 |     249045 |                                                                                     mpmath.functions.functions
import time:     19228 |      19228 |                                                                                         mpmath.calculus.calculus
import time:     13136 |      13136 |                                                                                         mpmath.calculus.approximation
import time:     16677 |      16677 |                                                                                         mpmath.calculus.differentiation
import time:     23535 |      23535 |                                                                                         mpmath.calculus.extrapolation
import time:     13392 |      13392 |                                                                                         mpmath.calculus.polynomials
import time:     18856 |     104822 |                                                                                       mpmath.calculus
import time:     17209 |     122030 |                                                                                     mpmath.calculus.quadrature
import time:     13181 |      13181 |                                                                                     mpmath.calculus.inverselaplace
import time:     15753 |      15753 |                                                                                     mpmath.calculus.optimization
import time:     12985 |      12985 |                                                                                     mpmath.calculus.odes
import time:     18524 |      18524 |                                                                                         mpmath.matrices.eigen
import time:     16763 |      16763 |                                                                                         mpmath.matrices.eigen_symmetric
import time:     17993 |      53279 |                                                                                       mpmath.matrices
import time:     21364 |      74643 |                                                                                     mpmath.matrices.matrices
import time:     45666 |      45666 |                                                                                     mpmath.matrices.calculus
import time:     16271 |      16271 |                                                                                     mpmath.matrices.linalg
import time:     10478 |      10478 |                                                                                     mpmath.identification
import time:      1804 |       1804 |                                                                                       colorsys
import time:      8878 |      10682 |                                                                                     mpmath.visualization
import time:     13690 |     737160 |                                                                                   mpmath.ctx_base
import time:      9531 |       9531 |                                                                                   mpmath.math2
import time:     10001 |      10001 |                                                                                   mpmath.function_docs
import time:      9584 |     766275 |                                                                                 mpmath.ctx_fp
import time:      8781 |       8781 |                                                                                   mpmath.rational
import time:     20516 |      20516 |                                                                                   mpmath.ctx_mp_python
import time:     14643 |      43940 |                                                                                 mpmath.ctx_mp
import time:      9957 |       9957 |                                                                                 mpmath.ctx_iv
import time:     14022 |     844813 |                                                                               mpmath
import time:     12890 |      12890 |                                                                               sympy.release
import time:     15003 |      15003 |                                                                                             sympy.utilities.enumerative
import time:     11469 |      11469 |                                                                                             sympy.utilities.misc
import time:     10051 |      10051 |                                                                                               sympy.utilities.exceptions
import time:     12281 |      22331 |                                                                                             sympy.utilities.decorator
import time:     30453 |      79254 |                                                                                           sympy.utilities.iterables
import time:     20466 |      20466 |                                                                                               sympy.external.importtools
import time:     15424 |      35889 |                                                                                             sympy.external
import time:     13420 |      49309 |                                                                                           sympy.utilities.lambdify
import time:     12020 |      12020 |                                                                                           sympy.utilities.timeutils
import time:     17609 |     158190 |                                                                                         sympy.utilities
import time:       299 |     158489 |                                                                                       sympy.utilities.iterables
import time:     10394 |     168882 |                                                                                     sympy.core.random
import time:     13466 |      13466 |                                                                                       sympy.core.cache
import time:     13112 |      26578 |                                                                                     sympy.core.parameters
import time:     11810 |      11810 |                                                                                           sympy.core.logic
import time:     12800 |      24609 |                                                                                         sympy.core.facts
import time:     75361 |      75361 |                                                                                         sympy.core.assumptions_generated
import time:     13208 |     113177 |                                                                                       sympy.core.assumptions
import time:      9214 |       9214 |                                                                                       sympy.core.sorting
import time:      9527 |       9527 |                                                                                                   sympy.multipledispatch.utils
import time:      9699 |      19226 |                                                                                                 sympy.multipledispatch.conflict
import time:     10319 |      29544 |                                                                                               sympy.multipledispatch.dispatcher
import time:     13350 |      42893 |                                                                                             sympy.multipledispatch.core
import time:     11378 |      54270 |                                                                                           sympy.multipledispatch
import time:       256 |      54526 |                                                                                         sympy.multipledispatch.dispatcher
import time:      8670 |      63195 |                                                                                       sympy.core.kind
import time:      9205 |       9205 |                                                                                       sympy.core._print_helpers
import time:      9725 |       9725 |                                                                                         sympy.core.core
import time:     11489 |      21214 |                                                                                       sympy.core.singleton
import time:     10520 |      10520 |                                                                                       sympy.core.traversal
import time:     18093 |     244615 |                                                                                     sympy.core.basic
import time:     19947 |     460021 |                                                                                   sympy.core.sympify
import time:      9917 |       9917 |                                                                                         sympy.external.pythonmpq
import time:     10806 |      10806 |                                                                                         sympy.external.ntheory
import time:      1211 |       1211 |                                                                                         flint
import time:      1386 |       1386 |                                                                                         gmpy2
import time:     11973 |      35291 |                                                                                       sympy.external.gmpy
import time:     18482 |      53773 |                                                                                     sympy.core.evalf
import time:     11580 |      11580 |                                                                                     sympy.core.decorators
import time:     10209 |      10209 |                                                                                     sympy.core.intfunc
import time:     10717 |      10717 |                                                                                       sympy.core.operations
import time:      9915 |       9915 |                                                                                         sympy.core.containers
import time:     14091 |      14091 |                                                                                             sympy.core.add
import time:      7841 |       7841 |                                                                                             sympy.core.rules
import time:     25235 |      25235 |                                                                                                   sympy.logic.boolalg
import time:      7866 |       7866 |                                                                                                   sympy.logic.inference
import time:     11457 |      44557 |                                                                                                 sympy.logic
import time:       259 |      44816 |                                                                                               sympy.logic.boolalg
import time:     11020 |      55835 |                                                                                             sympy.core.symbol
import time:     20899 |      98665 |                                                                                           sympy.core.function
import time:     12544 |      12544 |                                                                                           sympy.core.relational
import time:     16922 |     128130 |                                                                                         sympy.core.power
import time:     26806 |     164850 |                                                                                       sympy.core.numbers
import time:     16526 |     192092 |                                                                                     sympy.core.mul
import time:      8775 |       8775 |                                                                                         sympy.core.coreerrors
import time:     13196 |      21971 |                                                                                       sympy.core.exprtools
import time:      9464 |      31434 |                                                                                     sympy.core.mod
import time:     26395 |     325480 |                                                                                   sympy.core.expr
import time:      9123 |       9123 |                                                                                   sympy.core.multidimensional
import time:     20024 |     814647 |                                                                                 sympy.core
import time:       283 |     814929 |                                                                               sympy.core.cache
import time:     10081 |      10081 |                                                                                   sympy.utilities.source
import time:     15012 |      25093 |                                                                                 sympy.assumptions.assume
import time:      9883 |       9883 |                                                                                   sympy.assumptions.cnf
import time:     12151 |      12151 |                                                                                   sympy.assumptions.ask_generated
import time:     11104 |      33137 |                                                                                 sympy.assumptions.ask
import time:      8865 |       8865 |                                                                                 sympy.assumptions.refine
import time:     18163 |      18163 |                                                                                   sympy.assumptions.relation.binrel
import time:     15219 |      33382 |                                                                                 sympy.assumptions.relation
import time:     11940 |     112415 |                                                                               sympy.assumptions
import time:     11183 |      11183 |                                                                                     sympy.polys.polyerrors
import time:     16170 |      27352 |                                                                                   sympy.polys.polyoptions
import time:     17196 |      17196 |                                                                                         sympy.polys.domains.domainelement
import time:     13580 |      13580 |                                                                                         sympy.polys.orderings
import time:     15766 |      15766 |                                                                                           sympy.polys.domains.modularinteger
import time:     19204 |      34969 |                                                                                         sympy.polys.polyutils
import time:     24037 |      89781 |                                                                                       sympy.polys.domains.domain
import time:     27276 |      27276 |                                                                                           sympy.polys.domains.ring
import time:     18289 |      45565 |                                                                                         sympy.polys.domains.field
import time:     36468 |      36468 |                                                                                         sympy.polys.domains.simpledomain
import time:     14672 |      14672 |                                                                                           sympy.polys.polyconfig
import time:     25873 |      40544 |                                                                                         sympy.polys.galoistools
import time:     24233 |      24233 |                                                                                           sympy.polys.domains.pythonrational
import time:     24210 |      48443 |                                                                                         sympy.polys.domains.groundtypes
import time:     21485 |     192504 |                                                                                       sympy.polys.domains.finitefield
import time:     26865 |      26865 |                                                                                         sympy.polys.domains.characteristiczero
import time:     20136 |      47001 |                                                                                       sympy.polys.domains.integerring
import time:     26011 |      26011 |                                                                                       sympy.polys.domains.rationalfield
import time:     15592 |      15592 |                                                                                             sympy.polys.monomials
import time:     20600 |      36192 |                                                                                           sympy.polys.densebasic
import time:     19777 |      19777 |                                                                                           sympy.polys.densearith
import time:     27550 |      27550 |                                                                                           sympy.polys.densetools
import time:     28645 |      28645 |                                                                                           sympy.polys.euclidtools
import time:     38630 |      38630 |                                                                                           sympy.polys.sqfreetools
import time:     45448 |      45448 |                                                                                           sympy.polys.factortools
import time:     24892 |      24892 |                                                                                           sympy.polys.rootisolation
import time:     41368 |     262498 |                                                                                         sympy.polys.polyclasses
import time:     17057 |     279554 |                                                                                       sympy.polys.domains.algebraicfield
import time:     18659 |      18659 |                                                                                       sympy.polys.domains.gaussiandomains
import time:     21190 |      21190 |                                                                                         sympy.polys.domains.mpelements
import time:     27745 |      48935 |                                                                                       sympy.polys.domains.realfield
import time:     16820 |      16820 |                                                                                       sympy.polys.domains.complexfield
import time:     20883 |      20883 |                                                                                         sympy.polys.domains.compositedomain
import time:     17153 |      38036 |                                                                                       sympy.polys.domains.polynomialring
import time:     14981 |      14981 |                                                                                       sympy.polys.domains.fractionfield
import time:     20496 |      20496 |                                                                                       sympy.polys.domains.expressiondomain
import time:     17527 |      17527 |                                                                                       sympy.polys.domains.expressionrawdomain
import time:     16322 |      16322 |                                                                                         sympy.polys.domains.pythonintegerring
import time:     20019 |      36341 |                                                                                       sympy.polys.domains.pythonfinitefield
import time:     15017 |      15017 |                                                                                         sympy.polys.domains.gmpyintegerring
import time:     15445 |      30461 |                                                                                       sympy.polys.domains.gmpyfinitefield
import time:     17822 |      17822 |                                                                                       sympy.polys.domains.pythonrationalfield
import time:     15934 |      15934 |                                                                                       sympy.polys.domains.gmpyrationalfield
import time:     25318 |     936173 |                                                                                     sympy.polys.domains
import time:     14204 |     950377 |                                                                                   sympy.polys.constructor
import time:     14143 |      14143 |                                                                                   sympy.polys.fglmtools
import time:     16428 |      16428 |                                                                                   sympy.polys.groebnertools
import time:     11412 |      11412 |                                                                                   sympy.polys.rationaltools
import time:     43010 |    1062720 |                                                                                 sympy.polys.polytools
import time:     13407 |      13407 |                                                                                         sympy.ntheory.primetest
import time:     26119 |      39525 |                                                                                       sympy.ntheory.generate
import time:     12585 |      12585 |                                                                                         sympy.ntheory.digits
import time:     12707 |      12707 |                                                                                         sympy.ntheory.ecm
import time:     32025 |      57316 |                                                                                       sympy.ntheory.factor_
import time:     16938 |      16938 |                                                                                           sympy.ntheory.modular
import time:     20799 |      20799 |                                                                                           sympy.utilities.memoization
import time:     19396 |      57133 |                                                                                         sympy.ntheory.residue_ntheory
import time:     14193 |      71326 |                                                                                       sympy.ntheory.partitions_
import time:     23142 |      23142 |                                                                                       sympy.ntheory.multinomial
import time:     17951 |      17951 |                                                                                       sympy.ntheory.continued_fraction
import time:     18677 |      18677 |                                                                                       sympy.ntheory.egyptian_fraction
import time:     18122 |      18122 |                                                                                       sympy.ntheory.qs
import time:     22390 |     268445 |                                                                                     sympy.ntheory
import time:     23752 |      23752 |                                                                                       sympy.polys.compatibility
import time:     14943 |      14943 |                                                                                       sympy.polys.heuristicgcd
import time:     23252 |      23252 |                                                                                               sympy.printing.conventions
import time:     23009 |      23009 |                                                                                               sympy.printing.precedence
import time:     14127 |      14127 |                                                                                               sympy.printing.printer
import time:     18294 |      18294 |                                                                                               sympy.printing.str
import time:     10939 |      10939 |                                                                                                   sympy.core.alphabets
import time:     18062 |      29000 |                                                                                                 sympy.printing.pretty.pretty_symbology
import time:     13935 |      42934 |                                                                                               sympy.printing.pretty.stringpict
import time:     36824 |     158438 |                                                                                             sympy.printing.pretty.pretty
import time:     25242 |     183679 |                                                                                           sympy.printing.pretty
import time:     28677 |      28677 |                                                                                           sympy.printing.latex
import time:     19847 |      19847 |                                                                                           sympy.printing.mathml
import time:     10726 |      10726 |                                                                                             sympy.printing.repr
import time:     10331 |      21057 |                                                                                           sympy.printing.python
import time:     27028 |      27028 |                                                                                                       sympy.functions.combinatorial
import time:     29763 |      56790 |                                                                                                     sympy.functions.combinatorial.factorials
import time:     16294 |      16294 |                                                                                                         sympy.functions.elementary
import time:     19249 |      19249 |                                                                                                           sympy.functions.elementary.miscellaneous
import time:     17406 |      17406 |                                                                                                           sympy.functions.elementary.piecewise
import time:     26051 |      62705 |                                                                                                         sympy.functions.elementary.complexes
import time:     24714 |     103713 |                                                                                                       sympy.functions.elementary.exponential
import time:      8451 |       8451 |                                                                                                       sympy.polys.appellseqs
import time:     26307 |     138470 |                                                                                                     sympy.functions.combinatorial.numbers
import time:     13021 |      13021 |                                                                                                       sympy.functions.elementary.integers
import time:     11070 |      11070 |                                                                                                       sympy.functions.elementary._trigonometric_special
import time:     28929 |      53020 |                                                                                                     sympy.functions.elementary.trigonometric
import time:     22937 |      22937 |                                                                                                     sympy.functions.elementary.hyperbolic
import time:     15521 |      15521 |                                                                                                       sympy.functions.special
import time:     17088 |      17088 |                                                                                                       sympy.functions.special.hyper
import time:     34624 |      67232 |                                                                                                     sympy.functions.special.error_functions
import time:     14147 |      14147 |                                                                                                       sympy.functions.special.zeta_functions
import time:     22756 |      36903 |                                                                                                     sympy.functions.special.gamma_functions
import time:     62630 |      62630 |                                                                                                     sympy.functions.special.tensor_functions
import time:     27268 |      27268 |                                                                                                           sympy.polys.polyquinticconst
import time:     21410 |      48678 |                                                                                                         sympy.polys.polyroots
import time:     31303 |      79980 |                                                                                                       sympy.functions.special.delta_functions
import time:    120319 |     200299 |                                                                                                     sympy.functions.special.singularity_functions
import time:     38379 |      38379 |                                                                                                           sympy.sets.sets
import time:     16094 |      16094 |                                                                                                           sympy.sets.fancysets
import time:      8989 |       8989 |                                                                                                           sympy.sets.contains
import time:     13799 |      13799 |                                                                                                           sympy.sets.conditionset
import time:     11976 |      11976 |                                                                                                           sympy.sets.ordinals
import time:     25495 |      25495 |                                                                                                           sympy.sets.powerset
import time:     32914 |      32914 |                                                                                                             sympy.sets.handlers
import time:     26728 |      59642 |                                                                                                           sympy.sets.handlers.comparison
import time:     16125 |     190496 |                                                                                                         sympy.sets
import time:       296 |     190791 |                                                                                                       sympy.sets.sets
import time:     15157 |     205948 |                                                                                                     sympy.functions.special.bsplines
import time:     19243 |      19243 |                                                                                                       sympy.polys.orthopolys
import time:     32553 |      51796 |                                                                                                     sympy.functions.special.bessel
import time:     24551 |      24551 |                                                                                                     sympy.functions.special.polynomials
import time:     21114 |      21114 |                                                                                                     sympy.functions.special.spherical_harmonics
import time:     31061 |      31061 |                                                                                                     sympy.functions.special.elliptic_integrals
import time:     22696 |      22696 |                                                                                                     sympy.functions.special.beta_functions
import time:     32866 |      32866 |                                                                                                     sympy.functions.special.mathieu_functions
import time:     36322 |    1064626 |                                                                                                   sympy.functions
import time:      1285 |    1065911 |                                                                                                 sympy.functions.elementary
import time:       773 |    1066684 |                                                                                               sympy.functions.elementary.complexes
import time:     14610 |    1081293 |                                                                                             sympy.printing.codeprinter
import time:     15236 |    1096528 |                                                                                           sympy.printing.pycode
import time:     22029 |      22029 |                                                                                             sympy.assumptions.relation.equality
import time:     17485 |      39514 |                                                                                           sympy.printing.smtlib
import time:     19767 |      19767 |                                                                                           sympy.printing.glsl
import time:     21262 |      21262 |                                                                                           sympy.printing.rcode
import time:     15228 |      15228 |                                                                                           sympy.printing.jscode
import time:     16228 |      16228 |                                                                                           sympy.printing.julia
import time:     14954 |      14954 |                                                                                           sympy.printing.mathematica
import time:     11552 |      11552 |                                                                                           sympy.printing.octave
import time:     13111 |      13111 |                                                                                           sympy.printing.rust
import time:     28698 |      28698 |                                                                                             sympy.utilities.mathml
import time:     10505 |      39202 |                                                                                           sympy.printing.gtk
import time:     15141 |      15141 |                                                                                           sympy.printing.preview
import time:     15871 |      15871 |                                                                                           sympy.printing.tree
import time:     16382 |      16382 |                                                                                           sympy.printing.tableform
import time:     17802 |      17802 |                                                                                           sympy.printing.dot
import time:     18672 |      18672 |                                                                                           sympy.printing.maple
import time:     33201 |    1657665 |                                                                                         sympy.printing
import time:     19022 |    1676686 |                                                                                       sympy.printing.defaults
import time:     15794 |      15794 |                                                                                       sympy.utilities.magic
import time:     32329 |    1763502 |                                                                                     sympy.polys.rings
import time:     17545 |    2049491 |                                                                                   sympy.polys.specialpolys
import time:     16461 |    2065952 |                                                                                 sympy.polys.polyfuncs
import time:     23138 |      23138 |                                                                                     sympy.polys.ring_series
import time:     26911 |      26911 |                                                                                     sympy.polys.rootoftools
import time:     30507 |      80554 |                                                                                   sympy.polys.numberfields.minpoly
import time:     21536 |      21536 |                                                                                   sympy.polys.numberfields.subfield
import time:     20622 |      20622 |                                                                                           sympy.polys.matrices.exceptions
import time:     22361 |      22361 |                                                                                           sympy.polys.matrices.domainscalar
import time:     14631 |      14631 |                                                                                               sympy.polys.matrices._typing
import time:     20901 |      35531 |                                                                                             sympy.polys.matrices.dense
import time:     15256 |      15256 |                                                                                             sympy.polys.matrices.lll
import time:     22183 |      22183 |                                                                                             sympy.polys.matrices.sdm
import time:     17080 |      17080 |                                                                                             sympy.polys.matrices.dfm
import time:     21719 |     111767 |                                                                                           sympy.polys.matrices.ddm
import time:     36283 |      36283 |                                                                                           sympy.polys.matrices.rref
import time:     41636 |     232666 |                                                                                         sympy.polys.matrices.domainmatrix
import time:     22822 |     255488 |                                                                                       sympy.polys.matrices
import time:       444 |     255932 |                                                                                     sympy.polys.matrices.exceptions
import time:     23417 |      23417 |                                                                                       sympy.printing.numpy
import time:     20593 |      44009 |                                                                                     sympy.printing.lambdarepr
import time:     18190 |     318130 |                                                                                   sympy.polys.numberfields.utilities
import time:     17765 |      17765 |                                                                                       sympy.polys.matrices.normalforms
import time:     14679 |      14679 |                                                                                       sympy.polys.numberfields.exceptions
import time:     25290 |      57733 |                                                                                     sympy.polys.numberfields.modules
import time:     22391 |      80124 |                                                                                   sympy.polys.numberfields.basis
import time:     18797 |      18797 |                                                                                   sympy.polys.numberfields.primes
import time:     18312 |      18312 |                                                                                     sympy.polys.numberfields.galois_resolvents
import time:     17161 |      35473 |                                                                                   sympy.polys.numberfields.galoisgroups
import time:     29119 |     583731 |                                                                                 sympy.polys.numberfields
import time:     40276 |      40276 |                                                                                     sympy.matrices.exceptions
import time:     19400 |      19400 |                                                                                     sympy.matrices.kind
import time:     14031 |      14031 |                                                                                         sympy.matrices.utilities
import time:     21750 |      21750 |                                                                                         sympy.matrices.determinant
import time:     21539 |      57319 |                                                                                       sympy.matrices.decompositions
import time:     19107 |      19107 |                                                                                             sympy.tensor.indexed
import time:     11079 |      11079 |                                                                                             sympy.tensor.index_methods
import time:     14943 |      14943 |                                                                                             sympy.tensor.functions
import time:     12029 |      12029 |                                                                                                   sympy.tensor.array.ndim_array
import time:     11894 |      23922 |                                                                                                 sympy.tensor.array.mutable_ndim_array
import time:     24614 |      48535 |                                                                                               sympy.tensor.array.dense_ndim_array
import time:     12468 |      12468 |                                                                                               sympy.tensor.array.sparse_ndim_array
import time:     12797 |      12797 |                                                                                               sympy.tensor.array.arrayop
import time:     11077 |      11077 |                                                                                               sympy.tensor.array.array_comprehension
import time:     21770 |     106646 |                                                                                             sympy.tensor.array
import time:     31559 |     183331 |                                                                                           sympy.tensor
import time:       388 |     183719 |                                                                                         sympy.tensor.array
import time:     11841 |      11841 |                                                                                         sympy.matrices.reductions
import time:     11229 |      11229 |                                                                                                       sympy.polys.agca.ideals
import time:     11729 |      22957 |                                                                                                     sympy.polys.agca.modules
import time:     13910 |      36867 |                                                                                                   sympy.polys.agca.homomorphisms
import time:     15074 |      51940 |                                                                                                 sympy.polys.agca
import time:      9071 |      61010 |                                                                                               sympy.polys.agca.extensions
import time:     15084 |      76094 |                                                                                             sympy.polys.matrices.eigen
import time:     15258 |      91351 |                                                                                           sympy.matrices.eigen
import time:     13281 |     104632 |                                                                                         sympy.matrices.solvers
import time:      7501 |       7501 |                                                                                         sympy.matrices.inverse
import time:      6334 |       6334 |                                                                                         sympy.matrices.subspaces
import time:      7386 |       7386 |                                                                                         sympy.matrices.graph
import time:     60530 |     381940 |                                                                                       sympy.matrices.matrixbase
import time:      8249 |       8249 |                                                                                       sympy.matrices.repmatrix
import time:     28268 |     475774 |                                                                                     sympy.matrices.dense
import time:      8099 |       8099 |                                                                                     sympy.matrices.sparse
import time:      6542 |       6542 |                                                                                     sympy.matrices.sparsetools
import time:      6709 |       6709 |                                                                                                   sympy.strategies.util
import time:     11106 |      17815 |                                                                                                 sympy.strategies.rl
import time:      6000 |       6000 |                                                                                                   sympy.strategies.core
import time:      7218 |      13218 |                                                                                                 sympy.strategies.traverse
import time:      6322 |       6322 |                                                                                                 sympy.strategies.tools
import time:     11530 |      11530 |                                                                                                     sympy.strategies.branch.core
import time:     14758 |      26287 |                                                                                                   sympy.strategies.branch.traverse
import time:      8641 |       8641 |                                                                                                   sympy.strategies.branch.tools
import time:     11012 |      45938 |                                                                                                 sympy.strategies.branch
import time:     12867 |      96158 |                                                                                               sympy.strategies
import time:      7962 |       7962 |                                                                                               sympy.matrices.expressions._shape
import time:     10511 |      10511 |                                                                                                   sympy.matrices.expressions.special
import time:      9455 |      19965 |                                                                                                 sympy.matrices.expressions.matpow
import time:      8312 |      28277 |                                                                                               sympy.matrices.expressions.inverse
import time:      8214 |       8214 |                                                                                               sympy.matrices.expressions.transpose
import time:      9387 |       9387 |                                                                                               sympy.matrices.expressions.permutation
import time:     12244 |     162239 |                                                                                             sympy.matrices.expressions.matmul
import time:      9554 |       9554 |                                                                                             sympy.matrices.expressions.matadd
import time:      8329 |       8329 |                                                                                             sympy.matrices.expressions.determinant
import time:     14059 |     194180 |                                                                                           sympy.matrices.expressions.matexpr
import time:     14231 |     208411 |                                                                                         sympy.matrices.expressions.slice
import time:      7529 |       7529 |                                                                                           sympy.matrices.expressions.trace
import time:      9154 |      16682 |                                                                                         sympy.matrices.expressions.blockmatrix
import time:     14613 |      14613 |                                                                                         sympy.matrices.expressions.companion
import time:      8034 |       8034 |                                                                                         sympy.matrices.expressions.funcmatrix
import time:     12063 |      12063 |                                                                                         sympy.matrices.expressions.adjoint
import time:     11010 |      11010 |                                                                                         sympy.matrices.expressions.hadamard
import time:     11411 |      11411 |                                                                                         sympy.matrices.expressions.diagonal
import time:      9490 |       9490 |                                                                                         sympy.matrices.expressions.dotproduct
import time:     11366 |      11366 |                                                                                         sympy.matrices.expressions.kronecker
import time:      8990 |       8990 |                                                                                         sympy.matrices.expressions.sets
import time:     15528 |     327594 |                                                                                       sympy.matrices.expressions
import time:      8494 |     336088 |                                                                                     sympy.matrices.immutable
import time:     18319 |     904495 |                                                                                   sympy.matrices
import time:     17634 |     922128 |                                                                                 sympy.polys.partfrac
import time:      9029 |       9029 |                                                                                 sympy.polys.fields
import time:     16096 |    4659652 |                                                                               sympy.polys
import time:     13684 |      13684 |                                                                                 sympy.series.order
import time:     12602 |      12602 |                                                                                       sympy.calculus.euler
import time:      6296 |       6296 |                                                                                       sympy.calculus.singularities
import time:      6092 |       6092 |                                                                                       sympy.calculus.finite_diff
import time:      6796 |       6796 |                                                                                         sympy.calculus.accumulationbounds
import time:      8070 |      14866 |                                                                                       sympy.calculus.util
import time:     14824 |      54679 |                                                                                     sympy.calculus
import time:       118 |      54796 |                                                                                   sympy.calculus.accumulationbounds
import time:      7248 |       7248 |                                                                                   sympy.series.gruntz
import time:      6851 |      68894 |                                                                                 sympy.series.limits
import time:     21897 |      21897 |                                                                                 sympy.series.series
import time:      4463 |       4463 |                                                                                 sympy.series.approximants
import time:     18861 |      18861 |                                                                                 sympy.series.residues
import time:     17400 |      17400 |                                                                                 sympy.series.sequences
import time:      6888 |       6888 |                                                                                   sympy.series.series_class
import time:      8339 |      15226 |                                                                                 sympy.series.fourier
import time:     24778 |      24778 |                                                                                       sympy.discrete.transforms
import time:      8798 |       8798 |                                                                                       sympy.discrete.convolutions
import time:      9689 |      43265 |                                                                                     sympy.discrete
import time:       157 |      43422 |                                                                                   sympy.discrete.convolutions
import time:     11844 |      55265 |                                                                                 sympy.series.formal
import time:     15728 |      15728 |                                                                                 sympy.series.limitseq
import time:     13500 |     244914 |                                                                               sympy.series
import time:      7675 |       7675 |                                                                                     sympy.concrete.expr_with_limits
import time:      7251 |      14926 |                                                                                   sympy.concrete.expr_with_intlimits
import time:     10744 |      10744 |                                                                                     sympy.concrete.gosper
import time:      8772 |       8772 |                                                                                           sympy.integrals.rationaltools
import time:      5235 |       5235 |                                                                                           sympy.integrals.deltafunctions
import time:     28016 |      28016 |                                                                                           sympy.integrals.meijerint
import time:     16609 |      16609 |                                                                                           sympy.integrals.trigonometry
import time:     16694 |      75324 |                                                                                         sympy.integrals.integrals
import time:      9522 |       9522 |                                                                                                 sympy.polys.domainmatrix
import time:     12111 |      21633 |                                                                                               sympy.polys.solvers
import time:     12209 |      33841 |                                                                                             sympy.polys.matrices.linsolve
import time:     20941 |      54781 |                                                                                           sympy.integrals.laplace
import time:     13620 |      68401 |                                                                                         sympy.integrals.transforms
import time:      6162 |       6162 |                                                                                         sympy.integrals.singularityfunctions
import time:      7964 |     157850 |                                                                                       sympy.integrals
import time:       181 |     158031 |                                                                                     sympy.integrals.integrals
import time:     10477 |     179251 |                                                                                   sympy.concrete.summations
import time:     10075 |     204251 |                                                                                 sympy.concrete.products
import time:      6980 |     211231 |                                                                               sympy.concrete
import time:      8117 |       8117 |                                                                                     sympy.simplify.gammasimp
import time:      7934 |      16051 |                                                                                   sympy.simplify.combsimp
import time:      7696 |       7696 |                                                                                   sympy.simplify.cse_opts
import time:      9634 |       9634 |                                                                                     sympy.simplify.powsimp
import time:     18592 |      28225 |                                                                                   sympy.simplify.hyperexpand
import time:      9757 |       9757 |                                                                                     sympy.simplify.sqrtdenest
import time:     11029 |      20785 |                                                                                   sympy.simplify.radsimp
import time:     65423 |      65423 |                                                                                     sympy.simplify.cse_main
import time:     52932 |      52932 |                                                                                     sympy.strategies.tree
import time:     19242 |     137596 |                                                                                   sympy.simplify.trigsimp
import time:     19703 |     230053 |                                                                                 sympy.simplify.simplify
import time:     13633 |      13633 |                                                                                 sympy.simplify.fu
import time:      5908 |       5908 |                                                                                 sympy.simplify.epathtools
import time:      5673 |       5673 |                                                                                 sympy.simplify.ratsimp
import time:     10106 |     265371 |                                                                               sympy.simplify
import time:     29185 |      29185 |                                                                                   sympy.solvers.polysys
import time:      9150 |       9150 |                                                                                   sympy.solvers.bivariate
import time:     22378 |      60712 |                                                                                 sympy.solvers.solvers
import time:     17380 |      17380 |                                                                                     sympy.solvers.solveset
import time:     26908 |      44287 |                                                                                   sympy.solvers.diophantine.diophantine
import time:     15413 |      59700 |                                                                                 sympy.solvers.diophantine
import time:      9722 |       9722 |                                                                                 sympy.solvers.recurr
import time:      5516 |       5516 |                                                                                     sympy.solvers.deutils
import time:     10797 |      10797 |                                                                                       sympy.solvers.ode.riccati
import time:     10124 |      10124 |                                                                                       sympy.solvers.ode.hypergeometric
import time:     11950 |      11950 |                                                                                         sympy.solvers.ode.subscheck
import time:     11380 |      23330 |                                                                                       sympy.solvers.ode.nonhomogeneous
import time:      9388 |       9388 |                                                                                         sympy.solvers.pde
import time:     13056 |      22444 |                                                                                       sympy.solvers.ode.lie_group
import time:     24013 |      90707 |                                                                                     sympy.solvers.ode.single
import time:     26717 |     122939 |                                                                                   sympy.solvers.ode.ode
import time:     17231 |      17231 |                                                                                   sympy.solvers.ode.systems
import time:     11172 |     151341 |                                                                                 sympy.solvers.ode
import time:      9783 |       9783 |                                                                                 sympy.solvers.inequalities
import time:      8380 |       8380 |                                                                                 sympy.solvers.decompogen
import time:     10675 |      10675 |                                                                                 sympy.solvers.simplex
import time:      8814 |     319124 |                                                                               sympy.solvers
import time:      7382 |       7382 |                                                                                   sympy.geometry.exceptions
import time:     13899 |      13899 |                                                                                     sympy.sets.handlers.intersection
import time:     10451 |      10451 |                                                                                     sympy.sets.handlers.union
import time:      9792 |      34142 |                                                                                   sympy.geometry.entity
import time:     13793 |      55316 |                                                                                 sympy.geometry.point
import time:      6415 |       6415 |                                                                                   sympy.geometry.util
import time:     11987 |      18402 |                                                                                 sympy.geometry.line
import time:      8984 |       8984 |                                                                                 sympy.geometry.plane
import time:     22002 |      22002 |                                                                                   sympy.geometry.polygon
import time:      9967 |      31969 |                                                                                 sympy.geometry.ellipse
import time:     18313 |      18313 |                                                                                 sympy.geometry.curve
import time:      5024 |       5024 |                                                                                 sympy.geometry.parabola
import time:     10699 |     148703 |                                                                               sympy.geometry
import time:     16916 |      16916 |                                                                                 sympy.parsing.sympy_parser
import time:      7185 |      24101 |                                                                               sympy.parsing
import time:     11113 |      11113 |                                                                                 sympy.algebras.quaternion
import time:      6870 |      17982 |                                                                               sympy.algebras
import time:      8245 |       8245 |                                                                                     sympy.plotting.backends
import time:      8434 |       8434 |                                                                                       sympy.plotting.utils
import time:      6994 |       6994 |                                                                                           sympy.plotting.intervalmath.interval_membership
import time:     13006 |      20000 |                                                                                         sympy.plotting.intervalmath.interval_arithmetic
import time:      6791 |       6791 |                                                                                         sympy.plotting.intervalmath.lib_interval
import time:      8374 |      35164 |                                                                                       sympy.plotting.intervalmath
import time:     16668 |      60265 |                                                                                     sympy.plotting.series
import time:     27943 |      96452 |                                                                                   sympy.plotting.backends.base_backend
import time:     13612 |      13612 |                                                                                     sympy.plotting.backends.matplotlibbackend.matplotlib
import time:     15603 |      29214 |                                                                                   sympy.plotting.backends.matplotlibbackend
import time:      8200 |       8200 |                                                                                       sympy.plotting.textplot
import time:     17027 |      25226 |                                                                                     sympy.plotting.backends.textbackend.text
import time:     17991 |      43217 |                                                                                   sympy.plotting.backends.textbackend
import time:      5201 |       5201 |                                                                                   sympy.plotting.plotgrid
import time:     31459 |     205541 |                                                                                 sympy.plotting.plot
import time:      5810 |       5810 |                                                                                 sympy.plotting.plot_implicit
import time:      8636 |       8636 |                                                                                 sympy.plotting.pygletplot
import time:      7502 |     227487 |                                                                               sympy.plotting
import time:     13533 |      13533 |                                                                                 sympy.interactive.printing
import time:      9713 |       9713 |                                                                                 sympy.interactive.session
import time:      6203 |       6203 |                                                                                 sympy.interactive.traversal
import time:     16300 |      45747 |                                                                               sympy.interactive
import time:     15315 |    7964667 |                                                                             sympy
import time:      9174 |       9174 |                                                                             torch.utils._sympy.numbers
import time:     20749 |    8006087 |                                                                           torch.utils._sympy.functions
import time:      9189 |       9189 |                                                                           torch.utils._sympy.printers
import time:      7360 |       7360 |                                                                           torch.utils._sympy.singleton_int
import time:      8686 |       8686 |                                                                           torch.utils._sympy.solve
import time:      9742 |       9742 |                                                                           torch.utils._sympy.symbol
import time:      8735 |       8735 |                                                                             torch.utils._sympy.interp
import time:     14704 |      23438 |                                                                           torch.utils._sympy.value_ranges
import time:     53183 |    8155477 |                                                                         torch.fx.experimental.symbolic_shapes
import time:      8018 |       8018 |                                                                         torch._dynamo.metrics_context
import time:      4927 |       4927 |                                                                         torch.utils._triton
import time:      7202 |       7202 |                                                                               torch._numpy._casting_dicts
import time:      5691 |      12893 |                                                                             torch._numpy._dtypes_impl
import time:      5298 |       5298 |                                                                             torch._numpy._util
import time:      6684 |       6684 |                                                                               torch._numpy._dtypes
import time:      6348 |      13032 |                                                                             torch._numpy._normalizations
import time:      9567 |      40788 |                                                                           torch._numpy.fft
import time:      5849 |       5849 |                                                                           torch._numpy.linalg
import time:      5386 |       5386 |                                                                           torch._numpy.random
import time:     12886 |      12886 |                                                                             torch._numpy._funcs_impl
import time:      6004 |       6004 |                                                                             torch._numpy._reductions_impl
import time:      6084 |      24973 |                                                                           torch._numpy._funcs
import time:      3384 |       3384 |                                                                           torch._numpy._getlimits
import time:      3505 |       3505 |                                                                               torch._numpy._binary_ufuncs_impl
import time:      3418 |       3418 |                                                                               torch._numpy._unary_ufuncs_impl
import time:      5525 |      12446 |                                                                             torch._numpy._ufuncs
import time:      6652 |      19098 |                                                                           torch._numpy._ndarray
import time:      7638 |     107112 |                                                                         torch._numpy
import time:      7476 |       7476 |                                                                                         triton.backends.driver
import time:      7797 |       7797 |                                                                                         triton.backends.compiler
import time:      4290 |       4290 |                                                                                           triton._C
import time:    228410 |     232699 |                                                                                         triton._C.libtriton
import time:     14863 |      14863 |                                                                                                     jaraco
import time:     11728 |      11728 |                                                                                                         more_itertools.recipes
import time:     23430 |      35157 |                                                                                                       more_itertools.more
import time:     12333 |      47490 |                                                                                                     more_itertools
import time:     21053 |      83404 |                                                                                                   jaraco.functools
import time:     25958 |      25958 |                                                                                                     distutils.compat
import time:     13361 |      39319 |                                                                                                   distutils.compat.py39
import time:      6643 |       6643 |                                                                                                         distutils.compilers
import time:     11244 |      17887 |                                                                                                       distutils.compilers.C
import time:     11133 |      29019 |                                                                                                     distutils.compilers.C.errors
import time:      4977 |      33996 |                                                                                                   distutils.errors
import time:     10361 |     167079 |                                                                                                 distutils._modified
import time:      4620 |       4620 |                                                                                                   distutils._log
import time:      6708 |       6708 |                                                                                                     distutils.file_util
import time:      5279 |      11987 |                                                                                                   distutils.dir_util
import time:      4046 |       4046 |                                                                                                     distutils.debug
import time:      4808 |       8853 |                                                                                                   distutils.spawn
import time:      7455 |      32914 |                                                                                                 distutils.archive_util
import time:      6858 |       6858 |                                                                                                 distutils.util
import time:      9165 |     216014 |                                                                                               distutils.cmd
import time:       965 |        965 |                                                                                                   getopt
import time:     10178 |      11142 |                                                                                                 distutils.fancy_getopt
import time:      9010 |      20152 |                                                                                               distutils.dist
import time:      5468 |       5468 |                                                                                               distutils.extension
import time:     39566 |     281198 |                                                                                             _distutils_hack.override
import time:      6142 |       6142 |                                                                                                 distutils.filelist
import time:      8043 |      14185 |                                                                                               setuptools.monkey
import time:     13118 |      13118 |                                                                                               distutils.log
import time:      6472 |      33774 |                                                                                             setuptools.logging
import time:      5082 |       5082 |                                                                                               setuptools._imp
import time:      6745 |      11827 |                                                                                             setuptools.depends
import time:      6420 |       6420 |                                                                                               setuptools._path
import time:      5962 |      12381 |                                                                                             setuptools.discovery
import time:     28389 |      28389 |                                                                                                     backports
import time:     26401 |      26401 |                                                                                                         backports.tarfile.compat
import time:     18821 |      45221 |                                                                                                       backports.tarfile.compat.py38
import time:     32984 |      78204 |                                                                                                     backports.tarfile
import time:      8227 |     114819 |                                                                                                   jaraco.context
import time:     23359 |     138178 |                                                                                                 jaraco.text
import time:      4727 |       4727 |                                                                                                 setuptools._importlib
import time:      4164 |       4164 |                                                                                                 setuptools._itertools
import time:      5282 |       5282 |                                                                                                 setuptools.errors
import time:      4585 |     156934 |                                                                                               setuptools._entry_points
import time:      3630 |       3630 |                                                                                               setuptools._reqs
import time:      3777 |       3777 |                                                                                                 setuptools.warnings
import time:      3700 |       7477 |                                                                                               setuptools._static
import time:      8108 |       8108 |                                                                                                   distutils.command
import time:     11411 |      19519 |                                                                                                 distutils.command.bdist
import time:      8017 |      27535 |                                                                                               setuptools.command
import time:     10563 |      10563 |                                                                                                   packaging.licenses._spdx
import time:      7827 |      18389 |                                                                                                 packaging.licenses
import time:      4003 |      22392 |                                                                                               setuptools._normalization
import time:      2100 |       2100 |                                                                                                     configparser
import time:      7488 |       9587 |                                                                                                   setuptools.config.expand
import time:      9147 |      18734 |                                                                                                 setuptools.config.setupcfg
import time:      7404 |      26138 |                                                                                               setuptools.config
import time:      2418 |       2418 |                                                                                                     email._header_value_parser
import time:       763 |       3181 |                                                                                                   email.headerregistry
import time:      4077 |       4077 |                                                                                                   setuptools.extension
import time:      8228 |      15485 |                                                                                                 setuptools.config._apply_pyprojecttoml
import time:      7852 |      23336 |                                                                                               setuptools.config.pyprojecttoml
import time:      8931 |     276369 |                                                                                             setuptools.dist
import time:      6187 |       6187 |                                                                                             setuptools.version
import time:      5347 |       5347 |                                                                                             setuptools._core_metadata
import time:     13661 |     640740 |                                                                                           setuptools
import time:      4784 |     645523 |                                                                                         triton.runtime.build
import time:      4847 |       4847 |                                                                                         triton.runtime.cache
import time:     42208 |     940548 |                                                                                       triton.backends
import time:      5015 |     945563 |                                                                                     triton.runtime.driver
import time:     10383 |     955945 |                                                                                   triton.runtime.jit
import time:      3411 |       3411 |                                                                                     triton.errors
import time:      3709 |       7120 |                                                                                   triton.runtime.errors
import time:      8683 |     971747 |                                                                                 triton.runtime.autotuner
import time:     10832 |     982579 |                                                                               triton.runtime
import time:      5717 |       5717 |                                                                                     triton.tools
import time:      5391 |      11108 |                                                                                   triton.tools.disasm
import time:     15243 |      15243 |                                                                                           triton.language.semantic
import time:      7011 |       7011 |                                                                                           triton.language._utils
import time:     26184 |      48437 |                                                                                         triton.language.core
import time:     16579 |      65015 |                                                                                       triton.language.math
import time:     30396 |      30396 |                                                                                           triton.language.extra.cuda.libdevice
import time:      8428 |       8428 |                                                                                           triton.language.extra.cuda.utils
import time:      9805 |       9805 |                                                                                           triton.language.extra.cuda._experimental_tma
import time:     14199 |      62827 |                                                                                         triton.language.extra.cuda
import time:     16662 |      16662 |                                                                                           triton.language.extra.hip.libdevice
import time:     17200 |      33861 |                                                                                         triton.language.extra.hip
import time:     65187 |     161874 |                                                                                       triton.language.extra
import time:    126046 |     126046 |                                                                                       triton.language.standard
import time:     38524 |      38524 |                                                                                       triton.language.random
import time:      8053 |     399511 |                                                                                     triton.language
import time:      3451 |       3451 |                                                                                     triton.compiler.errors
import time:     11723 |     414684 |                                                                                   triton.compiler.code_generator
import time:      7943 |     433734 |                                                                                 triton.compiler.compiler
import time:      4239 |     437972 |                                                                               triton.compiler
import time:      4763 |       4763 |                                                                               triton.testing
import time:      9126 |    1434439 |                                                                             triton
import time:       174 |    1434613 |                                                                           triton.compiler
import time:       145 |    1434758 |                                                                         triton.compiler.compiler
import time:     37289 |    9826491 |                                                                       torch._dynamo.utils
import time:     11406 |    9837896 |                                                                     torch._dynamo.exc
import time:      4022 |       4022 |                                                                     torch._dynamo.logging
import time:      6927 |       6927 |                                                                       torch._inductor.test_operators
import time:      6783 |       6783 |                                                                           torch._dynamo.bytecode_analysis
import time:     12445 |      19228 |                                                                         torch._dynamo.bytecode_transformation
import time:      7462 |      26689 |                                                                       torch._dynamo.resume_execution
import time:     21170 |      21170 |                                                                           torch._dynamo.current_scope_id
import time:      8147 |       8147 |                                                                             torch.utils._device
import time:     23351 |      23351 |                                                                             torch._dynamo.source
import time:      6202 |       6202 |                                                                             torch._dynamo.mutation_guard
import time:      9047 |       9047 |                                                                                 torch._functorch._aot_autograd.functional_utils
import time:     10904 |      10904 |                                                                                   torch.testing._internal
import time:     12550 |      23453 |                                                                                 torch.testing._internal.logging_tensor
import time:     10525 |      43025 |                                                                               torch.utils.checkpoint
import time:      5061 |       5061 |                                                                               torch._dynamo.external_utils
import time:      8623 |       8623 |                                                                                 torch._dynamo.backends
import time:     11277 |      19900 |                                                                               torch._dynamo.backends.registry
import time:      4282 |       4282 |                                                                               torch._dynamo.code_context
import time:     15007 |      15007 |                                                                                 torch._dynamo.types
import time:      5793 |      20800 |                                                                               torch._dynamo.hooks
import time:     14605 |     107669 |                                                                             torch._dynamo.eval_frame
import time:     18737 |     164105 |                                                                           torch._dynamo.guards
import time:     10463 |     195737 |                                                                         torch._dynamo.variables.base
import time:      7529 |       7529 |                                                                           torch._dynamo.replay_record
import time:     10527 |      10527 |                                                                           torch._dynamo.variables.constant
import time:      8504 |       8504 |                                                                             torch._dynamo.device_interface
import time:     11558 |      11558 |                                                                               torch._dynamo.polyfills
import time:      5232 |       5232 |                                                                                       torch.distributed._composable_state
import time:      9766 |       9766 |                                                                                         torch.distributed.algorithms._checkpoint
import time:     10470 |      20235 |                                                                                       torch.distributed.algorithms._checkpoint.checkpoint_wrapper
import time:     12000 |      12000 |                                                                                       torch.distributed.fsdp.api
import time:      8424 |      45890 |                                                                                     torch.distributed.fsdp._common_utils
import time:      8436 |       8436 |                                                                                       torch.testing._internal.distributed
import time:      8538 |      16974 |                                                                                     torch.testing._internal.distributed.fake_pg
import time:      6253 |       6253 |                                                                                                   torch.distributed._shard.common_op_utils
import time:      8127 |      14380 |                                                                                                 torch.distributed._shard.op_registry_utils
import time:      9864 |       9864 |                                                                                                     torch.distributed._shard.metadata
import time:     13420 |      13420 |                                                                                                       torch.distributed._shard.sharded_tensor.metadata
import time:     11163 |      11163 |                                                                                                       torch.distributed._shard.sharding_spec._internals
import time:     20525 |      45106 |                                                                                                     torch.distributed._shard.sharding_spec.api
import time:      9094 |       9094 |                                                                                                       torch.distributed._shard._utils
import time:     10468 |      10468 |                                                                                                       torch.distributed._shard.sharded_tensor.shard
import time:     10805 |      10805 |                                                                                                       torch.distributed._shard.sharded_tensor.utils
import time:     19043 |      49408 |                                                                                                     torch.distributed._shard.sharding_spec.chunk_sharding_spec
import time:     10399 |     114777 |                                                                                                   torch.distributed._shard.sharding_spec
import time:     13476 |      13476 |                                                                                                         torch.distributed.nn.functional
import time:     13558 |      13558 |                                                                                                           torch.distributed.nn.api
import time:     19855 |      19855 |                                                                                                           torch.distributed.nn.jit
import time:     16436 |      16436 |                                                                                                               torch.distributed.nn.jit.templates
import time:     16504 |      32939 |                                                                                                             torch.distributed.nn.jit.templates.remote_module_template
import time:     16433 |      49372 |                                                                                                           torch.distributed.nn.jit.instantiator
import time:     32023 |     114806 |                                                                                                         torch.distributed.nn.api.remote_module
import time:     10309 |     138590 |                                                                                                       torch.distributed.nn
import time:       159 |     138748 |                                                                                                     torch.distributed.nn.functional
import time:      9861 |     148609 |                                                                                                   torch.distributed._shard.sharded_tensor.reshard
import time:     14835 |     278220 |                                                                                                 torch.distributed._shard.sharded_tensor.api
import time:     17132 |      17132 |                                                                                                   torch.distributed._shard.sharded_tensor._ops.misc_ops
import time:      9513 |       9513 |                                                                                                     torch.distributed._shard.sharded_tensor._ops._common
import time:     11887 |      21399 |                                                                                                   torch.distributed._shard.sharded_tensor._ops.tensor_ops
import time:     16644 |      16644 |                                                                                                     torch.distributed._shard.sharding_spec.chunk_sharding_spec_ops
import time:     10088 |      10088 |                                                                                                     torch.distributed._shard.sharding_spec.chunk_sharding_spec_ops._common
import time:     17528 |      44260 |                                                                                                   torch.distributed._shard.sharding_spec.chunk_sharding_spec_ops.embedding
import time:     11219 |      11219 |                                                                                                   torch.distributed._shard.sharding_spec.chunk_sharding_spec_ops.embedding_bag
import time:      9922 |       9922 |                                                                                                   torch.distributed._shard.sharded_tensor._ops.binary_cmp
import time:      9664 |       9664 |                                                                                                   torch.distributed._shard.sharded_tensor._ops.init
import time:     23029 |     136622 |                                                                                                 torch.distributed._shard.sharded_tensor._ops
import time:     11091 |     440311 |                                                                                               torch.distributed._shard.sharded_tensor
import time:      6232 |       6232 |                                                                                               torch.distributed._shard.sharder
import time:     12847 |      12847 |                                                                                                 torch.distributed._shard.sharding_plan.api
import time:      8796 |      21643 |                                                                                               torch.distributed._shard.sharding_plan
import time:     14567 |     482751 |                                                                                             torch.distributed._shard.api
import time:      9443 |     492193 |                                                                                           torch.distributed._shard
import time:       317 |     492510 |                                                                                         torch.distributed._shard.sharded_tensor
import time:       196 |     492706 |                                                                                       torch.distributed._shard.sharded_tensor.api
import time:      8590 |       8590 |                                                                                                     torch.distributed._functional_collectives_impl
import time:      2789 |       2789 |                                                                                                       optree
import time:     11718 |      14506 |                                                                                                     torch.utils._cxx_pytree
import time:     25557 |      48652 |                                                                                                   torch.distributed._functional_collectives
import time:   4800191 |    4800191 |                                                                                                   torch.distributed.tensor._collective_utils
import time:     17733 |    4866575 |                                                                                                 torch.distributed.tensor.placement_types
import time:      9173 |    4875748 |                                                                                               torch.distributed.tensor._dtensor_spec
import time:      1509 |       1509 |                                                                                                   optree
import time:      5923 |       7432 |                                                                                                 torch.utils._cxx_pytree
import time:     11529 |      18960 |                                                                                               torch.distributed.tensor._op_schema
import time:      9068 |       9068 |                                                                                                     torch.distributed.tensor._random
import time:      8657 |       8657 |                                                                                                       torch.distributed.tensor.device_mesh
import time:     10141 |      18798 |                                                                                                     torch.distributed.tensor._redistribute
import time:      7293 |       7293 |                                                                                                       torch.distributed.tensor._utils
import time:     10084 |      17376 |                                                                                                     torch.distributed.tensor._sharding_prop
import time:      7561 |       7561 |                                                                                                     torch.distributed.tensor._tp_conv
import time:      1390 |       1390 |                                                                                                       optree
import time:      7174 |       8563 |                                                                                                     torch.utils._cxx_pytree
import time:      9973 |      71336 |                                                                                                   torch.distributed.tensor._dispatch
import time:     12040 |      83375 |                                                                                                 torch.distributed.tensor._api
import time:     14422 |      97796 |                                                                                               torch.distributed.tensor._ops.utils
import time:     14014 |    5006516 |                                                                                             torch.distributed.tensor._ops._conv_ops
import time:      9052 |       9052 |                                                                                             torch.distributed.tensor._ops._embedding_ops
import time:      5651 |       5651 |                                                                                             torch.distributed.tensor._ops._experimental_ops
import time:     11750 |      11750 |                                                                                             torch.distributed.tensor._ops._math_ops
import time:     13854 |      13854 |                                                                                               torch.distributed.tensor._ops._einsum_strategy
import time:      7054 |      20907 |                                                                                             torch.distributed.tensor._ops._matrix_ops
import time:     12456 |      12456 |                                                                                             torch.distributed.tensor._ops._pointwise_ops
import time:     12234 |      12234 |                                                                                             torch.distributed.tensor._ops._random_ops
import time:      9282 |       9282 |                                                                                               torch.distributed.tensor._ops._common_rules
import time:     12528 |      21809 |                                                                                             torch.distributed.tensor._ops._tensor_ops
import time:     12238 |      12238 |                                                                                             torch.distributed.tensor._ops._view_ops
import time:     17542 |    5130151 |                                                                                           torch.distributed.tensor._ops
import time:     11710 |    5141861 |                                                                                         torch.distributed.tensor
import time:      9877 |    5151737 |                                                                                       torch.distributed.fsdp._shard_utils
import time:      5619 |    5650061 |                                                                                     torch.distributed.fsdp._fsdp_extensions
import time:     18652 |    5731575 |                                                                                   torch.distributed.fsdp._flat_param
import time:     13254 |      13254 |                                                                                     torch.distributed.fsdp._fully_shard._fsdp_api
import time:      5026 |       5026 |                                                                                           torch.distributed._composable.contract
import time:      8935 |      13961 |                                                                                         torch.distributed._composable.checkpoint_activation
import time:      6243 |       6243 |                                                                                         torch.distributed._composable.replicate
import time:      9193 |      29396 |                                                                                       torch.distributed._composable
import time:      7790 |       7790 |                                                                                       torch.distributed.fsdp._fully_shard._fsdp_common
import time:     14986 |      14986 |                                                                                               torch.distributed.fsdp._fully_shard._fsdp_param
import time:     13378 |      28364 |                                                                                             torch.distributed.fsdp._fully_shard._fsdp_collectives
import time:     12153 |      40516 |                                                                                           torch.distributed.fsdp._fully_shard._fsdp_param_group
import time:      7919 |      48435 |                                                                                         torch.distributed.fsdp._fully_shard._fsdp_state
import time:     10821 |      59255 |                                                                                       torch.distributed.fsdp._fully_shard._fsdp_init
import time:     10616 |     107056 |                                                                                     torch.distributed.fsdp._fully_shard._fully_shard
import time:     12183 |     132491 |                                                                                   torch.distributed.fsdp._fully_shard
import time:      6364 |       6364 |                                                                                     torch.distributed.fsdp._traversal_utils
import time:     10839 |      10839 |                                                                                       torch.distributed.algorithms._comm_hooks.default_hooks
import time:      9506 |      20344 |                                                                                     torch.distributed.algorithms._comm_hooks
import time:      4171 |       4171 |                                                                                     torch.distributed.fsdp._dynamo_utils
import time:      5589 |       5589 |                                                                                       torch.distributed.fsdp._exec_order_utils
import time:     10494 |      10494 |                                                                                       torch.distributed.fsdp._limiter_utils
import time:      6278 |       6278 |                                                                                       torch.distributed.fsdp.wrap
import time:      7155 |       7155 |                                                                                             torch.distributed.tensor.parallel._utils
import time:     24314 |      24314 |                                                                                             torch.distributed.tensor.parallel.style
import time:     11183 |      42652 |                                                                                           torch.distributed.tensor.parallel.api
import time:      8876 |       8876 |                                                                                           torch.distributed.tensor.parallel.loss
import time:     10250 |      61777 |                                                                                         torch.distributed.tensor.parallel
import time:      7705 |       7705 |                                                                                         torch.distributed.tensor.parallel._data_parallel_utils
import time:      7452 |      76933 |                                                                                       torch.distributed.tensor.parallel.fsdp
import time:      2763 |       2763 |                                                                                       torchdistx
import time:     10937 |     112991 |                                                                                     torch.distributed.fsdp._init_utils
import time:      9673 |       9673 |                                                                                     torch.distributed.fsdp._runtime_utils
import time:     34600 |      34600 |                                                                                     torch.distributed.fsdp._wrap_utils
import time:      6713 |       6713 |                                                                                       torch.distributed._state_dict_utils
import time:      5436 |       5436 |                                                                                       torch.distributed.fsdp._debug_utils
import time:     13850 |      25999 |                                                                                     torch.distributed.fsdp._optim_utils
import time:      6840 |       6840 |                                                                                       torch.distributed.fsdp._unshard_param_utils
import time:     13096 |      19936 |                                                                                     torch.distributed.fsdp._state_dict_utils
import time:     21727 |     255801 |                                                                                   torch.distributed.fsdp.fully_sharded_data_parallel
import time:      9607 |    6129473 |                                                                                 torch.distributed.fsdp
import time:       171 |    6129643 |                                                                               torch.distributed.fsdp._fully_shard
import time:     12609 |      12609 |                                                                               torch._higher_order_ops.triton_kernel_wrap
import time:     14360 |    6168169 |                                                                             torch._dynamo.variables.functions
import time:      5725 |       5725 |                                                                               torch._dynamo.create_parameter_op
import time:      8151 |       8151 |                                                                               torch._dynamo.variables.dicts
import time:      1067 |       1067 |                                                                                 optree
import time:      6386 |       7452 |                                                                               torch.utils._cxx_pytree
import time:     12165 |      33492 |                                                                             torch._dynamo.variables.user_defined
import time:     11992 |    6222155 |                                                                           torch._dynamo.variables.ctx_manager
import time:      7741 |       7741 |                                                                             torch._dynamo.variables.iter
import time:      9374 |      17115 |                                                                           torch._dynamo.variables.lists
import time:      8573 |       8573 |                                                                             torch._dynamo.compiled_autograd
import time:    312409 |     312409 |                                                                             torch._dynamo._trace_wrapped_higher_order_op
import time:      9631 |     330612 |                                                                           torch._dynamo.variables.tensor
import time:     85341 |    6673276 |                                                                         torch._dynamo.variables.builtin
import time:      5726 |       5726 |                                                                         torch._dynamo.variables.distributed
import time:      7914 |       7914 |                                                                           torch._dynamo.variables.lazy
import time:     20884 |      28797 |                                                                         torch._dynamo.variables.higher_order_ops
import time:     12195 |      12195 |                                                                           torch._dynamo.variables.nn_module
import time:     32067 |      44261 |                                                                         torch._dynamo.variables.misc
import time:      7676 |       7676 |                                                                         torch._dynamo.variables.optimizer
import time:      7463 |       7463 |                                                                         torch._dynamo.variables.sdpa
import time:     80069 |      80069 |                                                                             torch._dynamo.variables.torch_function
import time:      9688 |      89756 |                                                                           torch._dynamo.codegen
import time:     14247 |     104002 |                                                                         torch._dynamo.variables.torch
import time:     12844 |    7079779 |                                                                       torch._dynamo.variables
import time:     64945 |    7178338 |                                                                     torch._dynamo.trace_rules
import time:      5825 |       5825 |                                                                     torch._dynamo.funcname_cache
import time:      4874 |       4874 |                                                                         torch._dynamo.graph_region_tracker
import time:      4954 |       9828 |                                                                       torch._dynamo.graph_deduplication
import time:      8521 |       8521 |                                                                       torch._dynamo.side_effects
import time:     34269 |      34269 |                                                                           torch.compiler.config
import time:      8361 |      42630 |                                                                         torch._dynamo.pgo
import time:      4362 |       4362 |                                                                         torch._dynamo.variables.script_object
import time:     16166 |      63157 |                                                                       torch._dynamo.variables.builder
import time:     15356 |      96861 |                                                                     torch._dynamo.output_graph
import time:     33598 |   17156538 |                                                                   torch._dynamo.symbolic_convert
import time:      3988 |       3988 |                                                                   torch._dynamo.cache_size
import time:     24952 |   17247103 |                                                                 torch._dynamo.convert_frame
import time:      4212 |       4212 |                                                                 torch._dynamo.callback
import time:      4872 |       4872 |                                                                   torch._dynamo.comptime
import time:      7201 |      12073 |                                                                 torch._dynamo.decorators
import time:      5678 |       5678 |                                                                   torch._functorch.make_functional
import time:      6743 |       6743 |                                                                     torch._decomp.decompositions_for_rng
import time:      6297 |       6297 |                                                                             torch._inductor.runtime
import time:     12121 |      18418 |                                                                           torch._inductor.runtime.hints
import time:      7783 |       7783 |                                                                           torch.fx.passes.graph_transform_observer
import time:      4853 |       4853 |                                                                             torch._inductor.runtime.cache_dir_utils
import time:     21550 |      21550 |                                                                                   colorama.ansi
import time:      1711 |       1711 |                                                                                     msvcrt
import time:      4330 |       4330 |                                                                                     colorama.win32
import time:      4506 |      10545 |                                                                                   colorama.winterm
import time:      5523 |      37617 |                                                                                 colorama.ansitowin32
import time:     22217 |      59834 |                                                                               colorama.initialise
import time:     17922 |      77755 |                                                                             colorama
import time:     12293 |      94900 |                                                                           torch._inductor.runtime.runtime_utils
import time:     17116 |     138216 |                                                                         torch._inductor.utils
import time:      7280 |     145495 |                                                                       torch._inductor.cudagraph_utils
import time:      1510 |       1510 |                                                                           redis
import time:      5574 |       7083 |                                                                         torch._inductor.remote_cache
import time:      7017 |      14099 |                                                                       torch._inductor.runtime.autotune_cache
import time:     30730 |     190323 |                                                                     torch._inductor.output_code
import time:      1279 |       1279 |                                                                         shlex
import time:      4254 |       4254 |                                                                         torch._inductor.exc
import time:      4840 |       4840 |                                                                         torch._inductor.metrics
import time:      6635 |       6635 |                                                                           torch._inductor.codegen
import time:     11398 |      18032 |                                                                         torch._inductor.codegen.cuda
import time:     10214 |      10214 |                                                                         torch._inductor.codegen.cuda.cuda_env
import time:     10021 |      10021 |                                                                           torch._inductor.codegen.rocm
import time:     11918 |      21939 |                                                                         torch._inductor.codegen.rocm.compile_command
import time:      5660 |       5660 |                                                                         torch._inductor.triton_bundler
import time:      6339 |       6339 |                                                                           torch._inductor.cpu_vec_isa
import time:     10305 |      16643 |                                                                         torch._inductor.cpp_builder
import time:      5784 |       5784 |                                                                         torch._inductor.runtime.compile_tasks
import time:     22894 |     111534 |                                                                       torch._inductor.codecache
import time:     11914 |      11914 |                                                                           torch._functorch._aot_autograd.schemas
import time:      5623 |       5623 |                                                                           torch._functorch._aot_autograd.subclass_utils
import time:      7108 |      24645 |                                                                         torch._functorch._aot_autograd.collect_metadata_analysis
import time:      8280 |       8280 |                                                                         torch._functorch._aot_autograd.input_output_analysis
import time:      5120 |       5120 |                                                                         torch._functorch._aot_autograd.logging_utils
import time:      7243 |       7243 |                                                                         torch._functorch._aot_autograd.traced_function_transforms
import time:     17581 |      62866 |                                                                       torch._functorch._aot_autograd.runtime_wrappers
import time:      9617 |     184016 |                                                                     torch._functorch._aot_autograd.autograd_cache
import time:     13551 |      13551 |                                                                         torch.utils._sympy.reference
import time:     11734 |      25285 |                                                                       torch.fx.passes._tensorify_python_scalars
import time:      7316 |       7316 |                                                                       torch._functorch._aot_autograd.dispatch_and_compile_graph
import time:     16974 |      49574 |                                                                     torch._functorch._aot_autograd.jit_compile_runtime_wrappers
import time:     59895 |      59895 |                                                                       torch._inductor.inductor_prims
import time:      9145 |       9145 |                                                                         torch._functorch._activation_checkpointing
import time:     11593 |      20737 |                                                                       torch._functorch._activation_checkpointing.knapsack
import time:      5541 |       5541 |                                                                       torch._functorch.compile_utils
import time:     12687 |      98859 |                                                                     torch._functorch.partitioners
import time:     10027 |     539540 |                                                                   torch._functorch.aot_autograd
import time:    116668 |     661885 |                                                                 torch._dynamo.polyfills.loader
import time:      9611 |   17934882 |                                                               torch._dynamo
import time:       140 |   17935022 |                                                             torch._dynamo.utils
import time:      8301 |   17943322 |                                                           torchvision.ops.roi_align
import time:      7562 |   17950884 |                                                         torchvision.ops.poolers
import time:     10443 |      10443 |                                                         torchvision.ops.ps_roi_align
import time:      3737 |       3737 |                                                         torchvision.ops.ps_roi_pool
import time:      8598 |       8598 |                                                         torchvision.ops.roi_pool
import time:      5460 |       5460 |                                                         torchvision.ops.stochastic_depth
import time:     15804 |   20045770 |                                                       torchvision.ops
import time:       217 |   20045987 |                                                     torchvision.ops.misc
import time:     14633 |   20060619 |                                                   torchvision.models.convnext
import time:     25990 |      25990 |                                                   torchvision.models.densenet
import time:      9000 |       9000 |                                                   torchvision.models.efficientnet
import time:      4984 |       4984 |                                                   torchvision.models.googlenet
import time:      6384 |       6384 |                                                   torchvision.models.inception
import time:      8907 |       8907 |                                                   torchvision.models.mnasnet
import time:      5117 |       5117 |                                                     torchvision.models.mobilenetv2
import time:      4897 |       4897 |                                                     torchvision.models.mobilenetv3
import time:      5715 |      15727 |                                                   torchvision.models.mobilenet
import time:     12466 |      12466 |                                                   torchvision.models.regnet
import time:      9548 |       9548 |                                                   torchvision.models.resnet
import time:      6697 |       6697 |                                                   torchvision.models.shufflenetv2
import time:      7537 |       7537 |                                                   torchvision.models.squeezenet
import time:      7734 |       7734 |                                                   torchvision.models.vgg
import time:      8107 |       8107 |                                                   torchvision.models.vision_transformer
import time:      9106 |       9106 |                                                   torchvision.models.swin_transformer
import time:      8713 |       8713 |                                                   torchvision.models.maxvit
import time:      8187 |       8187 |                                                       torchvision.models.detection._utils
import time:      5106 |       5106 |                                                         torchvision.models.detection.image_list
import time:      8044 |      13149 |                                                       torchvision.models.detection.anchor_utils
import time:      5564 |       5564 |                                                       torchvision.models.detection.backbone_utils
import time:      5863 |       5863 |                                                       torchvision.models.detection.generalized_rcnn
import time:      8240 |       8240 |                                                       torchvision.models.detection.roi_heads
import time:      6457 |       6457 |                                                       torchvision.models.detection.rpn
import time:      5460 |       5460 |                                                       torchvision.models.detection.transform
import time:     13761 |      66677 |                                                     torchvision.models.detection.faster_rcnn
import time:      6423 |       6423 |                                                     torchvision.models.detection.fcos
import time:      8411 |       8411 |                                                     torchvision.models.detection.keypoint_rcnn
import time:      5178 |       5178 |                                                     torchvision.models.detection.mask_rcnn
import time:      8881 |       8881 |                                                     torchvision.models.detection.retinanet
import time:      6494 |       6494 |                                                     torchvision.models.detection.ssd
import time:      7785 |       7785 |                                                     torchvision.models.detection.ssdlite
import time:     10565 |     120410 |                                                   torchvision.models.detection
import time:      4828 |       4828 |                                                       torchvision.models.optical_flow._utils
import time:     33150 |      37978 |                                                     torchvision.models.optical_flow.raft
import time:      6459 |      44436 |                                                   torchvision.models.optical_flow
import time:      6478 |       6478 |                                                       torchvision.models.quantization.utils
import time:      8525 |      15003 |                                                     torchvision.models.quantization.googlenet
import time:      6617 |       6617 |                                                     torchvision.models.quantization.inception
import time:      7205 |       7205 |                                                       torchvision.models.quantization.mobilenetv2
import time:      6577 |       6577 |                                                       torchvision.models.quantization.mobilenetv3
import time:      6760 |      20541 |                                                     torchvision.models.quantization.mobilenet
import time:     11263 |      11263 |                                                     torchvision.models.quantization.resnet
import time:      5806 |       5806 |                                                     torchvision.models.quantization.shufflenetv2
import time:      7929 |      67157 |                                                   torchvision.models.quantization
import time:      6314 |       6314 |                                                       torchvision.models.segmentation._utils
import time:      8826 |       8826 |                                                       torchvision.models.segmentation.fcn
import time:     14733 |      29871 |                                                     torchvision.models.segmentation.deeplabv3
import time:      6727 |       6727 |                                                     torchvision.models.segmentation.lraspp
import time:     24765 |      61362 |                                                   torchvision.models.segmentation
import time:     14895 |      14895 |                                                     torchvision.models.video.mvit
import time:      8243 |       8243 |                                                     torchvision.models.video.resnet
import time:      8663 |       8663 |                                                     torchvision.models.video.s3d
import time:      7928 |       7928 |                                                     torchvision.models.video.swin_transformer
import time:     15156 |      54883 |                                                   torchvision.models.video
import time:     14645 |   20616053 |                                                 torchvision.models
import time:      4154 |       4154 |                                                 torchvision.version
import time:      3499 |       3499 |                                                   transformers.dependency_versions_table
import time:      6325 |       6325 |                                                       huggingface_hub
import time:      9007 |       9007 |                                                           urllib3.exceptions
import time:      6146 |       6146 |                                                                   urllib3.util.timeout
import time:     10484 |      16629 |                                                                 urllib3.util.connection
import time:      5021 |       5021 |                                                                   urllib3.util.util
import time:      1243 |       1243 |                                                                   brotlicffi
import time:      1187 |       1187 |                                                                   brotli
import time:      1404 |       1404 |                                                                   compression
import time:      3138 |       3138 |                                                                   zstandard
import time:     10585 |      22575 |                                                                 urllib3.util.request
import time:      4522 |       4522 |                                                                 urllib3.util.response
import time:      5947 |       5947 |                                                                 urllib3.util.retry
import time:     12949 |      12949 |                                                                   urllib3.util.url
import time:      5287 |       5287 |                                                                   urllib3.util.ssltransport
import time:      8057 |      26292 |                                                                 urllib3.util.ssl_
import time:      5270 |       5270 |                                                                 urllib3.util.wait
import time:     12831 |      94065 |                                                               urllib3.util
import time:       136 |      94200 |                                                             urllib3.util.connection
import time:      6759 |     100959 |                                                           urllib3._base_connection
import time:      5575 |       5575 |                                                           urllib3._collections
import time:      3123 |       3123 |                                                           urllib3._version
import time:      1451 |       1451 |                                                                     _winapi
import time:      1432 |       1432 |                                                                     winreg
import time:      1102 |       3984 |                                                                   mimetypes
import time:      5750 |       9733 |                                                                 urllib3.fields
import time:      4159 |      13892 |                                                               urllib3.filepost
import time:      1223 |       1223 |                                                                 brotlicffi
import time:       967 |        967 |                                                                 brotli
import time:      6063 |       6063 |                                                                   urllib3.http2
import time:      6976 |       6976 |                                                                   urllib3.http2.probe
import time:      5190 |       5190 |                                                                   urllib3.util.ssl_match_hostname
import time:      7937 |      26165 |                                                                 urllib3.connection
import time:      1805 |       1805 |                                                                 compression
import time:      1438 |       1438 |                                                                 zstandard
import time:      8472 |      40068 |                                                               urllib3.response
import time:      5844 |      59803 |                                                             urllib3._request_methods
import time:      4453 |       4453 |                                                             urllib3.util.proxy
import time:      7210 |      71464 |                                                           urllib3.connectionpool
import time:      6692 |       6692 |                                                           urllib3.poolmanager
import time:     12828 |     209645 |                                                         urllib3
import time:      5907 |       5907 |                                                                 charset_normalizer.constant
import time:      4141 |       4141 |                                                                   charset_normalizer.md__mypyc
import time:        56 |         56 |                                                                     _multibytecodec
import time:      3331 |       3386 |                                                                   charset_normalizer.utils
import time:      2401 |       9927 |                                                                 charset_normalizer.md
import time:      3411 |       3411 |                                                                 charset_normalizer.models
import time:      8568 |      27812 |                                                               charset_normalizer.cd
import time:     11413 |      39225 |                                                             charset_normalizer.api
import time:      2108 |       2108 |                                                             charset_normalizer.legacy
import time:      1850 |       1850 |                                                             charset_normalizer.version
import time:      2870 |       2870 |                                                             simplejson
import time:      2817 |       2817 |                                                             http.cookiejar
import time:      1015 |       1015 |                                                             http.cookies
import time:     13007 |      62888 |                                                           requests.compat
import time:      5807 |      68695 |                                                         requests.exceptions
import time:      1179 |       1179 |                                                         chardet
import time:      8244 |       8244 |                                                               idna.idnadata
import time:      5258 |       5258 |                                                               idna.intranges
import time:      7400 |      20900 |                                                             idna.core
import time:      2687 |       2687 |                                                             idna.package_data
import time:      6001 |      29588 |                                                           idna
import time:      4074 |      33662 |                                                         requests.packages
import time:      9952 |       9952 |                                                               certifi.core
import time:      4657 |      14609 |                                                             certifi
import time:      8181 |      22789 |                                                           requests.certs
import time:      3081 |       3081 |                                                           requests.__version__
import time:      9755 |       9755 |                                                           requests._internal_utils
import time:      6058 |       6058 |                                                           requests.cookies
import time:      9525 |       9525 |                                                           requests.structures
import time:      6827 |      58032 |                                                         requests.utils
import time:      5084 |       5084 |                                                               requests.auth
import time:       928 |        928 |                                                                   stringprep
import time:       873 |       1801 |                                                                 encodings.idna
import time:      5289 |       5289 |                                                                 requests.hooks
import time:      3775 |       3775 |                                                                 requests.status_codes
import time:     28792 |      39656 |                                                               requests.models
import time:      8844 |       8844 |                                                                 urllib3.contrib
import time:      1166 |       1166 |                                                                 socks
import time:      8549 |      18558 |                                                               urllib3.contrib.socks
import time:      5584 |      68880 |                                                             requests.adapters
import time:      5936 |      74815 |                                                           requests.sessions
import time:      3958 |      78772 |                                                         requests.api
import time:     49603 |     499585 |                                                       requests
import time:      3629 |       3629 |                                                         tqdm.autonotebook
import time:      3925 |       3925 |                                                         tqdm.asyncio
import time:      7568 |      15121 |                                                       tqdm.auto
import time:     10891 |      10891 |                                                         tqdm.contrib
import time:      7624 |      18514 |                                                       tqdm.contrib.concurrent
import time:      6134 |       6134 |                                                       huggingface_hub.constants
import time:      6081 |       6081 |                                                         huggingface_hub.errors
import time:      8935 |       8935 |                                                               huggingface_hub.utils.tqdm
import time:     85492 |      85492 |                                                                 huggingface_hub.utils._runtime
import time:      7058 |      92550 |                                                               huggingface_hub.utils._auth
import time:      6599 |       6599 |                                                               huggingface_hub.utils._cache_assets
import time:      8859 |       8859 |                                                                   huggingface_hub.commands
import time:     16646 |      25505 |                                                                 huggingface_hub.commands._cli_utils
import time:      7728 |       7728 |                                                                 huggingface_hub.utils.logging
import time:     11824 |      45056 |                                                               huggingface_hub.utils._cache_manager
import time:      6477 |       6477 |                                                               huggingface_hub.utils._chunk_utils
import time:      7407 |       7407 |                                                               huggingface_hub.utils._datetime
import time:      6724 |       6724 |                                                               huggingface_hub.utils._experimental
import time:     20004 |      20004 |                                                                     filelock._error
import time:      9009 |      29012 |                                                                   filelock._api
import time:      4052 |       4052 |                                                                     filelock._util
import time:      3600 |       7651 |                                                                   filelock._soft
import time:      4911 |       4911 |                                                                   filelock._unix
import time:      3678 |       3678 |                                                                   filelock._windows
import time:      4609 |       4609 |                                                                   filelock.asyncio
import time:      3162 |       3162 |                                                                   filelock.version
import time:      8197 |      61218 |                                                                 filelock
import time:      7842 |      69060 |                                                               huggingface_hub.utils._fixes
import time:      5224 |       5224 |                                                                 huggingface_hub.utils._subprocess
import time:      7490 |      12713 |                                                               huggingface_hub.utils._git_credential
import time:      4901 |       4901 |                                                                 huggingface_hub.utils._deprecation
import time:      6825 |       6825 |                                                                   huggingface_hub.utils._typing
import time:      4806 |      11630 |                                                                 huggingface_hub.utils._validators
import time:      6806 |      23336 |                                                               huggingface_hub.utils._headers
import time:      5272 |       5272 |                                                               huggingface_hub.utils._hf_folder
import time:      6136 |       6136 |                                                                 huggingface_hub.utils._lfs
import time:      6879 |      13015 |                                                               huggingface_hub.utils._http
import time:      4266 |       4266 |                                                               huggingface_hub.utils._pagination
import time:      5265 |       5265 |                                                               huggingface_hub.utils._paths
import time:     12053 |      12053 |                                                               huggingface_hub.utils._safetensors
import time:     20398 |      20398 |                                                               huggingface_hub.utils._telemetry
import time:      7851 |       7851 |                                                               huggingface_hub.utils._xet
import time:     13845 |     360812 |                                                             huggingface_hub.utils
import time:      6522 |     367334 |                                                           huggingface_hub._local_folder
import time:      4790 |       4790 |                                                             huggingface_hub.utils.insecure_hashlib
import time:      9455 |      14245 |                                                           huggingface_hub.utils.sha
import time:     11095 |     392673 |                                                         huggingface_hub.file_download
import time:     16166 |      16166 |                                                         huggingface_hub.lfs
import time:      8274 |     423192 |                                                       huggingface_hub._commit_api
import time:      5863 |       5863 |                                                       huggingface_hub._inference_endpoints
import time:      5133 |       5133 |                                                         huggingface_hub._space_api
import time:     19187 |      24320 |                                                       huggingface_hub._jobs_api
import time:      6733 |       6733 |                                                       huggingface_hub._upload_large_folder
import time:      7402 |       7402 |                                                       huggingface_hub.community
import time:      6241 |       6241 |                                                       huggingface_hub.repocard_data
import time:      4250 |       4250 |                                                       huggingface_hub.utils.endpoint_helpers
import time:      9732 |       9732 |                                                       transformers.utils.backbone_utils
import time:      5973 |       5973 |                                                           transformers.utils.logging
import time:    256513 |     262485 |                                                         transformers.utils.import_utils
import time:      6198 |       6198 |                                                           jinja2.bccache
import time:      5359 |       5359 |                                                               markupsafe._speedups
import time:     11352 |      16710 |                                                             markupsafe
import time:      8343 |       8343 |                                                               jinja2.utils
import time:     10774 |      19116 |                                                             jinja2.nodes
import time:      6227 |       6227 |                                                               jinja2.exceptions
import time:      8505 |       8505 |                                                                 jinja2.visitor
import time:      6517 |      15021 |                                                               jinja2.idtracking
import time:      4580 |       4580 |                                                               jinja2.optimizer
import time:     16888 |      42715 |                                                             jinja2.compiler
import time:      6186 |       6186 |                                                                 jinja2.async_utils
import time:     10615 |      10615 |                                                                 jinja2.runtime
import time:     11648 |      28447 |                                                               jinja2.filters
import time:      5383 |       5383 |                                                               jinja2.tests
import time:      5574 |      39404 |                                                             jinja2.defaults
import time:      9935 |       9935 |                                                               jinja2._identifier
import time:     10686 |      20621 |                                                             jinja2.lexer
import time:      9511 |       9511 |                                                             jinja2.parser
import time:     16127 |     164201 |                                                           jinja2.environment
import time:      7832 |       7832 |                                                           jinja2.loaders
import time:      7207 |     185437 |                                                         jinja2
import time:      7817 |       7817 |                                                         jinja2.ext
import time:      6386 |       6386 |                                                         jinja2.sandbox
import time:     10159 |     472281 |                                                       transformers.utils.chat_template_utils
import time:      5345 |       5345 |                                                       transformers.utils.constants
import time:      7650 |       7650 |                                                       transformers.utils.doc
import time:      8376 |       8376 |                                                       transformers.utils.generic
import time:     15728 |      15728 |                                                       transformers.utils.hub
import time:      6530 |       6530 |                                                       transformers.utils.peft_utils
import time:     56808 |    1606121 |                                                     transformers.utils
import time:      4972 |    1611092 |                                                   transformers.utils.versions
import time:     56683 |    1671273 |                                                 transformers.dependency_versions_check
import time:      5175 |       5175 |                                                 transformers.utils.dummy_sentencepiece_objects
import time:      7544 |       7544 |                                                 transformers.utils.dummy_sentencepiece_and_tokenizers_objects
import time:      5632 |       5632 |                                                 transformers.utils.dummy_tensorflow_text_objects
import time:      4772 |       4772 |                                                 transformers.utils.dummy_keras_nlp_objects
import time:     15476 |      15476 |                                                 transformers.utils.dummy_tf_objects
import time:      4503 |       4503 |                                                 transformers.utils.dummy_essentia_and_librosa_and_pretty_midi_and_scipy_and_torch_objects
import time:      4853 |       4853 |                                                 transformers.utils.dummy_torchaudio_objects
import time:      9005 |       9005 |                                                 transformers.utils.dummy_flax_objects
import time:    111238 |   23740464 |                                               torchmetrics.utilities.imports
import time:      8784 |       8784 |                                               torchmetrics.utilities.prints
import time:     12891 |   23769453 |                                             torchmetrics.utilities.data
import time:      4885 |       4885 |                                             torchmetrics.utilities.distributed
import time:     14424 |      14424 |                                                   matplotlib._api.deprecation
import time:     14530 |      28953 |                                                 matplotlib._api
import time:     15836 |      15836 |                                                 matplotlib._version
import time:      7097 |       7097 |                                                   matplotlib._c_internal_utils
import time:     11639 |      18736 |                                                 matplotlib.cbook
import time:      3432 |       3432 |                                                 matplotlib._docstring
import time:      4078 |       4078 |                                                       PIL.ImageChops
import time:      5467 |       5467 |                                                       PIL.ImageFile
import time:      3174 |       3174 |                                                       PIL.ImageSequence
import time:     13315 |      26032 |                                                     PIL.PngImagePlugin
import time:     11667 |      11667 |                                                     matplotlib._cm
import time:      2617 |       2617 |                                                           matplotlib._path
import time:      4603 |       4603 |                                                             matplotlib.bezier
import time:      5257 |       9859 |                                                           matplotlib.path
import time:     11950 |      24426 |                                                         matplotlib.transforms
import time:     13109 |      37535 |                                                       matplotlib.ticker
import time:      5877 |      43411 |                                                     matplotlib.scale
import time:      4333 |       4333 |                                                     matplotlib._color_data
import time:     13694 |      99136 |                                                   matplotlib.colors
import time:     15524 |      15524 |                                                       pyparsing.util
import time:      5069 |       5069 |                                                         pyparsing.unicode
import time:      9153 |      14221 |                                                       pyparsing.exceptions
import time:      6116 |       6116 |                                                         pyparsing.results
import time:      5697 |      11812 |                                                       pyparsing.actions
import time:    143712 |     143712 |                                                       pyparsing.core
import time:     11946 |      11946 |                                                       pyparsing.helpers
import time:      4575 |       4575 |                                                       pyparsing.testing
import time:      9640 |       9640 |                                                       pyparsing.common
import time:     12861 |     224288 |                                                     pyparsing
import time:      4317 |     228604 |                                                   matplotlib._fontconfig_pattern
import time:      3309 |       3309 |                                                   matplotlib._enums
import time:     13779 |      13779 |                                                   cycler
import time:      8309 |     353136 |                                                 matplotlib.rcsetup
import time:      5418 |       5418 |                                                 matplotlib.ft2font
import time:      6540 |       6540 |                                                 dateutil._version
import time:      3524 |       3524 |                                                   kiwisolver.exceptions
import time:      4910 |       8434 |                                                 kiwisolver._cext
import time:     15891 |      15891 |                                                   matplotlib._cm_listed
import time:      6958 |      22848 |                                                 matplotlib.cm
import time:     33924 |     497253 |                                               matplotlib
import time:      9994 |       9994 |                                                     matplotlib.artist
import time:      6495 |       6495 |                                                           matplotlib._mathtext_data
import time:      6350 |      12844 |                                                         matplotlib._afm
import time:      8972 |      21816 |                                                       matplotlib.font_manager
import time:      4538 |       4538 |                                                         matplotlib.hatch
import time:      6888 |       6888 |                                                           matplotlib.markers
import time:     12111 |      18999 |                                                         matplotlib.lines
import time:     30435 |      53971 |                                                       matplotlib.patches
import time:      4605 |       4605 |                                                         matplotlib._text_helpers
import time:      6484 |       6484 |                                                         matplotlib.dviread
import time:     17795 |      17795 |                                                           matplotlib._mathtext
import time:      4092 |      21886 |                                                         matplotlib.mathtext
import time:      3497 |       3497 |                                                         matplotlib.texmanager
import time:      5790 |      42260 |                                                       matplotlib.textpath
import time:     14151 |     132196 |                                                     matplotlib.text
import time:      2269 |       2269 |                                                       matplotlib._image
import time:      2699 |       2699 |                                                           matplotlib._pylab_helpers
import time:      6826 |       9525 |                                                         matplotlib.backend_tools
import time:      2910 |       2910 |                                                         matplotlib._tight_bbox
import time:     26462 |      26462 |                                                           matplotlib.collections
import time:     19830 |      46291 |                                                         matplotlib.widgets
import time:      9903 |       9903 |                                                         matplotlib.backend_managers
import time:      6391 |       6391 |                                                             matplotlib._layoutgrid
import time:      6941 |      13331 |                                                           matplotlib._constrained_layout
import time:      3660 |       3660 |                                                           matplotlib._tight_layout
import time:      4268 |      21258 |                                                         matplotlib.layout_engine
import time:     13100 |     102983 |                                                       matplotlib.backend_bases
import time:     12729 |     117980 |                                                     matplotlib.image
import time:     14607 |     274776 |                                                   matplotlib.offsetbox
import time:      4884 |       4884 |                                                     matplotlib.units
import time:     17351 |      22234 |                                                   matplotlib.axis
import time:      6243 |       6243 |                                                   matplotlib.gridspec
import time:      6265 |       6265 |                                                   matplotlib.spines
import time:     11794 |      11794 |                                                   matplotlib.table
import time:     24263 |     345572 |                                                 matplotlib.axes._base
import time:      6204 |       6204 |                                                         six
import time:      4983 |       4983 |                                                         dateutil._common
import time:        52 |         52 |                                                           six.moves
import time:      5943 |       5943 |                                                           dateutil.tz._common
import time:      5802 |       5802 |                                                           dateutil.tz._factories
import time:        34 |         34 |                                                             six.moves.winreg
import time:      5858 |       5891 |                                                           dateutil.tz.win
import time:     14838 |      32524 |                                                         dateutil.tz.tz
import time:     27094 |      70803 |                                                       dateutil.parser._parser
import time:      5787 |       5787 |                                                       dateutil.parser.isoparser
import time:      8882 |      85470 |                                                     dateutil.parser
import time:      3824 |      89294 |                                                   matplotlib.category
import time:     10216 |      10216 |                                                   matplotlib.contour
import time:      9266 |       9266 |                                                     dateutil.rrule
import time:     12256 |      21522 |                                                   matplotlib.dates
import time:      2271 |       2271 |                                                     matplotlib.container
import time:      6447 |       6447 |                                                     matplotlib.legend_handler
import time:      7909 |      16627 |                                                   matplotlib.legend
import time:      4899 |       4899 |                                                   matplotlib.mlab
import time:      9383 |       9383 |                                                   matplotlib.quiver
import time:      2997 |       2997 |                                                   matplotlib.stackplot
import time:      4653 |       4653 |                                                   matplotlib.streamplot
import time:      6551 |       6551 |                                                     matplotlib.tri._triangulation
import time:      7170 |       7170 |                                                     matplotlib.tri._tricontour
import time:      4416 |       4416 |                                                     matplotlib.tri._trifinder
import time:     30208 |      30208 |                                                       matplotlib.tri._tritools
import time:     10232 |      40439 |                                                     matplotlib.tri._triinterpolate
import time:      3587 |       3587 |                                                     matplotlib.tri._tripcolor
import time:      3903 |       3903 |                                                     matplotlib.tri._triplot
import time:      4911 |       4911 |                                                     matplotlib.tri._trirefine
import time:      6797 |      77771 |                                                   matplotlib.tri
import time:     18205 |      18205 |                                                   matplotlib.axes._secondary_axes
import time:     35090 |     290651 |                                                 matplotlib.axes._axes
import time:      5961 |     642183 |                                               matplotlib.axes
import time:      9222 |       9222 |                                                 matplotlib.colorbar
import time:     74160 |      74160 |                                                   matplotlib.style.core
import time:      7627 |      81786 |                                                 matplotlib.style
import time:      2902 |       2902 |                                                   matplotlib._blocking_input
import time:     12556 |      12556 |                                                     matplotlib.projections.geo
import time:     13795 |      13795 |                                                     matplotlib.projections.polar
import time:      5947 |       5947 |                                                       mpl_toolkits
import time:      7169 |       7169 |                                                           mpl_toolkits.mplot3d.proj3d
import time:     18108 |      25277 |                                                         mpl_toolkits.mplot3d.art3d
import time:     14587 |      14587 |                                                         mpl_toolkits.mplot3d.axis3d
import time:     24419 |      64282 |                                                       mpl_toolkits.mplot3d.axes3d
import time:     12310 |      82538 |                                                     mpl_toolkits.mplot3d
import time:      8666 |     117554 |                                                   matplotlib.projections
import time:     16210 |     136664 |                                                 matplotlib.figure
import time:     17604 |     245275 |                                               matplotlib.pyplot
import time:      8595 |    1393306 |                                             torchmetrics.utilities.plot
import time:      9341 |   25176983 |                                           torchmetrics.metric
import time:      6247 |       6247 |                                           torchmetrics.utilities.enums
import time:     12475 |   25195704 |                                         torchmetrics.utilities.checks
import time:     12740 |   25208443 |                                       torchmetrics.utilities
import time:     11777 |   25220220 |                                     torchmetrics.functional.audio.pit
import time:     10049 |      10049 |                                     torchmetrics.functional.audio.sdr
import time:      6266 |       6266 |                                     torchmetrics.functional.audio.snr
import time:     11871 |   25248404 |                                   torchmetrics.functional.audio
import time:      7343 |   25255746 |                                 torchmetrics.functional.audio._deprecated
import time:     22453 |      22453 |                                     torchmetrics.functional.classification.stat_scores
import time:     10421 |      10421 |                                     torchmetrics.utilities.compute
import time:     15851 |      48724 |                                   torchmetrics.functional.classification.accuracy
import time:     12989 |      12989 |                                     torchmetrics.functional.classification.precision_recall_curve
import time:     11358 |      11358 |                                     torchmetrics.functional.classification.roc
import time:     11669 |      36015 |                                   torchmetrics.functional.classification.auroc
import time:     10601 |      10601 |                                   torchmetrics.functional.classification.average_precision
import time:     14799 |      14799 |                                     torchmetrics.functional.classification.confusion_matrix
import time:     10265 |      25063 |                                   torchmetrics.functional.classification.calibration_error
import time:      9322 |       9322 |                                   torchmetrics.functional.classification.cohen_kappa
import time:      9892 |       9892 |                                   torchmetrics.functional.classification.dice
import time:      9841 |       9841 |                                   torchmetrics.functional.classification.exact_match
import time:      8982 |       8982 |                                   torchmetrics.functional.classification.f_beta
import time:      8708 |       8708 |                                   torchmetrics.functional.classification.group_fairness
import time:      8014 |       8014 |                                   torchmetrics.functional.classification.hamming
import time:      8789 |       8789 |                                   torchmetrics.functional.classification.hinge
import time:      8223 |       8223 |                                   torchmetrics.functional.classification.jaccard
import time:      8730 |       8730 |                                   torchmetrics.functional.classification.matthews_corrcoef
import time:     11573 |      11573 |                                     torchmetrics.functional.classification.recall_fixed_precision
import time:      9347 |      20920 |                                   torchmetrics.functional.classification.precision_fixed_recall
import time:     14238 |      14238 |                                   torchmetrics.functional.classification.precision_recall
import time:     12122 |      12122 |                                   torchmetrics.functional.classification.ranking
import time:      7713 |       7713 |                                   torchmetrics.functional.classification.specificity
import time:      6996 |       6996 |                                   torchmetrics.functional.classification.specificity_sensitivity
import time:     17432 |     280317 |                                 torchmetrics.functional.classification
import time:      7594 |       7594 |                                       torchmetrics.functional.detection._panoptic_quality_common
import time:     11722 |      19315 |                                     torchmetrics.functional.detection.panoptic_qualities
import time:      6239 |       6239 |                                     torchmetrics.functional.detection.giou
import time:      5265 |       5265 |                                     torchmetrics.functional.detection.iou
import time:     11815 |      11815 |                                     torchmetrics.functional.detection.ciou
import time:     10616 |      10616 |                                     torchmetrics.functional.detection.diou
import time:      9097 |      62345 |                                   torchmetrics.functional.detection
import time:      7366 |      69710 |                                 torchmetrics.functional.detection._deprecated
import time:      9013 |       9013 |                                         torchmetrics.functional.image.helper
import time:      5860 |      14872 |                                       torchmetrics.functional.image.uqi
import time:     11498 |      26369 |                                     torchmetrics.functional.image.d_lambda
import time:      6140 |       6140 |                                     torchmetrics.functional.image.ergas
import time:      8866 |       8866 |                                     torchmetrics.functional.image.gradients
import time:      7103 |       7103 |                                     torchmetrics.functional.image.lpips
import time:      7618 |       7618 |                                     torchmetrics.functional.image.perceptual_path_length
import time:      9876 |       9876 |                                     torchmetrics.functional.image.psnr
import time:      7587 |       7587 |                                     torchmetrics.functional.image.psnrb
import time:      6565 |       6565 |                                       torchmetrics.functional.image.rmse_sw
import time:      9315 |      15880 |                                     torchmetrics.functional.image.rase
import time:     10848 |      10848 |                                     torchmetrics.functional.image.sam
import time:      7977 |       7977 |                                     torchmetrics.functional.image.ssim
import time:      6532 |       6532 |                                     torchmetrics.functional.image.tv
import time:      5689 |       5689 |                                     torchmetrics.functional.image.vif
import time:     15580 |     136059 |                                   torchmetrics.functional.image
import time:      6378 |     142437 |                                 torchmetrics.functional.image._deprecated
import time:      8039 |       8039 |                                     torchmetrics.functional.nominal.utils
import time:     11460 |      19499 |                                   torchmetrics.functional.nominal.cramers
import time:      5143 |       5143 |                                   torchmetrics.functional.nominal.fleiss_kappa
import time:      6627 |       6627 |                                   torchmetrics.functional.nominal.pearson
import time:      5095 |       5095 |                                   torchmetrics.functional.nominal.theils_u
import time:      7711 |       7711 |                                   torchmetrics.functional.nominal.tschuprows
import time:     10320 |      54391 |                                 torchmetrics.functional.nominal
import time:      5690 |       5690 |                                     torchmetrics.functional.pairwise.helpers
import time:     10819 |      16508 |                                   torchmetrics.functional.pairwise.cosine
import time:      7446 |       7446 |                                   torchmetrics.functional.pairwise.euclidean
import time:      5463 |       5463 |                                   torchmetrics.functional.pairwise.linear
import time:      6633 |       6633 |                                   torchmetrics.functional.pairwise.manhattan
import time:      7110 |       7110 |                                   torchmetrics.functional.pairwise.minkowski
import time:      9639 |      52796 |                                 torchmetrics.functional.pairwise
import time:      8031 |       8031 |                                       torchmetrics.functional.regression.utils
import time:      7179 |      15210 |                                     torchmetrics.functional.regression.pearson
import time:     10291 |      25500 |                                   torchmetrics.functional.regression.concordance
import time:      5931 |       5931 |                                   torchmetrics.functional.regression.cosine_similarity
import time:      7568 |       7568 |                                   torchmetrics.functional.regression.explained_variance
import time:     11496 |      11496 |                                   torchmetrics.functional.regression.kendall
import time:      6976 |       6976 |                                   torchmetrics.functional.regression.kl_divergence
import time:      6339 |       6339 |                                   torchmetrics.functional.regression.log_cosh
import time:      6526 |       6526 |                                   torchmetrics.functional.regression.log_mse
import time:     34428 |      34428 |                                   torchmetrics.functional.regression.mae
import time:      6207 |       6207 |                                   torchmetrics.functional.regression.mape
import time:      8790 |       8790 |                                   torchmetrics.functional.regression.minkowski
import time:      6583 |       6583 |                                   torchmetrics.functional.regression.mse
import time:      8091 |       8091 |                                   torchmetrics.functional.regression.r2
import time:      5911 |       5911 |                                   torchmetrics.functional.regression.rse
import time:      8064 |       8064 |                                   torchmetrics.functional.regression.spearman
import time:      6202 |       6202 |                                   torchmetrics.functional.regression.symmetric_mape
import time:      6117 |       6117 |                                   torchmetrics.functional.regression.tweedie_deviance
import time:      8014 |       8014 |                                   torchmetrics.functional.regression.wmape
import time:     13905 |     182640 |                                 torchmetrics.functional.regression
import time:      9653 |       9653 |                                     torchmetrics.functional.retrieval.average_precision
import time:      5388 |       5388 |                                     torchmetrics.functional.retrieval.fall_out
import time:      6667 |       6667 |                                     torchmetrics.functional.retrieval.hit_rate
import time:      6243 |       6243 |                                     torchmetrics.functional.retrieval.ndcg
import time:      6448 |       6448 |                                     torchmetrics.functional.retrieval.precision
import time:      7214 |       7214 |                                     torchmetrics.functional.retrieval.precision_recall_curve
import time:      7566 |       7566 |                                     torchmetrics.functional.retrieval.r_precision
import time:      9142 |       9142 |                                     torchmetrics.functional.retrieval.recall
import time:      8546 |       8546 |                                     torchmetrics.functional.retrieval.reciprocal_rank
import time:      8627 |      75489 |                                   torchmetrics.functional.retrieval
import time:      8166 |      83655 |                                 torchmetrics.functional.retrieval._deprecated
import time:     26093 |      26093 |                                     torchmetrics.functional.text.bleu
import time:     11270 |      11270 |                                       torchmetrics.functional.text.helper
import time:     10744 |      22013 |                                     torchmetrics.functional.text.cer
import time:      9703 |       9703 |                                     torchmetrics.functional.text.chrf
import time:      8846 |       8846 |                                     torchmetrics.functional.text.edit
import time:     10726 |      10726 |                                     torchmetrics.functional.text.eed
import time:     10096 |      10096 |                                     torchmetrics.functional.text.mer
import time:     10113 |      10113 |                                     torchmetrics.functional.text.perplexity
import time:     15225 |      15225 |                                     torchmetrics.functional.text.rouge
import time:      8295 |       8295 |                                             regex._regex
import time:     37378 |      45673 |                                           regex._regex_core
import time:       257 |        257 |                                           regex.DEFAULT_VERSION
import time:     14002 |      59931 |                                         regex._main
import time:     11574 |      71505 |                                       regex
import time:     13917 |      85422 |                                     torchmetrics.functional.text.sacre_bleu
import time:     11065 |      11065 |                                     torchmetrics.functional.text.squad
import time:     12351 |      12351 |                                     torchmetrics.functional.text.ter
import time:      9387 |       9387 |                                     torchmetrics.functional.text.wer
import time:      8852 |       8852 |                                     torchmetrics.functional.text.wil
import time:      9479 |       9479 |                                     torchmetrics.functional.text.wip
import time:     10137 |      10137 |                                       torchmetrics.functional.text.helper_embedding_metric
import time:     48408 |      48408 |                                       transformers.models.albert
import time:     24304 |      24304 |                                       transformers.models.align
import time:     25018 |      25018 |                                       transformers.models.altclip
import time:     28235 |      28235 |                                       transformers.models.aria
import time:     43580 |      43580 |                                       transformers.models.audio_spectrogram_transformer
import time:     15423 |      15423 |                                       transformers.models.auto
import time:     17544 |      17544 |                                       transformers.models.autoformer
import time:     41535 |      41535 |                                       transformers.models.bamba
import time:     34464 |      34464 |                                       transformers.models.bark
import time:     45758 |      45758 |                                       transformers.models.bart
import time:     28668 |      28668 |                                       transformers.models.barthez
import time:     16591 |      16591 |                                       transformers.models.bartpho
import time:     28679 |      28679 |                                       transformers.models.beit
import time:     34284 |      34284 |                                       transformers.models.bert
import time:     24617 |      24617 |                                       transformers.models.bert_generation
import time:     17189 |      17189 |                                       transformers.models.bert_japanese
import time:     21782 |      21782 |                                       transformers.models.bertweet
import time:     35943 |      35943 |                                       transformers.models.big_bird
import time:     59883 |      59883 |                                       transformers.models.bigbird_pegasus
import time:     29764 |      29764 |                                       transformers.models.biogpt
import time:     28203 |      28203 |                                       transformers.models.bit
import time:     39169 |      39169 |                                       transformers.models.blenderbot
import time:     42033 |      42033 |                                       transformers.models.blenderbot_small
import time:     49736 |      49736 |                                       transformers.models.blip
import time:     26512 |      26512 |                                       transformers.models.blip_2
import time:     29256 |      29256 |                                       transformers.models.bloom
import time:     47926 |      47926 |                                       transformers.models.bridgetower
import time:     28005 |      28005 |                                       transformers.models.bros
import time:     17704 |      17704 |                                       transformers.models.byt5
import time:     31729 |      31729 |                                       transformers.models.camembert
import time:     26323 |      26323 |                                       transformers.models.canine
import time:     36634 |      36634 |                                       transformers.models.chameleon
import time:     37045 |      37045 |                                       transformers.models.chinese_clip
import time:     30792 |      30792 |                                       transformers.models.clap
import time:     69286 |      69286 |                                       transformers.models.clip
import time:     31260 |      31260 |                                       transformers.models.clipseg
import time:     31201 |      31201 |                                       transformers.models.clvp
import time:     26270 |      26270 |                                       transformers.models.code_llama
import time:     23767 |      23767 |                                       transformers.models.codegen
import time:     23945 |      23945 |                                       transformers.models.cohere
import time:     21853 |      21853 |                                       transformers.models.cohere2
import time:     60705 |      60705 |                                       transformers.models.colpali
import time:     58200 |      58200 |                                       transformers.models.conditional_detr
import time:     43919 |      43919 |                                       transformers.models.convbert
import time:     70380 |      70380 |                                       transformers.models.convnext
import time:     49879 |      49879 |                                       transformers.models.convnextv2
import time:     38821 |      38821 |                                       transformers.models.cpm
import time:     37824 |      37824 |                                       transformers.models.cpmant
import time:     63945 |      63945 |                                       transformers.models.ctrl
import time:     63772 |      63772 |                                       transformers.models.cvt
import time:     54194 |      54194 |                                       transformers.models.dab_detr
import time:     56315 |      56315 |                                       transformers.models.dac
import time:     92282 |      92282 |                                       transformers.models.data2vec
import time:     45842 |      45842 |                                       transformers.models.dbrx
import time:     45014 |      45014 |                                       transformers.models.deberta
import time:     42294 |      42294 |                                       transformers.models.deberta_v2
import time:     29873 |      29873 |                                       transformers.models.decision_transformer
import time:     52285 |      52285 |                                       transformers.models.deformable_detr
import time:     54752 |      54752 |                                       transformers.models.deit
import time:     13494 |      13494 |                                       transformers.models.deprecated
import time:     34934 |      34934 |                                       transformers.models.depth_anything
import time:     47850 |      47850 |                                       transformers.models.depth_pro
import time:     58867 |      58867 |                                       transformers.models.detr
import time:     14642 |      14642 |                                       transformers.models.dialogpt
import time:     43529 |      43529 |                                       transformers.models.diffllama
import time:     28482 |      28482 |                                       transformers.models.dinat
import time:     43188 |      43188 |                                       transformers.models.dinov2
import time:     29736 |      29736 |                                       transformers.models.dinov2_with_registers
import time:     51980 |      51980 |                                       transformers.models.distilbert
import time:     15598 |      15598 |                                       transformers.models.dit
import time:     42179 |      42179 |                                       transformers.models.donut
import time:     37817 |      37817 |                                       transformers.models.dpr
import time:     34436 |      34436 |                                       transformers.models.dpt
import time:     48539 |      48539 |                                       transformers.models.efficientnet
import time:     60315 |      60315 |                                       transformers.models.electra
import time:     62331 |      62331 |                                       transformers.models.emu3
import time:     34113 |      34113 |                                       transformers.models.encodec
import time:     38169 |      38169 |                                       transformers.models.encoder_decoder
import time:     37334 |      37334 |                                       transformers.models.ernie
import time:    105808 |     105808 |                                       transformers.models.esm
import time:     29227 |      29227 |                                       transformers.models.falcon
import time:     29301 |      29301 |                                       transformers.models.falcon_mamba
import time:     32692 |      32692 |                                       transformers.models.fastspeech2_conformer
import time:     25806 |      25806 |                                       transformers.models.flaubert
import time:     83430 |      83430 |                                       transformers.models.flava
import time:     60355 |      60355 |                                       transformers.models.fnet
import time:     26940 |      26940 |                                       transformers.models.focalnet
import time:     29957 |      29957 |                                       transformers.models.fsmt
import time:     66854 |      66854 |                                       transformers.models.funnel
import time:     42870 |      42870 |                                       transformers.models.fuyu
import time:     43775 |      43775 |                                       transformers.models.gemma
import time:     26518 |      26518 |                                       transformers.models.gemma2
import time:    170168 |     170168 |                                       transformers.models.git
import time:     34453 |      34453 |                                       transformers.models.glm
import time:    109201 |     109201 |                                       transformers.models.glpn
import time:     52190 |      52190 |                                       transformers.models.got_ocr2
import time:    173121 |     173121 |                                       transformers.models.gpt2
import time:     33357 |      33357 |                                       transformers.models.gpt_bigcode
import time:     50966 |      50966 |                                       transformers.models.gpt_neo
import time:     78600 |      78600 |                                       transformers.models.gpt_neox
import time:     32392 |      32392 |                                       transformers.models.gpt_neox_japanese
import time:     24085 |      24085 |                                       transformers.models.gpt_sw3
import time:     51483 |      51483 |                                       transformers.models.gptj
import time:     11159 |      11159 |                                       transformers.models.granite
import time:     25451 |      25451 |                                       transformers.models.granitemoe
import time:     28374 |      28374 |                                       transformers.models.granitemoeshared
import time:     36975 |      36975 |                                       transformers.models.grounding_dino
import time:     35722 |      35722 |                                       transformers.models.groupvit
import time:     42117 |      42117 |                                       transformers.models.helium
import time:     25618 |      25618 |                                       transformers.models.herbert
import time:     20917 |      20917 |                                       transformers.models.hiera
import time:     24717 |      24717 |                                       transformers.models.hubert
import time:     22991 |      22991 |                                       transformers.models.ibert
import time:     45098 |      45098 |                                       transformers.models.idefics
import time:     37079 |      37079 |                                       transformers.models.idefics2
import time:     51616 |      51616 |                                       transformers.models.idefics3
import time:     23746 |      23746 |                                       transformers.models.ijepa
import time:     36139 |      36139 |                                       transformers.models.imagegpt
import time:     37352 |      37352 |                                       transformers.models.informer
import time:     30804 |      30804 |                                       transformers.models.instructblip
import time:     25583 |      25583 |                                       transformers.models.instructblipvideo
import time:     20950 |      20950 |                                       transformers.models.jamba
import time:     20393 |      20393 |                                       transformers.models.jetmoe
import time:     22205 |      22205 |                                       transformers.models.kosmos2
import time:     53168 |      53168 |                                       transformers.models.layoutlm
import time:     53587 |      53587 |                                       transformers.models.layoutlmv2
import time:     51571 |      51571 |                                       transformers.models.layoutlmv3
import time:     28758 |      28758 |                                       transformers.models.layoutxlm
import time:     37864 |      37864 |                                       transformers.models.led
import time:     27591 |      27591 |                                       transformers.models.levit
import time:     35258 |      35258 |                                       transformers.models.lilt
import time:     37008 |      37008 |                                       transformers.models.llama
import time:     40607 |      40607 |                                       transformers.models.llava
import time:     47369 |      47369 |                                       transformers.models.llava_next
import time:     40533 |      40533 |                                       transformers.models.llava_next_video
import time:     40318 |      40318 |                                       transformers.models.llava_onevision
import time:     32111 |      32111 |                                       transformers.models.longformer
import time:     42612 |      42612 |                                       transformers.models.longt5
import time:     33621 |      33621 |                                       transformers.models.luke
import time:     39806 |      39806 |                                       transformers.models.lxmert
import time:     24853 |      24853 |                                       transformers.models.m2m_100
import time:     24642 |      24642 |                                       transformers.models.mamba
import time:     18486 |      18486 |                                       transformers.models.mamba2
import time:     56353 |      56353 |                                       transformers.models.marian
import time:     55856 |      55856 |                                       transformers.models.markuplm
import time:     32917 |      32917 |                                       transformers.models.mask2former
import time:     40895 |      40895 |                                       transformers.models.maskformer
import time:     44101 |      44101 |                                       transformers.models.mbart
import time:     44295 |      44295 |                                       transformers.models.mbart50
import time:     20384 |      20384 |                                       transformers.models.megatron_bert
import time:      7404 |       7404 |                                       transformers.models.megatron_gpt2
import time:     34414 |      34414 |                                       transformers.models.mgp_str
import time:     28002 |      28002 |                                       transformers.models.mimi
import time:     11867 |      11867 |                                       transformers.models.mistral
import time:     12885 |      12885 |                                       transformers.models.mixtral
import time:     32658 |      32658 |                                       transformers.models.mllama
import time:     21408 |      21408 |                                       transformers.models.mluke
import time:     30227 |      30227 |                                       transformers.models.mobilebert
import time:     25457 |      25457 |                                       transformers.models.mobilenet_v1
import time:     33083 |      33083 |                                       transformers.models.mobilenet_v2
import time:     61676 |      61676 |                                       transformers.models.mobilevit
import time:     28995 |      28995 |                                       transformers.models.mobilevitv2
import time:     33785 |      33785 |                                       transformers.models.modernbert
import time:     31565 |      31565 |                                       transformers.models.moonshine
import time:     25717 |      25717 |                                       transformers.models.moshi
import time:     49737 |      49737 |                                       transformers.models.mpnet
import time:     24448 |      24448 |                                       transformers.models.mpt
import time:     17888 |      17888 |                                       transformers.models.mra
import time:     28863 |      28863 |                                       transformers.models.mt5
import time:     63082 |      63082 |                                       transformers.models.musicgen
import time:     11239 |      11239 |                                       transformers.models.musicgen_melody
import time:     26928 |      26928 |                                       transformers.models.mvp
import time:     13614 |      13614 |                                       transformers.models.myt5
import time:     20471 |      20471 |                                       transformers.models.nemotron
import time:     23293 |      23293 |                                       transformers.models.nllb
import time:     19709 |      19709 |                                       transformers.models.nllb_moe
import time:     24880 |      24880 |                                       transformers.models.nougat
import time:     20794 |      20794 |                                       transformers.models.nystromformer
import time:     10556 |      10556 |                                       transformers.models.olmo
import time:     38264 |      38264 |                                       transformers.models.olmo2
import time:     32437 |      32437 |                                       transformers.models.olmoe
import time:     35261 |      35261 |                                       transformers.models.omdet_turbo
import time:     41925 |      41925 |                                       transformers.models.oneformer
import time:     44157 |      44157 |                                       transformers.models.openai
import time:     46482 |      46482 |                                       transformers.models.opt
import time:     39865 |      39865 |                                       transformers.models.owlv2
import time:     49705 |      49705 |                                       transformers.models.owlvit
import time:     37379 |      37379 |                                       transformers.models.paligemma
import time:     29729 |      29729 |                                       transformers.models.patchtsmixer
import time:     26455 |      26455 |                                       transformers.models.patchtst
import time:     37748 |      37748 |                                       transformers.models.pegasus
import time:     24984 |      24984 |                                       transformers.models.pegasus_x
import time:     53278 |      53278 |                                       transformers.models.perceiver
import time:     22330 |      22330 |                                       transformers.models.persimmon
import time:      7729 |       7729 |                                       transformers.models.phi
import time:     23611 |      23611 |                                       transformers.models.phi3
import time:     22888 |      22888 |                                       transformers.models.phimoe
import time:     15578 |      15578 |                                       transformers.models.phobert
import time:     37661 |      37661 |                                       transformers.models.pix2struct
import time:     50334 |      50334 |                                       transformers.models.pixtral
import time:     31586 |      31586 |                                       transformers.models.plbart
import time:     41894 |      41894 |                                       transformers.models.poolformer
import time:     46967 |      46967 |                                       transformers.models.pop2piano
import time:     32602 |      32602 |                                       transformers.models.prophetnet
import time:     28667 |      28667 |                                       transformers.models.pvt
import time:     25265 |      25265 |                                       transformers.models.pvt_v2
import time:     10640 |      10640 |                                       transformers.models.qwen2
import time:     31245 |      31245 |                                       transformers.models.qwen2_5_vl
import time:     30987 |      30987 |                                       transformers.models.qwen2_audio
import time:     20045 |      20045 |                                       transformers.models.qwen2_moe
import time:     45849 |      45849 |                                       transformers.models.qwen2_vl
import time:     41056 |      41056 |                                       transformers.models.rag
import time:     21832 |      21832 |                                       transformers.models.recurrent_gemma
import time:     27496 |      27496 |                                       transformers.models.reformer
import time:     39850 |      39850 |                                       transformers.models.regnet
import time:     37939 |      37939 |                                       transformers.models.rembert
import time:     38033 |      38033 |                                       transformers.models.resnet
import time:     34601 |      34601 |                                       transformers.models.roberta
import time:    123065 |     123065 |                                       transformers.models.roberta_prelayernorm
import time:     21456 |      21456 |                                       transformers.models.roc_bert
import time:     59189 |      59189 |                                       transformers.models.roformer
import time:     54843 |      54843 |                                       transformers.models.rt_detr
import time:     27937 |      27937 |                                       transformers.models.rt_detr_v2
import time:     26766 |      26766 |                                       transformers.models.rwkv
import time:     65611 |      65611 |                                       transformers.models.sam
import time:     53085 |      53085 |                                       transformers.models.seamless_m4t
import time:     25657 |      25657 |                                       transformers.models.seamless_m4t_v2
import time:     46182 |      46182 |                                       transformers.models.segformer
import time:     29243 |      29243 |                                       transformers.models.seggpt
import time:     25913 |      25913 |                                       transformers.models.sew
import time:     26469 |      26469 |                                       transformers.models.sew_d
import time:     42040 |      42040 |                                       transformers.models.siglip
import time:     31598 |      31598 |                                       transformers.models.speech_encoder_decoder
import time:     41531 |      41531 |                                       transformers.models.speech_to_text
import time:     44019 |      44019 |                                       transformers.models.speecht5
import time:     30954 |      30954 |                                       transformers.models.splinter
import time:     24678 |      24678 |                                       transformers.models.squeezebert
import time:     20227 |      20227 |                                       transformers.models.stablelm
import time:     26869 |      26869 |                                       transformers.models.starcoder2
import time:     49165 |      49165 |                                       transformers.models.superglue
import time:     31616 |      31616 |                                       transformers.models.superpoint
import time:     26823 |      26823 |                                       transformers.models.swiftformer
import time:     38424 |      38424 |                                       transformers.models.swin
import time:     37637 |      37637 |                                       transformers.models.swin2sr
import time:     28928 |      28928 |                                       transformers.models.swinv2
import time:     27173 |      27173 |                                       transformers.models.switch_transformers
import time:     32221 |      32221 |                                       transformers.models.t5
import time:     18424 |      18424 |                                       transformers.models.table_transformer
import time:     29438 |      29438 |                                       transformers.models.tapas
import time:     20693 |      20693 |                                       transformers.models.textnet
import time:     22853 |      22853 |                                       transformers.models.time_series_transformer
import time:     24751 |      24751 |                                       transformers.models.timesformer
import time:     37467 |      37467 |                                       transformers.models.timm_backbone
import time:     29938 |      29938 |                                       transformers.models.timm_wrapper
import time:     34340 |      34340 |                                       transformers.models.trocr
import time:     38157 |      38157 |                                       transformers.models.tvp
import time:     41767 |      41767 |                                       transformers.models.udop
import time:     26945 |      26945 |                                       transformers.models.umt5
import time:     20538 |      20538 |                                       transformers.models.unispeech
import time:     48763 |      48763 |                                       transformers.models.unispeech_sat
import time:     31631 |      31631 |                                       transformers.models.univnet
import time:     28800 |      28800 |                                       transformers.models.upernet
import time:     46763 |      46763 |                                       transformers.models.video_llava
import time:     42126 |      42126 |                                       transformers.models.videomae
import time:     46353 |      46353 |                                       transformers.models.vilt
import time:     29722 |      29722 |                                       transformers.models.vipllava
import time:     35410 |      35410 |                                       transformers.models.vision_encoder_decoder
import time:     36604 |      36604 |                                       transformers.models.vision_text_dual_encoder
import time:     23346 |      23346 |                                       transformers.models.visual_bert
import time:     43808 |      43808 |                                       transformers.models.vit
import time:     24445 |      24445 |                                       transformers.models.vit_mae
import time:     29771 |      29771 |                                       transformers.models.vit_msn
import time:     32500 |      32500 |                                       transformers.models.vitdet
import time:     21673 |      21673 |                                       transformers.models.vitmatte
import time:     21744 |      21744 |                                       transformers.models.vitpose
import time:      7721 |       7721 |                                       transformers.models.vitpose_backbone
import time:     45482 |      45482 |                                       transformers.models.vits
import time:     29243 |      29243 |                                       transformers.models.vivit
import time:     48722 |      48722 |                                       transformers.models.wav2vec2
import time:     25731 |      25731 |                                       transformers.models.wav2vec2_bert
import time:     20099 |      20099 |                                       transformers.models.wav2vec2_conformer
import time:     11964 |      11964 |                                       transformers.models.wav2vec2_phoneme
import time:     14895 |      14895 |                                       transformers.models.wav2vec2_with_lm
import time:     19337 |      19337 |                                       transformers.models.wavlm
import time:     69567 |      69567 |                                       transformers.models.whisper
import time:     24754 |      24754 |                                       transformers.models.x_clip
import time:     52395 |      52395 |                                       transformers.models.xglm
import time:     36329 |      36329 |                                       transformers.models.xlm
import time:     44097 |      44097 |                                       transformers.models.xlm_roberta
import time:     20317 |      20317 |                                       transformers.models.xlm_roberta_xl
import time:     35634 |      35634 |                                       transformers.models.xlnet
import time:     32126 |      32126 |                                       transformers.models.xmod
import time:     40492 |      40492 |                                       transformers.models.yolos
import time:     27611 |      27611 |                                       transformers.models.yoso
import time:     21626 |      21626 |                                       transformers.models.zamba
import time:     22502 |      22502 |                                       transformers.models.zamba2
import time:     24165 |      24165 |                                       transformers.models.zoedepth
import time:       937 |        937 |                                             filecmp
import time:      6540 |       7477 |                                           transformers.dynamic_module_utils
import time:      9175 |       9175 |                                             transformers.integrations
import time:     32847 |      32847 |                                               tokenizers.tokenizers
import time:      6067 |       6067 |                                                   tokenizers.decoders
import time:      6525 |       6525 |                                                   tokenizers.models
import time:      6076 |       6076 |                                                   tokenizers.normalizers
import time:      7714 |       7714 |                                                   tokenizers.pre_tokenizers
import time:      5293 |       5293 |                                                   tokenizers.processors
import time:      9413 |      41084 |                                                 tokenizers.implementations.base_tokenizer
import time:      4768 |       4768 |                                                 tokenizers.implementations.bert_wordpiece
import time:      7632 |       7632 |                                                 tokenizers.implementations.byte_level_bpe
import time:      4759 |       4759 |                                                 tokenizers.implementations.char_level_bpe
import time:      4645 |       4645 |                                                 tokenizers.implementations.sentencepiece_bpe
import time:      6310 |       6310 |                                                 tokenizers.implementations.sentencepiece_unigram
import time:     11533 |      80729 |                                               tokenizers.implementations
import time:      6726 |     120301 |                                             tokenizers
import time:     11673 |      11673 |                                             transformers.convert_slow_tokenizer
import time:     35917 |     177064 |                                           transformers.modeling_gguf_pytorch_utils
import time:      8198 |     192738 |                                         transformers.configuration_utils
import time:     12714 |      12714 |                                         transformers.models.auto.configuration_auto
import time:     10901 |      10901 |                                         transformers.generation
import time:      7635 |       7635 |                                           transformers.utils.deprecation
import time:     13386 |      21021 |                                         transformers.cache_utils
import time:      9070 |       9070 |                                         transformers.integrations.deepspeed
import time:      6321 |       6321 |                                         transformers.integrations.fsdp
import time:     19538 |      19538 |                                         transformers.modeling_outputs
import time:      8562 |       8562 |                                               safetensors._safetensors_rust
import time:      4847 |      13409 |                                             safetensors
import time:      4784 |      18192 |                                           safetensors.torch
import time:     15008 |      33200 |                                         transformers.pytorch_utils
import time:      9153 |       9153 |                                         transformers.tokenization_utils
import time:     10244 |      10244 |                                         transformers.generation.beam_constraints
import time:     12205 |      12205 |                                         transformers.generation.beam_search
import time:      8039 |       8039 |                                               sklearn._config
import time:     18521 |      18521 |                                                 sklearn.__check_build._check_build
import time:      8681 |      27201 |                                               sklearn.__check_build
import time:      3177 |       3177 |                                               sklearn._distributor_init
import time:      3070 |       3070 |                                                 sklearn.exceptions
import time:      5749 |       5749 |                                                       scipy.sparse._sputils
import time:      5555 |       5555 |                                                       scipy.sparse._matrix
import time:     12326 |      23629 |                                                     scipy.sparse._base
import time:      3273 |       3273 |                                                       scipy.sparse._sparsetools
import time:      5420 |       5420 |                                                         scipy._lib._util
import time:      3997 |       3997 |                                                         scipy.sparse._data
import time:      4566 |       4566 |                                                         scipy.sparse._index
import time:      9501 |      23482 |                                                       scipy.sparse._compressed
import time:      4759 |      31513 |                                                     scipy.sparse._csr
import time:      2942 |       2942 |                                                     scipy.sparse._csc
import time:      3897 |       3897 |                                                       scipy.sparse._csparsetools
import time:      4306 |       8202 |                                                     scipy.sparse._lil
import time:      4961 |       4961 |                                                     scipy.sparse._dok
import time:      4290 |       4290 |                                                     scipy.sparse._coo
import time:      4623 |       4623 |                                                     scipy.sparse._dia
import time:      4792 |       4792 |                                                     scipy.sparse._bsr
import time:      5195 |       5195 |                                                     scipy.sparse._construct
import time:      2128 |       2128 |                                                     scipy.sparse._extract
import time:      3740 |       3740 |                                                     scipy.sparse._matrix_io
import time:     35475 |      35475 |                                                               scipy.sparse.linalg._isolve._iterative
import time:     15209 |      15209 |                                                               scipy.sparse.linalg._interface
import time:      8326 |       8326 |                                                               scipy.sparse.linalg._isolve.utils
import time:      7301 |       7301 |                                                                 scipy._lib.decorator
import time:      9198 |      16498 |                                                               scipy._lib._threadsafety
import time:     17127 |      92633 |                                                             scipy.sparse.linalg._isolve.iterative
import time:      7559 |       7559 |                                                             scipy.sparse.linalg._isolve.minres
import time:      8538 |       8538 |                                                                     scipy.linalg._fblas
import time:       397 |        397 |                                                                     scipy.linalg._cblas
import time:       303 |        303 |                                                                     scipy.linalg._fblas_64
import time:      7429 |      16667 |                                                                   scipy.linalg.blas
import time:      6856 |       6856 |                                                                     scipy.linalg._flapack
import time:       181 |        181 |                                                                     scipy.linalg._clapack
import time:       183 |        183 |                                                                     scipy.linalg._flapack_64
import time:      5530 |      12749 |                                                                   scipy.linalg.lapack
import time:     13421 |      42836 |                                                                 scipy.linalg._misc
import time:      5405 |       5405 |                                                                   scipy.linalg.cython_lapack
import time:      4670 |      10074 |                                                                 scipy.linalg._cythonized_array_utils
import time:      6900 |       6900 |                                                                   scipy.linalg._decomp
import time:     12709 |      12709 |                                                                   scipy.linalg._decomp_svd
import time:      6307 |       6307 |                                                                   scipy.linalg._solve_toeplitz
import time:      8001 |      33916 |                                                                 scipy.linalg._basic
import time:      3827 |       3827 |                                                                   scipy.linalg._decomp_lu_cython
import time:      4964 |       8790 |                                                                 scipy.linalg._decomp_lu
import time:      5381 |       5381 |                                                                 scipy.linalg._decomp_ldl
import time:      3700 |       3700 |                                                                 scipy.linalg._decomp_cholesky
import time:      3712 |       3712 |                                                                 scipy.linalg._decomp_qr
import time:      6389 |       6389 |                                                                 scipy.linalg._decomp_qz
import time:      4048 |       4048 |                                                                 scipy.linalg._decomp_schur
import time:      3217 |       3217 |                                                                 scipy.linalg._decomp_polar
import time:      4899 |       4899 |                                                                   scipy.linalg._expm_frechet
import time:      3345 |       3345 |                                                                     scipy.linalg._matfuncs_sqrtm_triu
import time:      4122 |       7466 |                                                                   scipy.linalg._matfuncs_sqrtm
import time:      4097 |       4097 |                                                                     scipy.linalg.cython_blas
import time:      4415 |       8512 |                                                                   scipy.linalg._matfuncs_expm
import time:      6052 |      26928 |                                                                 scipy.linalg._matfuncs
import time:      6114 |       6114 |                                                                 scipy.linalg._special_matrices
import time:      5490 |       5490 |                                                                 scipy.linalg._solvers
import time:      3430 |       3430 |                                                                 scipy.linalg._procrustes
import time:      4852 |       4852 |                                                                 scipy.linalg._decomp_update
import time:      4796 |       4796 |                                                                 scipy.linalg._sketches
import time:      5447 |       5447 |                                                                 scipy.linalg._decomp_cossin
import time:      3599 |       3599 |                                                                 scipy.linalg.decomp
import time:      3061 |       3061 |                                                                 scipy.linalg.decomp_cholesky
import time:      3218 |       3218 |                                                                 scipy.linalg.decomp_lu
import time:      3901 |       3901 |                                                                 scipy.linalg.decomp_qr
import time:      3739 |       3739 |                                                                 scipy.linalg.decomp_svd
import time:      3009 |       3009 |                                                                 scipy.linalg.decomp_schur
import time:      3051 |       3051 |                                                                 scipy.linalg.basic
import time:      3603 |       3603 |                                                                 scipy.linalg.misc
import time:      3291 |       3291 |                                                                 scipy.linalg.special_matrices
import time:      2390 |       2390 |                                                                     scipy.linalg._flinalg
import time:      3456 |       5846 |                                                                   scipy.linalg._flinalg_py
import time:      3210 |       9055 |                                                                 scipy.linalg.flinalg
import time:      3377 |       3377 |                                                                 scipy.linalg.matfuncs
import time:     46208 |     268219 |                                                               scipy.linalg
import time:      4641 |       4641 |                                                               scipy.sparse.linalg._isolve._gcrotmk
import time:      8095 |     280954 |                                                             scipy.sparse.linalg._isolve.lgmres
import time:      3952 |       3952 |                                                             scipy.sparse.linalg._isolve.lsqr
import time:      3755 |       3755 |                                                             scipy.sparse.linalg._isolve.lsmr
import time:      4288 |       4288 |                                                             scipy.sparse.linalg._isolve.tfqmr
import time:     12826 |     405965 |                                                           scipy.sparse.linalg._isolve
import time:      4402 |       4402 |                                                               scipy.sparse.linalg._dsolve._superlu
import time:      1919 |       1919 |                                                                 scikits
import time:       356 |       2274 |                                                               scikits.umfpack
import time:     10279 |      16954 |                                                             scipy.sparse.linalg._dsolve.linsolve
import time:      3397 |       3397 |                                                             scipy.sparse.linalg._dsolve._add_newdocs
import time:      7306 |      27657 |                                                           scipy.sparse.linalg._dsolve
import time:      6604 |       6604 |                                                                 scipy.sparse.linalg._eigen.arpack._arpack
import time:     17103 |      23707 |                                                               scipy.sparse.linalg._eigen.arpack.arpack
import time:      7948 |      31655 |                                                             scipy.sparse.linalg._eigen.arpack
import time:     11331 |      11331 |                                                               scipy.sparse.linalg._eigen.lobpcg.lobpcg
import time:      6791 |      18122 |                                                             scipy.sparse.linalg._eigen.lobpcg
import time:      4917 |       4917 |                                                             scipy.sparse.linalg._eigen._svds
import time:      7029 |      61722 |                                                           scipy.sparse.linalg._eigen
import time:      5795 |       5795 |                                                               scipy.sparse.linalg._onenormest
import time:      6992 |      12787 |                                                             scipy.sparse.linalg._expm_multiply
import time:      6790 |      19577 |                                                           scipy.sparse.linalg._matfuncs
import time:      4756 |       4756 |                                                           scipy.sparse.linalg._norm
import time:      4813 |       4813 |                                                           scipy.sparse.linalg.isolve
import time:      3836 |       3836 |                                                           scipy.sparse.linalg.dsolve
import time:      3594 |       3594 |                                                           scipy.sparse.linalg.interface
import time:      4181 |       4181 |                                                           scipy.sparse.linalg.eigen
import time:      4825 |       4825 |                                                           scipy.sparse.linalg.matfuncs
import time:      9074 |     549992 |                                                         scipy.sparse.linalg
import time:      6701 |     556693 |                                                       scipy.sparse.csgraph._laplacian
import time:      5431 |       5431 |                                                           scipy.sparse.csgraph._tools
import time:      3682 |       9112 |                                                         scipy.sparse.csgraph._validation
import time:      4780 |      13892 |                                                       scipy.sparse.csgraph._shortest_path
import time:      4202 |       4202 |                                                       scipy.sparse.csgraph._traversal
import time:      3065 |       3065 |                                                       scipy.sparse.csgraph._min_spanning_tree
import time:      3779 |       3779 |                                                       scipy.sparse.csgraph._flow
import time:      7524 |       7524 |                                                       scipy.sparse.csgraph._matching
import time:      3327 |       3327 |                                                       scipy.sparse.csgraph._reordering
import time:      6837 |     599314 |                                                     scipy.sparse.csgraph
import time:      3380 |       3380 |                                                     scipy.sparse.base
import time:      4854 |       4854 |                                                     scipy.sparse.bsr
import time:      3611 |       3611 |                                                     scipy.sparse.compressed
import time:      3143 |       3143 |                                                     scipy.sparse.construct
import time:      2939 |       2939 |                                                     scipy.sparse.coo
import time:      3882 |       3882 |                                                     scipy.sparse.csc
import time:      4058 |       4058 |                                                     scipy.sparse.csr
import time:      3281 |       3281 |                                                     scipy.sparse.data
import time:      2931 |       2931 |                                                     scipy.sparse.dia
import time:      3938 |       3938 |                                                     scipy.sparse.dok
import time:      4703 |       4703 |                                                     scipy.sparse.extract
import time:      3212 |       3212 |                                                     scipy.sparse.lil
import time:      3339 |       3339 |                                                     scipy.sparse.sparsetools
import time:      3555 |       3555 |                                                     scipy.sparse.sputils
import time:     12992 |     759135 |                                                   scipy.sparse
import time:      5943 |       5943 |                                                         joblib._multiprocessing_helpers
import time:     10138 |      10138 |                                                           joblib.externals
import time:     14347 |      14347 |                                                           joblib.externals.loky._base
import time:       600 |        600 |                                                               multiprocessing.synchronize
import time:       326 |        326 |                                                                   multiprocessing.queues
import time:      1085 |       1410 |                                                                 concurrent.futures.process
import time:     10361 |      10361 |                                                                 joblib.externals.loky.backend.process
import time:     20381 |      32151 |                                                               joblib.externals.loky.backend.context
import time:     16822 |      49572 |                                                             joblib.externals.loky.backend
import time:       269 |      49841 |                                                           joblib.externals.loky.backend.context
import time:     12394 |      12394 |                                                             joblib.externals.loky.backend._posix_reduction
import time:     20347 |      20347 |                                                               joblib.externals.cloudpickle.cloudpickle
import time:     14321 |      34668 |                                                             joblib.externals.cloudpickle
import time:     12330 |      59391 |                                                           joblib.externals.loky.backend.reduction
import time:       146 |        146 |                                                               faulthandler
import time:     11506 |      11506 |                                                               joblib.externals.loky.backend.queues
import time:     12797 |      12797 |                                                                   psutil._common
import time:       145 |        145 |                                                                     resource
import time:      8950 |       8950 |                                                                     psutil._psposix
import time:      3868 |       3868 |                                                                     psutil._psutil_linux
import time:     16825 |      29787 |                                                                   psutil._pslinux
import time:     15488 |      58071 |                                                                 psutil
import time:     13013 |      71083 |                                                               joblib.externals.loky.backend.utils
import time:     20204 |      20204 |                                                               joblib.externals.loky.initializers
import time:     15886 |     118823 |                                                             joblib.externals.loky.process_executor
import time:     12252 |     131075 |                                                           joblib.externals.loky.reusable_executor
import time:     15624 |      15624 |                                                           joblib.externals.loky.cloudpickle_wrapper
import time:     29067 |     309480 |                                                         joblib.externals.loky
import time:      9103 |     324525 |                                                       joblib._cloudpickle_wrapper
import time:      6998 |       6998 |                                                         joblib._utils
import time:       641 |        641 |                                                         multiprocessing.pool
import time:      7139 |       7139 |                                                             joblib.backports
import time:      7960 |       7960 |                                                             joblib.disk
import time:       122 |        122 |                                                                   runpy
import time:      1202 |       1323 |                                                                 multiprocessing.spawn
import time:        43 |         43 |                                                                 _posixshmem
import time:      1125 |       2491 |                                                               multiprocessing.resource_tracker
import time:     11207 |      11207 |                                                               joblib.externals.loky.backend.spawn
import time:     19293 |      32989 |                                                             joblib.externals.loky.backend.resource_tracker
import time:      2362 |       2362 |                                                                 lz4
import time:      6482 |       8844 |                                                               joblib.compressor
import time:      5012 |       5012 |                                                                 joblib.numpy_pickle_utils
import time:      5832 |      10844 |                                                               joblib.numpy_pickle_compat
import time:      7619 |      27306 |                                                             joblib.numpy_pickle
import time:      7828 |      83220 |                                                           joblib._memmapping_reducer
import time:      5933 |      89153 |                                                         joblib.executor
import time:      5882 |       5882 |                                                         joblib.pool
import time:      9505 |     112178 |                                                       joblib._parallel_backends
import time:      6472 |       6472 |                                                         joblib.logger
import time:      9444 |      15916 |                                                       joblib._store_backends
import time:      5763 |       5763 |                                                       joblib.hashing
import time:      1581 |       1581 |                                                           _sysconfigdata__linux_x86_64-linux-gnu
import time:      3780 |       5360 |                                                         pydoc
import time:      6619 |       6619 |                                                         joblib.func_inspect
import time:      7922 |      19899 |                                                       joblib.memory
import time:     14428 |      14428 |                                                       joblib.parallel
import time:      9431 |     502137 |                                                     joblib
import time:      9405 |     511542 |                                                   sklearn.utils._joblib
import time:      7522 |       7522 |                                                       sklearn.utils._bunch
import time:      9662 |      17183 |                                                     sklearn.utils._metadata_requests
import time:      9556 |      26738 |                                                   sklearn.utils.metadata_routing
import time:      5508 |       5508 |                                                   sklearn.utils._estimator_html_repr
import time:     10925 |      10925 |                                                           scipy.special._sf_error
import time:      3146 |       3146 |                                                             scipy.special._ufuncs_cxx
import time:      7179 |      10324 |                                                           scipy.special._ufuncs
import time:      3580 |       3580 |                                                             scipy.special._specfun
import time:      2502 |       2502 |                                                             scipy.special._comb
import time:      8437 |      14519 |                                                           scipy.special._basic
import time:      4120 |       4120 |                                                           scipy.special._logsumexp
import time:      9190 |       9190 |                                                           scipy.special._orthogonal
import time:      4734 |       4734 |                                                           scipy.special._spfun_stats
import time:      3034 |       3034 |                                                             scipy.special._ellip_harm_2
import time:      4297 |       7331 |                                                           scipy.special._ellip_harm
import time:      3221 |       3221 |                                                           scipy.special._lambertw
import time:      3604 |       3604 |                                                           scipy.special._spherical_bessel
import time:      7274 |       7274 |                                                             scipy.special._add_newdocs
import time:      4114 |      11388 |                                                           scipy.special.add_newdocs
import time:      4052 |       4052 |                                                           scipy.special.basic
import time:      4704 |       4704 |                                                           scipy.special.orthogonal
import time:      3479 |       3479 |                                                           scipy.special.specfun
import time:      4347 |       4347 |                                                           scipy.special.sf_error
import time:      4246 |       4246 |                                                           scipy.special.spfun_stats
import time:     11211 |     111389 |                                                         scipy.special
import time:      8981 |       8981 |                                                             scipy.stats._warnings_errors
import time:     14155 |      14155 |                                                                 numpy.testing._private
import time:     33233 |      33233 |                                                                 numpy.testing._private.utils
import time:      8505 |       8505 |                                                                 numpy.testing._private.extbuild
import time:      5489 |       5489 |                                                                 numpy.testing.overrides
import time:     12393 |      73775 |                                                               numpy.testing
import time:      8436 |       8436 |                                                                     scipy.spatial._ckdtree
import time:      9976 |      18411 |                                                                   scipy.spatial._kdtree
import time:      3809 |       3809 |                                                                     scipy._lib.messagestream
import time:      7810 |      11619 |                                                                   scipy.spatial._qhull
import time:      3112 |       3112 |                                                                     scipy.spatial._voronoi
import time:      5051 |       8163 |                                                                   scipy.spatial._spherical_voronoi
import time:      5079 |       5079 |                                                                   scipy.spatial._plotutils
import time:      3755 |       3755 |                                                                   scipy.spatial._procrustes
import time:      3517 |       3517 |                                                                       scipy.spatial._distance_wrap
import time:      3538 |       3538 |                                                                       scipy.spatial._hausdorff
import time:      6222 |       6222 |                                                                       scipy.spatial._distance_pybind
import time:     12418 |      25693 |                                                                     scipy.spatial.distance
import time:      4121 |      29814 |                                                                   scipy.spatial._geometric_slerp
import time:      4033 |       4033 |                                                                   scipy.spatial.ckdtree
import time:      3159 |       3159 |                                                                   scipy.spatial.kdtree
import time:      3079 |       3079 |                                                                   scipy.spatial.qhull
import time:      2074 |       2074 |                                                                       backports_abc
import time:     20653 |      20653 |                                                                           scipy.constants._codata
import time:      8359 |       8359 |                                                                           scipy.constants._constants
import time:      7055 |       7055 |                                                                           scipy.constants.codata
import time:      8742 |       8742 |                                                                           scipy.constants.constants
import time:     16636 |      61443 |                                                                         scipy.constants
import time:      4487 |      65930 |                                                                       scipy.spatial.transform._rotation_groups
import time:      9544 |      77547 |                                                                     scipy.spatial.transform._rotation
import time:      4814 |       4814 |                                                                     scipy.spatial.transform._rotation_spline
import time:      4805 |       4805 |                                                                     scipy.spatial.transform.rotation
import time:      7774 |      94939 |                                                                   scipy.spatial.transform
import time:     11032 |     193077 |                                                                 scipy.spatial
import time:       452 |     193528 |                                                               scipy.spatial.distance
import time:      6603 |       6603 |                                                                   scipy.ndimage._ni_support
import time:      5109 |       5109 |                                                                   scipy.ndimage._nd_image
import time:      4179 |       4179 |                                                                     scipy._lib.doccer
import time:      4168 |       8347 |                                                                   scipy.ndimage._ni_docstrings
import time:     16263 |      36320 |                                                                 scipy.ndimage._filters
import time:      4095 |       4095 |                                                                 scipy.ndimage._fourier
import time:      5697 |       5697 |                                                                 scipy.ndimage._interpolation
import time:      4713 |       4713 |                                                                   scipy.ndimage._ni_label
import time:      6834 |       6834 |                                                                   scipy.ndimage._morphology
import time:      8524 |      20070 |                                                                 scipy.ndimage._measurements
import time:      3871 |       3871 |                                                                 scipy.ndimage.filters
import time:      3707 |       3707 |                                                                 scipy.ndimage.fourier
import time:      3882 |       3882 |                                                                 scipy.ndimage.interpolation
import time:      3681 |       3681 |                                                                 scipy.ndimage.measurements
import time:      3482 |       3482 |                                                                 scipy.ndimage.morphology
import time:     12052 |      96853 |                                                               scipy.ndimage
import time:      7843 |       7843 |                                                                   scipy.stats._distr_params
import time:      4732 |       4732 |                                                                       scipy.optimize._minpack2
import time:      7010 |      11741 |                                                                     scipy.optimize._linesearch
import time:      2655 |       2655 |                                                                       scipy.optimize._group_columns
import time:      5250 |       7904 |                                                                     scipy.optimize._numdiff
import time:      5468 |       5468 |                                                                     scipy.optimize._hessian_update_strategy
import time:      5543 |       5543 |                                                                     scipy.optimize._differentiable_functions
import time:     18730 |      49384 |                                                                   scipy.optimize._optimize
import time:      4648 |       4648 |                                                                       scipy.optimize._trustregion
import time:      4792 |       9440 |                                                                     scipy.optimize._trustregion_dogleg
import time:      3456 |       3456 |                                                                     scipy.optimize._trustregion_ncg
import time:      8231 |       8231 |                                                                         scipy.optimize._trlib._trlib
import time:      7963 |      16194 |                                                                       scipy.optimize._trlib
import time:      3574 |      19767 |                                                                     scipy.optimize._trustregion_krylov
import time:      4810 |       4810 |                                                                     scipy.optimize._trustregion_exact
import time:      5244 |       5244 |                                                                         scipy.optimize._constraints
import time:      1877 |       1877 |                                                                               sksparse
import time:       202 |       2079 |                                                                             sksparse.cholmod
import time:      8305 |      10383 |                                                                           scipy.optimize._trustregion_constr.projections
import time:      6011 |       6011 |                                                                           scipy.optimize._trustregion_constr.qp_subproblem
import time:      5461 |      21854 |                                                                         scipy.optimize._trustregion_constr.equality_constrained_sqp
import time:      7777 |       7777 |                                                                         scipy.optimize._trustregion_constr.canonical_constraint
import time:      5797 |       5797 |                                                                         scipy.optimize._trustregion_constr.tr_interior_point
import time:      7837 |       7837 |                                                                         scipy.optimize._trustregion_constr.report
import time:     14388 |      62896 |                                                                       scipy.optimize._trustregion_constr.minimize_trustregion_constr
import time:      7324 |      70220 |                                                                     scipy.optimize._trustregion_constr
import time:      2812 |       2812 |                                                                       scipy.optimize._lbfgsb
import time:      4187 |       6999 |                                                                     scipy.optimize._lbfgsb_py
import time:      3279 |       3279 |                                                                       scipy.optimize._moduleTNC
import time:      3632 |       6911 |                                                                     scipy.optimize._tnc
import time:      2182 |       2182 |                                                                       scipy.optimize._cobyla
import time:      4114 |       6295 |                                                                     scipy.optimize._cobyla_py
import time:      2247 |       2247 |                                                                       scipy.optimize._slsqp
import time:      4209 |       6456 |                                                                     scipy.optimize._slsqp_py
import time:      7622 |     141972 |                                                                   scipy.optimize._minimize
import time:      2120 |       2120 |                                                                       scipy.optimize._minpack
import time:      7005 |       7005 |                                                                             scipy.optimize._lsq.common
import time:      8167 |      15171 |                                                                           scipy.optimize._lsq.trf
import time:      6051 |       6051 |                                                                           scipy.optimize._lsq.dogbox
import time:      9218 |      30440 |                                                                         scipy.optimize._lsq.least_squares
import time:      3834 |       3834 |                                                                             scipy.optimize._lsq.givens_elimination
import time:      5165 |       8998 |                                                                           scipy.optimize._lsq.trf_linear
import time:      4591 |       4591 |                                                                           scipy.optimize._lsq.bvls
import time:      5860 |      19448 |                                                                         scipy.optimize._lsq.lsq_linear
import time:      7898 |      57785 |                                                                       scipy.optimize._lsq
import time:      5348 |      65251 |                                                                     scipy.optimize._minpack_py
import time:      3389 |       3389 |                                                                     scipy.optimize._spectral
import time:      7813 |       7813 |                                                                     scipy.optimize._nonlin
import time:      4764 |      81215 |                                                                   scipy.optimize._root
import time:      1680 |       1680 |                                                                       scipy.optimize._zeros
import time:      5765 |       7444 |                                                                     scipy.optimize._zeros_py
import time:      4660 |      12104 |                                                                   scipy.optimize._root_scalar
import time:      1647 |       1647 |                                                                     scipy.optimize.__nnls
import time:      2432 |       4078 |                                                                   scipy.optimize._nnls
import time:      5744 |       5744 |                                                                   scipy.optimize._basinhopping
import time:      6828 |       6828 |                                                                         scipy.optimize._highs
import time:     35909 |      42737 |                                                                       scipy.optimize._highs._highs_wrapper
import time:      1976 |       1976 |                                                                       scipy.optimize._highs._highs_constants
import time:      3762 |      48474 |                                                                     scipy.optimize._linprog_highs
import time:      3821 |       3821 |                                                                               scipy.linalg._interpolative
import time:      6953 |      10773 |                                                                             scipy.linalg._interpolative_backend
import time:      4042 |      14815 |                                                                           scipy.linalg.interpolative
import time:      4193 |      19008 |                                                                         scipy.optimize._remove_redundancy
import time:      8283 |      27290 |                                                                       scipy.optimize._linprog_util
import time:      1844 |       1844 |                                                                       sksparse
import time:      1383 |       1383 |                                                                         scikits
import time:       171 |       1553 |                                                                       scikits.umfpack
import time:      7061 |      37747 |                                                                     scipy.optimize._linprog_ip
import time:      4490 |       4490 |                                                                     scipy.optimize._linprog_simplex
import time:      3504 |       3504 |                                                                       scipy.optimize._bglu_dense
import time:      4831 |       8334 |                                                                     scipy.optimize._linprog_rs
import time:      3941 |       3941 |                                                                     scipy.optimize._linprog_doc
import time:      7094 |     110078 |                                                                   scipy.optimize._linprog
import time:      2065 |       2065 |                                                                   scipy.optimize._lsap
import time:      9334 |       9334 |                                                                   scipy.optimize._differentialevolution
import time:      6227 |       6227 |                                                                       scipy.optimize._shgo_lib
import time:      6217 |       6217 |                                                                       scipy.optimize._shgo_lib._vertex
import time:     12858 |      25301 |                                                                     scipy.optimize._shgo_lib._complex
import time:      7965 |      33266 |                                                                   scipy.optimize._shgo
import time:      4824 |       4824 |                                                                   scipy.optimize._dual_annealing
import time:      5006 |       5006 |                                                                   scipy.optimize._qap
import time:      4118 |       4118 |                                                                     scipy.optimize._direct
import time:      3722 |       7840 |                                                                   scipy.optimize._direct_py
import time:      4146 |       4146 |                                                                   scipy.optimize._milp
import time:      3988 |       3988 |                                                                   scipy.optimize.cobyla
import time:      3192 |       3192 |                                                                   scipy.optimize.lbfgsb
import time:      2672 |       2672 |                                                                   scipy.optimize.linesearch
import time:      2748 |       2748 |                                                                   scipy.optimize.minpack
import time:      2698 |       2698 |                                                                   scipy.optimize.minpack2
import time:      3301 |       3301 |                                                                   scipy.optimize.moduleTNC
import time:      3356 |       3356 |                                                                   scipy.optimize.nonlin
import time:      2661 |       2661 |                                                                   scipy.optimize.optimize
import time:      2936 |       2936 |                                                                   scipy.optimize.slsqp
import time:      2679 |       2679 |                                                                   scipy.optimize.tnc
import time:      3278 |       3278 |                                                                   scipy.optimize.zeros
import time:      9583 |       9583 |                                                                   scipy.integrate._quadrature
import time:      2695 |       2695 |                                                                     scipy.integrate._odepack
import time:      5130 |       7824 |                                                                   scipy.integrate._odepack_py
import time:      1859 |       1859 |                                                                     scipy.integrate._quadpack
import time:      4255 |       6114 |                                                                   scipy.integrate._quadpack_py
import time:      2811 |       2811 |                                                                     scipy.integrate._vode
import time:      1919 |       1919 |                                                                     scipy.integrate._dop
import time:      1805 |       1805 |                                                                     scipy.integrate._lsoda
import time:      7723 |      14257 |                                                                   scipy.integrate._ode
import time:      8384 |       8384 |                                                                   scipy.integrate._bvp
import time:      8660 |       8660 |                                                                         scipy.integrate._ivp.common
import time:      6735 |       6735 |                                                                         scipy.integrate._ivp.base
import time:      6983 |      22377 |                                                                       scipy.integrate._ivp.bdf
import time:      8659 |       8659 |                                                                       scipy.integrate._ivp.radau
import time:      6550 |       6550 |                                                                         scipy.integrate._ivp.dop853_coefficients
import time:      6881 |      13430 |                                                                       scipy.integrate._ivp.rk
import time:      6548 |       6548 |                                                                       scipy.integrate._ivp.lsoda
import time:      7524 |      58536 |                                                                     scipy.integrate._ivp.ivp
import time:      4670 |      63206 |                                                                   scipy.integrate._ivp
import time:      5440 |       5440 |                                                                   scipy.integrate._quad_vec
import time:      2772 |       2772 |                                                                   scipy.integrate.dop
import time:      2854 |       2854 |                                                                   scipy.integrate.lsoda
import time:      3048 |       3048 |                                                                   scipy.integrate.vode
import time:      3169 |       3169 |                                                                   scipy.integrate.odepack
import time:      2706 |       2706 |                                                                   scipy.integrate.quadpack
import time:      3135 |       3135 |                                                                   scipy._lib._finite_differences
import time:      7076 |       7076 |                                                                   scipy.stats._constants
import time:      6152 |       6152 |                                                                   scipy.stats._censored_data
import time:     41441 |     699545 |                                                                 scipy.stats._distn_infrastructure
import time:      5865 |       5865 |                                                                     scipy.special.cython_special
import time:      5990 |      11854 |                                                                   scipy.stats._stats
import time:      2526 |       2526 |                                                                   scipy.stats._tukeylambda_stats
import time:      5003 |       5003 |                                                                   scipy.stats._ksstats
import time:      4156 |       4156 |                                                                     scipy.stats._boost.beta_ufunc
import time:      2808 |       2808 |                                                                     scipy.stats._boost.binom_ufunc
import time:      2000 |       2000 |                                                                     scipy.stats._boost.nbinom_ufunc
import time:      1826 |       1826 |                                                                     scipy.stats._boost.hypergeom_ufunc
import time:      3035 |       3035 |                                                                     scipy.stats._boost.ncf_ufunc
import time:      2182 |       2182 |                                                                     scipy.stats._boost.ncx2_ufunc
import time:      2591 |       2591 |                                                                     scipy.stats._boost.nct_ufunc
import time:      1998 |       1998 |                                                                     scipy.stats._boost.skewnorm_ufunc
import time:      6297 |       6297 |                                                                     scipy.stats._boost.invgauss_ufunc
import time:      8202 |      35090 |                                                                   scipy.stats._boost
import time:     90246 |     144717 |                                                                 scipy.stats._continuous_distns
import time:      2632 |       2632 |                                                                           scipy.interpolate._fitpack
import time:      3150 |       3150 |                                                                           scipy.interpolate.dfitpack
import time:      7368 |      13148 |                                                                         scipy.interpolate._fitpack_impl
import time:      2764 |       2764 |                                                                           scipy.interpolate._bspl
import time:      6939 |       9702 |                                                                         scipy.interpolate._bsplines
import time:      6230 |      29079 |                                                                       scipy.interpolate._fitpack_py
import time:      3687 |       3687 |                                                                       scipy.interpolate._polyint
import time:      6814 |       6814 |                                                                       scipy.interpolate._ppoly
import time:      4162 |       4162 |                                                                       scipy.interpolate.interpnd
import time:     17396 |      61136 |                                                                     scipy.interpolate._interpolate
import time:      9837 |       9837 |                                                                     scipy.interpolate._fitpack2
import time:      5961 |       5961 |                                                                     scipy.interpolate._rbf
import time:      3335 |       3335 |                                                                       scipy.interpolate._rbfinterp_pythran
import time:      5354 |       8688 |                                                                     scipy.interpolate._rbfinterp
import time:      5001 |       5001 |                                                                     scipy.interpolate._cubic
import time:      3183 |       3183 |                                                                     scipy.interpolate._ndgriddata
import time:      3171 |       3171 |                                                                     scipy.interpolate._pade
import time:      4347 |       4347 |                                                                       scipy.interpolate._rgi_cython
import time:      5686 |      10032 |                                                                     scipy.interpolate._rgi
import time:      3163 |       3163 |                                                                     scipy.interpolate.fitpack
import time:      2936 |       2936 |                                                                     scipy.interpolate.fitpack2
import time:      3565 |       3565 |                                                                     scipy.interpolate.interpolate
import time:      3046 |       3046 |                                                                     scipy.interpolate.ndgriddata
import time:      2771 |       2771 |                                                                     scipy.interpolate.polyint
import time:      3361 |       3361 |                                                                     scipy.interpolate.rbf
import time:      8135 |     133980 |                                                                   scipy.interpolate
import time:      2647 |       2647 |                                                                   scipy.stats._biasedurn
import time:     16581 |     153207 |                                                                 scipy.stats._discrete_distns
import time:      8810 |       8810 |                                                                   scipy.stats._levy_stable.levyst
import time:    113143 |     121953 |                                                                 scipy.stats._levy_stable
import time:      8397 |       8397 |                                                                 scipy.stats._entropy
import time:      8899 |    1136715 |                                                               scipy.stats.distributions
import time:      5050 |       5050 |                                                                 scipy._lib._bunch
import time:      3173 |       3173 |                                                                   scipy.stats._stats_pythran
import time:      9991 |      13164 |                                                                 scipy.stats._stats_mstats_common
import time:     17940 |      36153 |                                                               scipy.stats._mstats_basic
import time:      5957 |       5957 |                                                                 scipy.stats._common
import time:      1612 |       1612 |                                                                       uarray
import time:      4910 |       4910 |                                                                           scipy._lib._uarray._uarray
import time:      9230 |      14139 |                                                                         scipy._lib._uarray._backend
import time:      8006 |      22145 |                                                                       scipy._lib._uarray
import time:      3845 |      27601 |                                                                     scipy._lib.uarray
import time:      8885 |      36486 |                                                                   scipy.fft._basic
import time:      6263 |       6263 |                                                                   scipy.fft._realtransforms
import time:      6903 |       6903 |                                                                   scipy.fft._fftlog
import time:      6375 |       6375 |                                                                   scipy.fft._fftlog_multimethods
import time:      7732 |       7732 |                                                                         scipy.fft._pocketfft.pypocketfft
import time:      5005 |       5005 |                                                                         scipy.fft._pocketfft.helper
import time:     14644 |      27379 |                                                                       scipy.fft._pocketfft.basic
import time:      3839 |       3839 |                                                                       scipy.fft._pocketfft.realtransforms
import time:     15362 |      46580 |                                                                     scipy.fft._pocketfft
import time:      5693 |      52272 |                                                                   scipy.fft._helper
import time:      3983 |       3983 |                                                                   scipy.fft._backend
import time:     10127 |     122407 |                                                                 scipy.fft
import time:     15400 |     143763 |                                                               scipy.stats._hypotests
import time:      7625 |       7625 |                                                                   scipy._lib._docscrape
import time:      5622 |      13247 |                                                                 scipy.stats._axis_nan_policy
import time:     10512 |      23759 |                                                               scipy.stats._resampling
import time:      6228 |       6228 |                                                               scipy.stats._binomtest
import time:     40607 |    1751376 |                                                             scipy.stats._stats_py
import time:      3603 |       3603 |                                                             scipy.stats._variation
import time:      3488 |       3488 |                                                               scipy.stats._statlib
import time:      8200 |       8200 |                                                               scipy.stats._fit
import time:      5015 |       5015 |                                                                 scipy.stats._relative_risk
import time:      6171 |       6171 |                                                                 scipy.stats._crosstab
import time:      6322 |       6322 |                                                                 scipy.stats._odds_ratio
import time:      8024 |      25531 |                                                               scipy.stats.contingency
import time:     20658 |      57876 |                                                             scipy.stats._morestats
import time:      5554 |       5554 |                                                                 scipy.stats._sobol
import time:      4664 |       4664 |                                                                 scipy.stats._qmc_cy
import time:     10598 |      20816 |                                                               scipy.stats._qmc
import time:      6750 |      27565 |                                                             scipy.stats._multicomp
import time:      6582 |       6582 |                                                             scipy.stats._binned_statistic
import time:      3406 |       3406 |                                                               scipy.stats._mvn
import time:      6067 |       9472 |                                                             scipy.stats._kde
import time:      4358 |       4358 |                                                               scipy.stats._mstats_extras
import time:      4253 |       8611 |                                                             scipy.stats.mstats
import time:      3424 |       3424 |                                                             scipy.stats.qmc
import time:      5343 |       5343 |                                                               scipy.stats._covariance
import time:      8288 |       8288 |                                                                 scipy.stats._rcont.rcont
import time:      6764 |      15051 |                                                               scipy.stats._rcont
import time:      5172 |       5172 |                                                               scipy.stats._qmvnt
import time:     24506 |      50071 |                                                             scipy.stats._multivariate
import time:      3352 |       3352 |                                                             scipy.stats._rvs_sampling
import time:      5262 |       5262 |                                                             scipy.stats._page_trend_test
import time:      6116 |       6116 |                                                             scipy.stats._mannwhitneyu
import time:      4876 |       4876 |                                                             scipy.stats._sensitivity_analysis
import time:      6903 |       6903 |                                                             scipy.stats._survival
import time:      4445 |       4445 |                                                             scipy.stats.biasedurn
import time:      3264 |       3264 |                                                             scipy.stats.kde
import time:      4111 |       4111 |                                                             scipy.stats.morestats
import time:      4124 |       4124 |                                                             scipy.stats.mstats_basic
import time:      3460 |       3460 |                                                             scipy.stats.mstats_extras
import time:      2913 |       2913 |                                                             scipy.stats.mvn
import time:      3210 |       3210 |                                                             scipy.stats.statlib
import time:      5880 |       5880 |                                                             scipy.stats.stats
import time:     13873 |    1999340 |                                                           scipy.stats
import time:      8201 |       8201 |                                                           threadpoolctl
import time:      9317 |       9317 |                                                               sklearn.externals
import time:     11895 |      21212 |                                                             sklearn.externals._packaging
import time:     10891 |      10891 |                                                             sklearn.externals._packaging._structures
import time:     16917 |      49019 |                                                           sklearn.externals._packaging.version
import time:      5993 |       5993 |                                                           sklearn.utils.deprecation
import time:      8288 |    2070840 |                                                         sklearn.utils.fixes
import time:      8186 |    2190414 |                                                       sklearn.utils._array_api
import time:       459 |        459 |                                                         sklearn.utils.collections
import time:       198 |        198 |                                                         sklearn.utils.enum
import time:      5269 |       5925 |                                                       sklearn.utils._isfinite
import time:     13445 |    2209782 |                                                     sklearn.utils.validation
import time:      9685 |    2219467 |                                                   sklearn.utils._param_validation
import time:      4019 |       4019 |                                                   sklearn.utils.class_weight
import time:      5195 |       5195 |                                                   sklearn.utils.discovery
import time:      4873 |       4873 |                                                   sklearn.utils.murmurhash
import time:     11197 |    3547671 |                                                 sklearn.utils
import time:      5011 |       5011 |                                                   sklearn.utils._available_if
import time:      4941 |       9951 |                                                 sklearn.utils._set_output
import time:      3227 |       3227 |                                                 sklearn.utils._tags
import time:      6963 |    3570880 |                                               sklearn.base
import time:      2663 |       2663 |                                                 sklearn.utils._openmp_helpers
import time:      3902 |       6565 |                                               sklearn.utils._show_versions
import time:      9081 |    3624940 |                                             sklearn
import time:     12514 |      12514 |                                               sklearn.metrics.cluster._bicluster
import time:      3546 |       3546 |                                                 sklearn.utils.multiclass
import time:      4151 |       4151 |                                                 sklearn.metrics.cluster._expected_mutual_info_fast
import time:      9120 |      16815 |                                               sklearn.metrics.cluster._supervised
import time:      3593 |       3593 |                                                       sklearn.utils._logistic_sigmoid
import time:      3663 |       3663 |                                                       sklearn.utils.sparsefuncs_fast
import time:      6094 |      13348 |                                                     sklearn.utils.extmath
import time:      5759 |       5759 |                                                     sklearn.utils.sparsefuncs
import time:      6313 |       6313 |                                                       sklearn.utils._encode
import time:      3118 |       3118 |                                                       sklearn.utils._mask
import time:      9272 |      18702 |                                                     sklearn.preprocessing._encoders
import time:     14626 |      52433 |                                                   sklearn.preprocessing._data
import time:      4395 |       4395 |                                                     sklearn.utils.stats
import time:      6307 |      10702 |                                                   sklearn.preprocessing._discretization
import time:      3386 |       3386 |                                                     sklearn.utils.metaestimators
import time:      5612 |       8998 |                                                   sklearn.preprocessing._function_transformer
import time:     11146 |      11146 |                                                   sklearn.preprocessing._label
import time:      8246 |       8246 |                                                     sklearn.preprocessing._csr_polynomial_expansion
import time:      8294 |      16540 |                                                   sklearn.preprocessing._polynomial
import time:      4958 |       4958 |                                                     sklearn.preprocessing._target_encoder_fast
import time:      3201 |       8159 |                                                   sklearn.preprocessing._target_encoder
import time:      7154 |     115128 |                                                 sklearn.preprocessing
import time:      3504 |       3504 |                                                   sklearn.utils.parallel
import time:     10051 |      10051 |                                                       sklearn.metrics._dist_metrics
import time:      3192 |       3192 |                                                           sklearn.metrics._pairwise_distances_reduction._datasets_pair
import time:      1495 |       1495 |                                                             sklearn.utils.collections
import time:       357 |        357 |                                                             sklearn.utils.enum
import time:      7976 |       9828 |                                                           sklearn.utils._cython_blas
import time:      9207 |      22225 |                                                         sklearn.metrics._pairwise_distances_reduction._base
import time:      4426 |       4426 |                                                         sklearn.metrics._pairwise_distances_reduction._middle_term_computer
import time:      1543 |       1543 |                                                         sklearn.utils._heap
import time:      2502 |       2502 |                                                         sklearn.utils._sorting
import time:      5857 |      36550 |                                                       sklearn.metrics._pairwise_distances_reduction._argkmin
import time:      1044 |       1044 |                                                         sklearn.metrics._pairwise_distances_reduction.collections
import time:      1116 |       1116 |                                                         sklearn.metrics._pairwise_distances_reduction.enum
import time:      8432 |      10591 |                                                       sklearn.metrics._pairwise_distances_reduction._argkmin_classmode
import time:      5167 |       5167 |                                                         sklearn.utils._vector_sentinel
import time:      8658 |      13825 |                                                       sklearn.metrics._pairwise_distances_reduction._radius_neighbors
import time:     10430 |      81445 |                                                     sklearn.metrics._pairwise_distances_reduction._dispatcher
import time:      4981 |      86425 |                                                   sklearn.metrics._pairwise_distances_reduction
import time:      7098 |       7098 |                                                   sklearn.metrics._pairwise_fast
import time:      8531 |     105557 |                                                 sklearn.metrics.pairwise
import time:      3625 |     224310 |                                               sklearn.metrics.cluster._unsupervised
import time:     13137 |     266775 |                                             sklearn.metrics.cluster
import time:      8119 |       8119 |                                             sklearn.metrics._classification
import time:      7567 |       7567 |                                               sklearn.metrics._plot
import time:      7764 |      15331 |                                             sklearn.metrics._plot.confusion_matrix
import time:      3124 |       3124 |                                                 sklearn.utils._response
import time:      3838 |       6962 |                                               sklearn.utils._plotting
import time:      4461 |       4461 |                                                 sklearn.metrics._base
import time:      6700 |      11161 |                                               sklearn.metrics._ranking
import time:      6316 |      24438 |                                             sklearn.metrics._plot.det_curve
import time:      5242 |       5242 |                                             sklearn.metrics._plot.precision_recall_curve
import time:     11516 |      11516 |                                             sklearn.metrics._plot.regression
import time:      6345 |       6345 |                                             sklearn.metrics._plot.roc_curve
import time:      5226 |       5226 |                                             sklearn.metrics._regression
import time:      7741 |       7741 |                                             sklearn.metrics._scorer
import time:      9811 |    3985480 |                                           sklearn.metrics
import time:     15382 |      15382 |                                           transformers.generation.logits_process
import time:     12011 |    4012872 |                                         transformers.generation.candidate_generator
import time:     12861 |      12861 |                                         transformers.generation.configuration_utils
import time:      7966 |       7966 |                                         transformers.generation.stopping_criteria
import time:     46646 |    4417442 |                                       transformers.models.auto.auto_factory
import time:      6320 |       6320 |                                         tokenizers.trainers
import time:      9778 |      16098 |                                       transformers.tokenization_utils_fast
import time:    142647 |   15449340 |                                     torchmetrics.functional.text.bert
import time:     12544 |      12544 |                                     torchmetrics.functional.text.infolm
import time:     19411 |   15730658 |                                   torchmetrics.functional.text
import time:     11956 |   15742613 |                                 torchmetrics.functional.text._deprecated
import time:     11356 |   41875656 |                               torchmetrics.functional
import time:      7512 |       7512 |                                       torchmetrics.wrappers.abstract
import time:     13042 |      20553 |                                     torchmetrics.wrappers.bootstrapping
import time:      6979 |       6979 |                                     torchmetrics.wrappers.classwise
import time:      8475 |       8475 |                                     torchmetrics.wrappers.minmax
import time:      8310 |       8310 |                                     torchmetrics.wrappers.multioutput
import time:      8146 |       8146 |                                       torchmetrics.collections
import time:     14312 |      22457 |                                     torchmetrics.wrappers.multitask
import time:      6174 |       6174 |                                     torchmetrics.wrappers.running
import time:      7998 |       7998 |                                     torchmetrics.wrappers.tracker
import time:     11909 |      92852 |                                   torchmetrics.wrappers
import time:       304 |      93156 |                                 torchmetrics.wrappers.running
import time:      8127 |     101282 |                               torchmetrics.aggregation
import time:     14383 |      14383 |                                   torchmetrics.audio.pit
import time:      7357 |       7357 |                                   torchmetrics.audio.sdr
import time:      8667 |       8667 |                                   torchmetrics.audio.snr
import time:     23508 |      53914 |                                 torchmetrics.audio
import time:      7724 |      61637 |                               torchmetrics.audio._deprecated
import time:      7413 |       7413 |                                   torchmetrics.classification.base
import time:      9821 |       9821 |                                   torchmetrics.classification.stat_scores
import time:     12720 |      29954 |                                 torchmetrics.classification.accuracy
import time:      8086 |       8086 |                                   torchmetrics.classification.precision_recall_curve
import time:     11969 |      20055 |                                 torchmetrics.classification.auroc
import time:      5557 |       5557 |                                 torchmetrics.classification.average_precision
import time:      9435 |       9435 |                                 torchmetrics.classification.calibration_error
import time:      6829 |       6829 |                                   torchmetrics.classification.confusion_matrix
import time:      7143 |      13971 |                                 torchmetrics.classification.cohen_kappa
import time:      5328 |       5328 |                                 torchmetrics.classification.dice
import time:      7687 |       7687 |                                 torchmetrics.classification.exact_match
import time:      6469 |       6469 |                                 torchmetrics.classification.f_beta
import time:      5870 |       5870 |                                 torchmetrics.classification.group_fairness
import time:      5883 |       5883 |                                 torchmetrics.classification.hamming
import time:      5600 |       5600 |                                 torchmetrics.classification.hinge
import time:      7705 |       7705 |                                 torchmetrics.classification.jaccard
import time:      5445 |       5445 |                                 torchmetrics.classification.matthews_corrcoef
import time:      5508 |       5508 |                                 torchmetrics.classification.precision_fixed_recall
import time:      8500 |       8500 |                                 torchmetrics.classification.precision_recall
import time:      5259 |       5259 |                                 torchmetrics.classification.ranking
import time:      9962 |       9962 |                                 torchmetrics.classification.recall_fixed_precision
import time:      5539 |       5539 |                                 torchmetrics.classification.roc
import time:      7366 |       7366 |                                 torchmetrics.classification.specificity
import time:      5427 |       5427 |                                 torchmetrics.classification.specificity_sensitivity
import time:     15587 |     192098 |                               torchmetrics.classification
import time:     14056 |      14056 |                                   torchmetrics.detection.panoptic_qualities
import time:      5066 |       5066 |                                       torchmetrics.detection.helpers
import time:      5918 |      10983 |                                     torchmetrics.detection.iou
import time:      6850 |      17832 |                                   torchmetrics.detection.giou
import time:     11246 |      11246 |                                   torchmetrics.detection.mean_ap
import time:      8928 |       8928 |                                   torchmetrics.detection.ciou
import time:      8212 |       8212 |                                   torchmetrics.detection.diou
import time:      8853 |      69124 |                                 torchmetrics.detection
import time:      6734 |      75858 |                               torchmetrics.detection._deprecated
import time:     10764 |      10764 |                                   torchmetrics.image.d_lambda
import time:      5807 |       5807 |                                   torchmetrics.image.ergas
import time:      7743 |       7743 |                                     torchmetrics.image.fid
import time:      8654 |      16397 |                                   torchmetrics.image.mifid
import time:      9296 |       9296 |                                   torchmetrics.image.psnr
import time:      6705 |       6705 |                                   torchmetrics.image.psnrb
import time:      8043 |       8043 |                                   torchmetrics.image.rase
import time:      8422 |       8422 |                                   torchmetrics.image.rmse_sw
import time:      7465 |       7465 |                                   torchmetrics.image.sam
import time:      7515 |       7515 |                                   torchmetrics.image.ssim
import time:      8914 |       8914 |                                   torchmetrics.image.tv
import time:      8362 |       8362 |                                   torchmetrics.image.uqi
import time:      7101 |       7101 |                                   torchmetrics.image.vif
import time:      5503 |       5503 |                                   torchmetrics.image.lpip
import time:      4973 |       4973 |                                   torchmetrics.image.perceptual_path_length
import time:     14191 |     129450 |                                 torchmetrics.image
import time:      6620 |     136069 |                               torchmetrics.image._deprecated
import time:      9523 |       9523 |                                 torchmetrics.nominal.cramers
import time:      5187 |       5187 |                                 torchmetrics.nominal.fleiss_kappa
import time:      4958 |       4958 |                                 torchmetrics.nominal.pearson
import time:      7861 |       7861 |                                 torchmetrics.nominal.theils_u
import time:      4868 |       4868 |                                 torchmetrics.nominal.tschuprows
import time:      7946 |      40340 |                               torchmetrics.nominal
import time:      7398 |       7398 |                                   torchmetrics.regression.pearson
import time:      8083 |      15480 |                                 torchmetrics.regression.concordance
import time:      5022 |       5022 |                                 torchmetrics.regression.cosine_similarity
import time:     14960 |      14960 |                                 torchmetrics.regression.explained_variance
import time:      9729 |       9729 |                                 torchmetrics.regression.kendall
import time:     10608 |      10608 |                                 torchmetrics.regression.kl_divergence
import time:      8138 |       8138 |                                 torchmetrics.regression.log_cosh
import time:      9520 |       9520 |                                 torchmetrics.regression.log_mse
import time:      8324 |       8324 |                                 torchmetrics.regression.mae
import time:      6745 |       6745 |                                 torchmetrics.regression.mape
import time:      8477 |       8477 |                                 torchmetrics.regression.minkowski
import time:      6981 |       6981 |                                 torchmetrics.regression.mse
import time:      9333 |       9333 |                                 torchmetrics.regression.r2
import time:      7407 |       7407 |                                 torchmetrics.regression.rse
import time:      9802 |       9802 |                                 torchmetrics.regression.spearman
import time:      6577 |       6577 |                                 torchmetrics.regression.symmetric_mape
import time:      7546 |       7546 |                                 torchmetrics.regression.tweedie_deviance
import time:      6212 |       6212 |                                 torchmetrics.regression.wmape
import time:     15253 |     166107 |                               torchmetrics.regression
import time:      7782 |       7782 |                                     torchmetrics.retrieval.base
import time:     10466 |      18248 |                                   torchmetrics.retrieval.average_precision
import time:      6397 |       6397 |                                   torchmetrics.retrieval.fall_out
import time:      7629 |       7629 |                                   torchmetrics.retrieval.hit_rate
import time:      6334 |       6334 |                                   torchmetrics.retrieval.ndcg
import time:      6765 |       6765 |                                   torchmetrics.retrieval.precision
import time:      7715 |       7715 |                                   torchmetrics.retrieval.precision_recall_curve
import time:      6571 |       6571 |                                   torchmetrics.retrieval.r_precision
import time:      6130 |       6130 |                                   torchmetrics.retrieval.recall
import time:      4311 |       4311 |                                   torchmetrics.retrieval.reciprocal_rank
import time:     12095 |      82190 |                                 torchmetrics.retrieval
import time:      7088 |      89277 |                               torchmetrics.retrieval._deprecated
import time:     11086 |      11086 |                                   torchmetrics.text.bleu
import time:      4727 |       4727 |                                   torchmetrics.text.cer
import time:      5907 |       5907 |                                   torchmetrics.text.chrf
import time:      7027 |       7027 |                                   torchmetrics.text.edit
import time:      5859 |       5859 |                                   torchmetrics.text.eed
import time:     12135 |      12135 |                                   torchmetrics.text.mer
import time:      7698 |       7698 |                                   torchmetrics.text.perplexity
import time:      7821 |       7821 |                                   torchmetrics.text.rouge
import time:      7943 |       7943 |                                   torchmetrics.text.sacre_bleu
import time:      8333 |       8333 |                                   torchmetrics.text.squad
import time:      7073 |       7073 |                                   torchmetrics.text.ter
import time:      8336 |       8336 |                                   torchmetrics.text.wer
import time:      8233 |       8233 |                                   torchmetrics.text.wil
import time:      9989 |       9989 |                                   torchmetrics.text.wip
import time:      7091 |       7091 |                                   torchmetrics.text.bert
import time:      8987 |       8987 |                                   torchmetrics.text.infolm
import time:     11123 |     139360 |                                 torchmetrics.text
import time:      9653 |     149013 |                               torchmetrics.text._deprecated
import time:     18528 |   42920580 |                             lightning.fabric.utilities.imports
import time:     11635 |      11635 |                             lightning.fabric.utilities.types
import time:     18183 |   42950396 |                           lightning.fabric.utilities.apply_func
import time:      9872 |       9872 |                             lightning_utilities.core.inheritance
import time:      8190 |       8190 |                             lightning.fabric.utilities.enums
import time:      8230 |       8230 |                             lightning.fabric.utilities.exceptions
import time:      8887 |       8887 |                             lightning.fabric.utilities.rank_zero
import time:     11611 |      11611 |                             lightning.fabric.utilities.seed
import time:     13138 |      59926 |                           lightning.fabric.utilities.data
import time:      6509 |       6509 |                                 fsspec._version
import time:      6317 |       6317 |                                 fsspec.caching
import time:      5463 |       5463 |                                 fsspec.callbacks
import time:      6421 |       6421 |                                   fsspec.utils
import time:      6011 |       6011 |                                     fsspec.config
import time:      6946 |       6946 |                                     fsspec.dircache
import time:      3264 |       3264 |                                     fsspec.transaction
import time:     12582 |      28802 |                                   fsspec.spec
import time:      1734 |       1734 |                                   isal
import time:      1747 |       1747 |                                   lzmaffi
import time:      3395 |       3395 |                                   snappy
import time:      1809 |       1809 |                                     lz4
import time:       245 |       2053 |                                   lz4.frame
import time:      1799 |       1799 |                                   zstandard
import time:      6182 |      52129 |                                 fsspec.compression
import time:     24680 |      24680 |                                   fsspec.registry
import time:      5587 |      30266 |                                 fsspec.core
import time:      3682 |       3682 |                                 fsspec.exceptions
import time:     11227 |      11227 |                                 fsspec.mapping
import time:    322612 |     438201 |                               fsspec
import time:     10156 |      10156 |                                 fsspec.implementations
import time:     14226 |      24381 |                               fsspec.implementations.local
import time:      6739 |     469320 |                             lightning.fabric.utilities.cloud_io
import time:     20917 |     490236 |                           lightning.fabric.utilities.distributed
import time:     11157 |      11157 |                           lightning.fabric.utilities.throughput
import time:      9845 |       9845 |                           lightning.fabric.utilities.warnings
import time:     12989 |   43534546 |                         lightning.fabric.utilities
import time:       169 |   43534715 |                       lightning.fabric.utilities.exceptions
import time:      9790 |       9790 |                       lightning.fabric.utilities.registry
import time:     12677 |   43557182 |                     lightning.fabric.accelerators.registry
import time:      9256 |   43566437 |                   lightning.fabric.accelerators.accelerator
import time:     11761 |      11761 |                   lightning.fabric.accelerators.cpu
import time:      9643 |       9643 |                   lightning.fabric.accelerators.cuda
import time:     10730 |      10730 |                   lightning.fabric.accelerators.mps
import time:     11309 |      11309 |                     lightning.fabric.utilities.device_parser
import time:     10282 |      21591 |                   lightning.fabric.accelerators.xla
import time:     10109 |   43630267 |                 lightning.fabric.accelerators
import time:       242 |   43630509 |               lightning.fabric.accelerators.accelerator
import time:     18885 |      18885 |                       lightning.fabric.plugins.environments.cluster_environment
import time:     11930 |      11930 |                       lightning.fabric.plugins.environments.kubeflow
import time:     10988 |      10988 |                       lightning.fabric.plugins.environments.lightning
import time:     12076 |      12076 |                       lightning.fabric.plugins.environments.lsf
import time:     11717 |      11717 |                       lightning.fabric.plugins.environments.mpi
import time:     10844 |      10844 |                       lightning.fabric.plugins.environments.slurm
import time:     10439 |      10439 |                       lightning.fabric.plugins.environments.torchelastic
import time:      9370 |       9370 |                       lightning.fabric.plugins.environments.xla
import time:     24091 |     120337 |                     lightning.fabric.plugins.environments
import time:       118 |     120454 |                   lightning.fabric.plugins.environments.cluster_environment
import time:     13196 |      13196 |                       lightning.fabric.plugins.io.checkpoint_io
import time:      9579 |       9579 |                       lightning.fabric.plugins.io.torch_io
import time:      6456 |       6456 |                       lightning.fabric.plugins.io.xla
import time:      9704 |      38933 |                     lightning.fabric.plugins.io
import time:       103 |      39035 |                   lightning.fabric.plugins.io.checkpoint_io
import time:     23974 |      23974 |                         lightning.fabric.plugins.precision.precision
import time:     15331 |      15331 |                         lightning.fabric.plugins.precision.utils
import time:     40766 |      80069 |                       lightning.fabric.plugins.precision.amp
import time:      9558 |       9558 |                       lightning.fabric.plugins.precision.bitsandbytes
import time:      8669 |       8669 |                       lightning.fabric.plugins.precision.deepspeed
import time:     20386 |      20386 |                       lightning.fabric.plugins.precision.double
import time:      9899 |       9899 |                       lightning.fabric.plugins.precision.fsdp
import time:     11321 |      11321 |                       lightning.fabric.plugins.precision.half
import time:     14018 |      14018 |                       lightning.fabric.plugins.precision.transformer_engine
import time:     11089 |      11089 |                       lightning.fabric.plugins.precision.xla
import time:     13312 |     178316 |                     lightning.fabric.plugins.precision
import time:       216 |     178532 |                   lightning.fabric.plugins.precision.amp
import time:     13822 |     351842 |                 lightning.fabric.plugins
import time:     15349 |      15349 |                         lightning.fabric.plugins.collectives.collective
import time:     12562 |      12562 |                         lightning.fabric.plugins.collectives.single_device
import time:     11298 |      11298 |                         lightning.fabric.plugins.collectives.torch_collective
import time:     14895 |      54103 |                       lightning.fabric.plugins.collectives
import time:       197 |      54300 |                     lightning.fabric.plugins.collectives.torch_collective
import time:      7049 |       7049 |                           lightning.fabric.strategies.launchers.launcher
import time:     20680 |      27728 |                         lightning.fabric.strategies.launchers.multiprocessing
import time:      9196 |       9196 |                         lightning.fabric.strategies.launchers.subprocess_script
import time:      7524 |       7524 |                         lightning.fabric.strategies.launchers.xla
import time:     15280 |      59727 |                       lightning.fabric.strategies.launchers
import time:       473 |      60199 |                     lightning.fabric.strategies.launchers.multiprocessing
import time:     13422 |      13422 |                         lightning.fabric.strategies.registry
import time:     10888 |      10888 |                         lightning.fabric.utilities.init
import time:     13521 |      37829 |                       lightning.fabric.strategies.strategy
import time:     10839 |      48668 |                     lightning.fabric.strategies.parallel
import time:     18881 |     182046 |                   lightning.fabric.strategies.ddp
import time:     11058 |      11058 |                     lightning.fabric.utilities.load
import time:     12722 |      23780 |                   lightning.fabric.strategies.deepspeed
import time:     10139 |      10139 |                   lightning.fabric.strategies.dp
import time:     14644 |      14644 |                   lightning.fabric.strategies.fsdp
import time:     14895 |      14895 |                   lightning.fabric.strategies.model_parallel
import time:     10704 |      10704 |                   lightning.fabric.strategies.single_device
import time:      9938 |       9938 |                   lightning.fabric.strategies.single_xla
import time:     12131 |      12131 |                   lightning.fabric.strategies.xla
import time:     14102 |      14102 |                   lightning.fabric.strategies.xla_fsdp
import time:     14342 |     306716 |                 lightning.fabric.strategies
import time:     12848 |     671405 |               lightning.fabric.connector
import time:     10564 |      10564 |                   lightning.fabric.loggers.logger
import time:      9182 |       9182 |                   lightning.fabric.utilities.logger
import time:     14360 |      34106 |                 lightning.fabric.loggers.csv_logs
import time:      8881 |       8881 |                     lightning.fabric.utilities.device_dtype_mixin
import time:      8758 |      17638 |                   lightning.fabric.wrappers
import time:      9781 |      27419 |                 lightning.fabric.loggers.tensorboard
import time:     13702 |      75225 |               lightning.fabric.loggers
import time:     12546 |   44389683 |             lightning.fabric.fabric
import time:     13342 |      13342 |               lightning.fabric._graveyard.tpu
import time:     12453 |      25795 |             lightning.fabric._graveyard
import time:      8788 |   44582160 |           lightning.fabric
import time:       203 |   44582362 |         lightning.fabric.fabric
import time:     10154 |      10154 |                         lightning.pytorch.utilities._pytree
import time:     12496 |      22650 |                       lightning.pytorch.utilities.combined_loader
import time:      8873 |       8873 |                       lightning.pytorch.utilities.enums
import time:      7942 |       7942 |                       lightning.pytorch.utilities.grads
import time:      8596 |       8596 |                       lightning.pytorch.utilities.parameter_tying
import time:     10463 |      10463 |                         lightning.pytorch.utilities.rank_zero
import time:     10646 |      21108 |                       lightning.pytorch.utilities.parsing
import time:     29976 |      99141 |                     lightning.pytorch.utilities
import time:     10718 |     109859 |                   lightning.pytorch.utilities.types
import time:      6771 |     116629 |                 lightning.pytorch.callbacks.callback
import time:      9115 |       9115 |                       lightning.pytorch.utilities.exceptions
import time:     16330 |      25445 |                     lightning.pytorch.tuner.tuning
import time:     12747 |      38191 |                   lightning.pytorch.tuner
import time:      9234 |       9234 |                   lightning.pytorch.utilities.memory
import time:      9103 |      56527 |                 lightning.pytorch.tuner.batch_size_scaling
import time:     10475 |     183631 |               lightning.pytorch.callbacks.batch_size_finder
import time:     10852 |      10852 |               lightning.pytorch.callbacks.checkpoint
import time:     13056 |      13056 |                     lightning.pytorch.accelerators.accelerator
import time:      7896 |       7896 |                     lightning.pytorch.accelerators.cpu
import time:     13745 |      13745 |                     lightning.pytorch.accelerators.cuda
import time:      8775 |       8775 |                     lightning.pytorch.accelerators.mps
import time:      8868 |       8868 |                     lightning.pytorch.accelerators.xla
import time:     13111 |      65449 |                   lightning.pytorch.accelerators
import time:       162 |      65610 |                 lightning.pytorch.accelerators.cpu
import time:      8383 |      73993 |               lightning.pytorch.callbacks.device_stats_monitor
import time:      8675 |       8675 |               lightning.pytorch.callbacks.early_stopping
import time:      9819 |       9819 |               lightning.pytorch.callbacks.finetuning
import time:      9648 |       9648 |                 lightning.pytorch.utilities.model_helpers
import time:      8845 |      18493 |               lightning.pytorch.callbacks.gradient_accumulation_scheduler
import time:      8038 |       8038 |               lightning.pytorch.callbacks.lambda_function
import time:     14330 |      14330 |                 lightning.pytorch.tuner.lr_finder
import time:      6487 |       6487 |                 lightning.pytorch.utilities.seed
import time:      6337 |      27153 |               lightning.pytorch.callbacks.lr_finder
import time:     12025 |      12025 |               lightning.pytorch.callbacks.lr_monitor
import time:     11036 |      11036 |               lightning.pytorch.callbacks.model_checkpoint
import time:     13302 |      13302 |                   lightning.pytorch.utilities.model_summary.model_summary
import time:      8129 |       8129 |                   lightning.pytorch.utilities.model_summary.model_summary_deepspeed
import time:     11745 |      33175 |                 lightning.pytorch.utilities.model_summary
import time:      6395 |      39570 |               lightning.pytorch.callbacks.model_summary
import time:      7136 |       7136 |               lightning.pytorch.callbacks.on_exception_checkpoint
import time:      9011 |       9011 |                 lightning.pytorch.utilities.signature_utils
import time:      6412 |      15422 |               lightning.pytorch.callbacks.prediction_writer
import time:     13782 |      13782 |                 lightning.pytorch.callbacks.progress.progress_bar
import time:      6563 |       6563 |                     rich._extension
import time:      5329 |      11892 |                   rich
import time:      3887 |       3887 |                     rich._null_file
import time:      3552 |       3552 |                     rich.errors
import time:      3744 |       3744 |                                 rich.color_triplet
import time:      3948 |       7691 |                               rich.palette
import time:      5462 |      13153 |                             rich._palettes
import time:      6252 |       6252 |                             rich.repr
import time:      3878 |       3878 |                             rich.terminal_theme
import time:      7205 |      30486 |                           rich.color
import time:      6330 |      36815 |                         rich.style
import time:      5740 |      42555 |                       rich.default_styles
import time:      3919 |       3919 |                       rich.theme
import time:      4183 |      50656 |                     rich.themes
import time:     14681 |      14681 |                       rich._emoji_codes
import time:     18453 |      33133 |                     rich._emoji_replace
import time:      4116 |       4116 |                     rich._export_format
import time:      3293 |       3293 |                     rich._fileno
import time:      3545 |       3545 |                         rich._loop
import time:      2936 |       2936 |                         rich._pick
import time:      5515 |       5515 |                             rich._cell_widths
import time:      3825 |       9340 |                           rich.cells
import time:      3989 |      13328 |                         rich._wrap
import time:      6287 |       6287 |                               rich.segment
import time:      3901 |      10188 |                             rich.jupyter
import time:      3291 |       3291 |                               rich.protocol
import time:      4046 |       7336 |                             rich.measure
import time:      3952 |      21475 |                           rich.constrain
import time:      4489 |      25964 |                         rich.align
import time:      5578 |       5578 |                         rich.containers
import time:      5871 |       5871 |                         rich.control
import time:      3929 |       3929 |                         rich.emoji
import time:     10171 |      71319 |                       rich.text
import time:      4997 |      76315 |                     rich._log_render
import time:      4931 |       4931 |                     rich.highlighter
import time:      5573 |       5573 |                     rich.markup
import time:      3955 |       3955 |                     rich.pager
import time:      3681 |       3681 |                       rich.abc
import time:      7828 |      11509 |                     rich.pretty
import time:      3264 |       3264 |                     rich.region
import time:      4726 |       4726 |                         rich.box
import time:      3976 |       3976 |                         rich.padding
import time:      7411 |      16113 |                       rich.panel
import time:      3801 |       3801 |                         rich._ratio
import time:     10320 |      14120 |                       rich.table
import time:      4161 |      34393 |                     rich.scope
import time:      8297 |       8297 |                     rich.screen
import time:      6017 |       6017 |                     rich.styled
import time:     21421 |     274303 |                   rich.console
import time:      5266 |       5266 |                     rich.filesize
import time:      5770 |       5770 |                         rich.ansi
import time:      4688 |      10457 |                       rich.file_proxy
import time:      5265 |       5265 |                       rich.live_render
import time:      6867 |      22588 |                     rich.live
import time:      5022 |       5022 |                     rich.progress_bar
import time:      5870 |       5870 |                       rich._spinners
import time:      7421 |      13291 |                     rich.spinner
import time:     14622 |      60786 |                   rich.progress
import time:     16402 |     363382 |                 lightning.pytorch.callbacks.progress.rich_progress
import time:     15257 |      15257 |                 lightning.pytorch.callbacks.progress.tqdm_progress
import time:     12441 |     404861 |               lightning.pytorch.callbacks.progress
import time:     12725 |      12725 |                 torch.nn.utils.prune
import time:      6388 |       6388 |                       lightning.pytorch.core.hooks
import time:     20143 |      20143 |                         lightning.pytorch.core.mixins.hparams_mixin
import time:     43176 |      63318 |                       lightning.pytorch.core.mixins
import time:      9501 |       9501 |                         lightning.pytorch.utilities.imports
import time:     13977 |      13977 |                             lightning.pytorch.utilities.migration.migration
import time:     19810 |      33787 |                           lightning.pytorch.utilities.migration.utils
import time:     15796 |      49583 |                         lightning.pytorch.utilities.migration
import time:     12842 |      71925 |                       lightning.pytorch.core.saving
import time:     17037 |     158666 |                     lightning.pytorch.core.datamodule
import time:     11402 |      11402 |                       lightning.pytorch.core.optimizer
import time:        42 |         42 |                               _statistics
import time:      1497 |       1539 |                             statistics
import time:     10425 |      11964 |                           lightning.pytorch.loggers.logger
import time:     16347 |      28310 |                         lightning.pytorch.loggers.comet
import time:      9225 |       9225 |                         lightning.pytorch.loggers.csv_logs
import time:     10122 |      10122 |                           lightning.pytorch.loggers.utilities
import time:     10261 |      20383 |                         lightning.pytorch.loggers.mlflow
import time:     12892 |      12892 |                         lightning.pytorch.loggers.neptune
import time:      7048 |       7048 |                         lightning.pytorch.loggers.tensorboard
import time:      7718 |       7718 |                         lightning.pytorch.loggers.wandb
import time:     17155 |     102728 |                       lightning.pytorch.loggers
import time:     12935 |      12935 |                               lightning.pytorch.loops.progress
import time:     15676 |      28611 |                             lightning.pytorch.loops.loop
import time:     10372 |      10372 |                               lightning.pytorch.loops.fetchers
import time:     11453 |      11453 |                                   lightning.pytorch.trainer.states
import time:     11410 |      22862 |                                 lightning.pytorch.callbacks.timer
import time:     16856 |      16856 |                                     lightning.fabric.utilities.optimizer
import time:     24328 |      24328 |                                       lightning.pytorch.overrides
import time:     18027 |      42354 |                                     lightning.pytorch.overrides.distributed
import time:     14441 |      14441 |                                               lightning.pytorch.plugins.io.wrapper
import time:     19268 |      33708 |                                             lightning.pytorch.plugins.io.async_plugin
import time:     29993 |      63701 |                                           lightning.pytorch.plugins.io
import time:       226 |      63927 |                                         lightning.pytorch.plugins.io.async_plugin
import time:     11965 |      11965 |                                         lightning.pytorch.plugins.layer_sync
import time:     24307 |      24307 |                                                           lightning.pytorch.trainer.connectors
import time:     18820 |      43126 |                                                         lightning.pytorch.trainer.connectors.signal_connector
import time:     14296 |      57422 |                                                       lightning.pytorch.strategies.launchers.launcher
import time:     24118 |      81540 |                                                     lightning.pytorch.strategies.launchers.multiprocessing
import time:     10534 |      10534 |                                                     lightning.pytorch.strategies.launchers.subprocess_script
import time:     10867 |      10867 |                                                     lightning.pytorch.strategies.launchers.xla
import time:     17896 |     120835 |                                                   lightning.pytorch.strategies.launchers
import time:     10225 |     131060 |                                                 lightning.pytorch.trainer.call
import time:     13423 |     144482 |                                               lightning.pytorch.plugins.precision.precision
import time:     18132 |     162614 |                                             lightning.pytorch.plugins.precision.amp
import time:     11540 |      11540 |                                             lightning.pytorch.plugins.precision.bitsandbytes
import time:     10484 |      10484 |                                             lightning.pytorch.plugins.precision.deepspeed
import time:     10448 |      10448 |                                             lightning.pytorch.plugins.precision.double
import time:     11585 |      11585 |                                             lightning.pytorch.plugins.precision.fsdp
import time:     10190 |      10190 |                                             lightning.pytorch.plugins.precision.half
import time:      7351 |       7351 |                                             lightning.pytorch.plugins.precision.transformer_engine
import time:      7878 |       7878 |                                             lightning.pytorch.plugins.precision.xla
import time:     20603 |     252689 |                                           lightning.pytorch.plugins.precision
import time:       134 |     252822 |                                         lightning.pytorch.plugins.precision.amp
import time:     15882 |     344595 |                                       lightning.pytorch.plugins
import time:       148 |     344742 |                                     lightning.pytorch.plugins.precision
import time:     25038 |      25038 |                                       lightning.pytorch.strategies.strategy
import time:      6228 |      31266 |                                     lightning.pytorch.strategies.parallel
import time:     22003 |     457219 |                                   lightning.pytorch.strategies.ddp
import time:     13908 |      13908 |                                   lightning.pytorch.strategies.deepspeed
import time:     12114 |      12114 |                                   lightning.pytorch.strategies.fsdp
import time:      8948 |       8948 |                                   lightning.pytorch.strategies.model_parallel
import time:      9398 |       9398 |                                   lightning.pytorch.strategies.single_device
import time:     10631 |      10631 |                                   lightning.pytorch.strategies.single_xla
import time:     16475 |      16475 |                                   lightning.pytorch.strategies.xla
import time:     19148 |     547838 |                                 lightning.pytorch.strategies
import time:     10001 |     580700 |                               lightning.pytorch.loops.utilities
import time:     10737 |      10737 |                                 lightning.pytorch.utilities.data
import time:      8329 |       8329 |                                 lightning.pytorch.utilities.warnings
import time:     14914 |      33979 |                               lightning.pytorch.trainer.connectors.data_connector
import time:     31095 |      31095 |                                     lightning.pytorch.trainer.connectors.logger_connector.result
import time:     25083 |      56178 |                                   lightning.pytorch.trainer.connectors.logger_connector.logger_connector
import time:     21611 |      77788 |                                 lightning.pytorch.trainer.connectors.logger_connector
import time:       280 |      78067 |                               lightning.pytorch.trainer.connectors.logger_connector.result
import time:     15412 |     718529 |                             lightning.pytorch.loops.evaluation_loop
import time:     16643 |      16643 |                                     lightning.pytorch.loops.optimization.closure
import time:     27663 |      44306 |                                   lightning.pytorch.loops.optimization.automatic
import time:     15693 |      15693 |                                   lightning.pytorch.loops.optimization.manual
import time:     19189 |      79187 |                                 lightning.pytorch.loops.optimization
import time:     13695 |      92881 |                               lightning.pytorch.loops.training_epoch_loop
import time:     14056 |     106937 |                             lightning.pytorch.loops.fit_loop
import time:     10592 |      10592 |                             lightning.pytorch.loops.prediction_loop
import time:     31587 |     896254 |                           lightning.pytorch.loops
import time:     10621 |      10621 |                               lightning.pytorch.profilers.profiler
import time:     16097 |      26718 |                             lightning.pytorch.profilers.advanced
import time:     10472 |      10472 |                             lightning.pytorch.profilers.base
import time:     13913 |      13913 |                             lightning.pytorch.profilers.pytorch
import time:     12765 |      12765 |                             lightning.pytorch.profilers.simple
import time:     10789 |      10789 |                             lightning.pytorch.profilers.xla
import time:     14913 |      89567 |                           lightning.pytorch.profilers
import time:     10396 |      10396 |                           lightning.pytorch.trainer.setup
import time:      9222 |       9222 |                           lightning.pytorch.trainer.configuration_validator
import time:     14121 |      14121 |                           lightning.pytorch.trainer.connectors.accelerator_connector
import time:     11230 |      11230 |                             lightning.pytorch.callbacks.rich_model_summary
import time:     13003 |      24232 |                           lightning.pytorch.trainer.connectors.callback_connector
import time:      9722 |       9722 |                             lightning.pytorch.utilities.model_registry
import time:     13514 |      23236 |                           lightning.pytorch.trainer.connectors.checkpoint_connector
import time:      6123 |       6123 |                           lightning.pytorch.utilities.argparse
import time:     10744 |      10744 |                           lightning.pytorch.utilities.compile
import time:     17045 |    1100936 |                         lightning.pytorch.trainer.trainer
import time:      9206 |    1110141 |                       lightning.pytorch.trainer
import time:     11710 |      11710 |                       lightning.pytorch.trainer.connectors.logger_connector.fx_validator
import time:     15328 |    1251307 |                     lightning.pytorch.core.module
import time:     12349 |    1422322 |                   lightning.pytorch.core
import time:       620 |    1422941 |                 lightning.pytorch.core.module
import time:     10840 |    1446505 |               lightning.pytorch.callbacks.pruning
import time:      9718 |       9718 |                 lightning.fabric.utilities.spike
import time:     11205 |      20922 |               lightning.pytorch.callbacks.spike
import time:     11301 |      11301 |               lightning.pytorch.callbacks.stochastic_weight_avg
import time:     10571 |      10571 |               lightning.pytorch.callbacks.throughput_monitor
import time:     17105 |    2337100 |             lightning.pytorch.callbacks
import time:     16717 |      16717 |               lightning.pytorch._graveyard._torchmetrics
import time:      7948 |       7948 |               lightning.pytorch._graveyard.hpu
import time:      8330 |       8330 |               lightning.pytorch._graveyard.precision
import time:      5976 |       5976 |               lightning.pytorch._graveyard.tpu
import time:     13106 |      52074 |             lightning.pytorch._graveyard
import time:     12599 |    2401772 |           lightning.pytorch
import time:       180 |    2401951 |         lightning.pytorch.callbacks
import time:      7021 |   47002858 |       lightning
import time:       147 |   47003005 |     lightning.pytorch
import time:      6054 |   47009059 |   ocr.data.lightning_data
import time:      7799 |   62810506 | ocr.pipelines.orchestrator
import time:     14156 |      14156 | ocr.core.models.architecture
import time:      8748 |       8748 |     timm.version
import time:     11594 |      11594 |       timm.layers.activations
import time:      8478 |       8478 |         timm.layers.format
import time:      7045 |      15523 |       timm.layers.adaptive_avgmax_pool
import time:      9604 |       9604 |         timm.layers.config
import time:      6286 |       6286 |           timm.layers.grn
import time:      7618 |       7618 |           timm.layers.helpers
import time:      9033 |      22936 |         timm.layers.mlp
import time:      8654 |       8654 |         timm.layers.weight_init
import time:      7050 |      48242 |       timm.layers.attention_pool
import time:      8943 |       8943 |           timm.layers.trace_utils
import time:      9020 |      17963 |         timm.layers.pos_embed_sincos
import time:      9409 |      27371 |       timm.layers.attention_pool2d
import time:      9086 |       9086 |         timm.layers.padding
import time:      8368 |      17454 |       timm.layers.blur_pool
import time:     51603 |      51603 |           timm.layers.activations_jit
import time:     51741 |      51741 |           timm.layers.activations_me
import time:      8654 |     111997 |         timm.layers.create_act
import time:      2727 |       2727 |                   apex
import time:       361 |       3087 |                 apex.normalization
import time:       307 |       3393 |               apex.normalization.fused_layer_norm
import time:      2855 |       2855 |                   apex
import time:       287 |       3141 |                 apex.normalization
import time:       243 |       3384 |               apex.normalization.fused_layer_norm
import time:     13503 |      20280 |             timm.layers.fast_norm
import time:     15737 |      36017 |           timm.layers.norm
import time:     11139 |      47155 |         timm.layers.create_norm
import time:     10783 |     169934 |       timm.layers.classifier
import time:      8179 |       8179 |         timm.layers.conv2d_same
import time:      7873 |      16052 |       timm.layers.cond_conv2d
import time:      7438 |       7438 |           timm.layers.mixed_conv2d
import time:      7531 |      14969 |         timm.layers.create_conv2d
import time:      9609 |       9609 |           timm.layers.evo_norm
import time:     10646 |      10646 |           timm.layers.filter_response_norm
import time:     14429 |      14429 |           timm.layers.norm_act
import time:      3908 |       3908 |               inplace_abn
import time:       229 |       4137 |             inplace_abn.functions
import time:      8965 |      13101 |           timm.layers.inplace_abn
import time:     10066 |      57849 |         timm.layers.create_norm_act
import time:      9972 |      82788 |       timm.layers.conv_bn_act
import time:      8506 |       8506 |         timm.layers.bottleneck_attn
import time:     11031 |      11031 |         timm.layers.cbam
import time:      8561 |       8561 |         timm.layers.eca
import time:      8494 |       8494 |         timm.layers.gather_excite
import time:      6962 |       6962 |         timm.layers.global_context
import time:      7314 |       7314 |         timm.layers.halo_attn
import time:      7923 |       7923 |         timm.layers.lambda_layer
import time:      7786 |       7786 |         timm.layers.non_local_attn
import time:      7305 |       7305 |         timm.layers.selective_kernel
import time:      6873 |       6873 |         timm.layers.split_attn
import time:      7157 |       7157 |         timm.layers.squeeze_excite
import time:      9241 |      97147 |       timm.layers.create_attn
import time:      6822 |       6822 |       timm.layers.drop
import time:      6023 |       6023 |       timm.layers.linear
import time:      5660 |       5660 |       timm.layers.patch_dropout
import time:      6019 |       6019 |       timm.layers.patch_embed
import time:     12886 |      12886 |       timm.layers.pool2d_same
import time:     15960 |      15960 |       timm.layers.pos_embed
import time:      6475 |       6475 |         timm.layers.interpolate
import time:      7972 |      14446 |       timm.layers.pos_embed_rel
import time:      4585 |       4585 |       timm.layers.separable_conv
import time:     14837 |      14837 |       timm.layers.space_to_depth
import time:      5386 |       5386 |       timm.layers.split_batchnorm
import time:      6948 |       6948 |       timm.layers.std_conv
import time:      4514 |       4514 |       timm.layers.test_time_pool
import time:      4061 |       4061 |       timm.layers.typing
import time:     12837 |     607076 |     timm.layers
import time:     18894 |      18894 |           timm.data.auto_augment
import time:      8586 |       8586 |             timm.data.constants
import time:      9702 |      18288 |           timm.data.config
import time:     10961 |      10961 |                       timm.utils.agc
import time:     10651 |      10651 |                           timm.utils.model_ema
import time:      7698 |      18349 |                         timm.utils.model
import time:     10308 |      28656 |                       timm.utils.checkpoint_saver
import time:      6092 |       6092 |                       timm.utils.clip_grad
import time:      1761 |       1761 |                         apex
import time:      8668 |      10428 |                       timm.utils.cuda
import time:      6149 |       6149 |                       timm.utils.decay_batch
import time:      2334 |       2334 |                           horovod
import time:       235 |       2568 |                         horovod.torch
import time:      8293 |      10861 |                       timm.utils.distributed
import time:      6883 |       6883 |                       timm.utils.jit
import time:      7683 |       7683 |                       timm.utils.log
import time:      6585 |       6585 |                       timm.utils.metrics
import time:      8208 |       8208 |                       timm.utils.misc
import time:      6217 |       6217 |                       timm.utils.random
import time:     11685 |      11685 |                             wandb.errors.errors
import time:     13537 |      25222 |                           wandb.errors
import time:      8278 |       8278 |                                   click._compat
import time:      4536 |       4536 |                                     click.globals
import time:     10834 |      10834 |                                     click.utils
import time:      6498 |      21867 |                                   click.exceptions
import time:      9410 |      39555 |                                 click.types
import time:      4982 |       4982 |                                 click._utils
import time:      7354 |       7354 |                                   click.parser
import time:     10270 |      17623 |                                 click.formatting
import time:      7211 |       7211 |                                 click.termui
import time:     19998 |      89367 |                               click.core
import time:      6518 |       6518 |                               click.decorators
import time:      9602 |     105487 |                             click
import time:      8957 |     114443 |                           wandb.errors.term
import time:     16290 |      16290 |                                   wandb.sdk.lib.lazyloader
import time:      8214 |       8214 |                                   wandb.sdk.lib.disabled
import time:     11842 |      11842 |                                   wandb.sdk.lib.run_moment
import time:     12932 |      49277 |                                 wandb.sdk.lib
import time:     11473 |      11473 |                                         platformdirs.api
import time:      5969 |       5969 |                                         platformdirs.version
import time:      7041 |       7041 |                                         platformdirs.unix
import time:      8751 |      33232 |                                       platformdirs
import time:      8458 |      41689 |                                     wandb.env
import time:     13366 |      13366 |                                       wandb.sdk.internal
import time:     16742 |      30107 |                                     wandb.sdk.internal.thread_local_settings
import time:     11271 |      11271 |                                       wandb.sdk.lib.paths
import time:     11438 |      22709 |                                     wandb.sdk.lib.filesystem
import time:      9769 |       9769 |                                     wandb.sdk.lib.runid
import time:      7057 |       7057 |                                         orjson.orjson
import time:      8569 |      15625 |                                       orjson
import time:      9275 |      24900 |                                     wandb.sdk.lib.json_util
import time:     21834 |     151005 |                                   wandb.util
import time:     10078 |     161082 |                                 wandb.sdk.lib.config_util
import time:     13092 |     223450 |                               wandb.sdk.wandb_helper
import time:     14875 |      14875 |                                 wandb.sdk.artifacts
import time:       204 |        204 |                                   multiprocessing.dummy.connection
import time:       794 |        998 |                                 multiprocessing.dummy
import time:      5170 |       5170 |                                           pydantic_core._pydantic_core
import time:     24547 |      24547 |                                           pydantic_core.core_schema
import time:      7181 |      36897 |                                         pydantic_core
import time:      7153 |      44050 |                                       pydantic.version
import time:      6201 |      50250 |                                     pydantic.warnings
import time:      9346 |      59596 |                                   pydantic._migration
import time:      8756 |       8756 |                                       typing_inspection
import time:      9040 |       9040 |                                       typing_inspection.typing_objects
import time:     14131 |      31926 |                                     typing_inspection.introspection
import time:     11477 |      11477 |                                     pydantic._internal
import time:     12413 |      12413 |                                         pydantic._internal._namespace_utils
import time:     11346 |      23758 |                                       pydantic._internal._typing_extra
import time:     14360 |      38118 |                                     pydantic._internal._repr
import time:      9823 |      91343 |                                   pydantic.errors
import time:      9574 |     160512 |                                 pydantic
import time:     14412 |      14412 |                                 annotated_types
import time:      7639 |       7639 |                                     pydantic._internal._internal_dataclass
import time:      7570 |      15208 |                                   pydantic.aliases
import time:      8357 |       8357 |                                     pydantic._internal._core_utils
import time:      9663 |       9663 |                                     pydantic._internal._forward_ref
import time:      9175 |       9175 |                                       pydantic._internal._import_utils
import time:     10526 |      19701 |                                     pydantic._internal._utils
import time:     11185 |      48905 |                                   pydantic._internal._generics
import time:      7705 |       7705 |                                     pydantic.config
import time:     10773 |      18477 |                                   pydantic._internal._config
import time:      9393 |       9393 |                                   pydantic._internal._docs_extraction
import time:     12659 |     104640 |                                 pydantic._internal._fields
import time:       231 |        231 |                                     zoneinfo._tzpath
import time:       229 |        229 |                                     zoneinfo._common
import time:       113 |        113 |                                     _zoneinfo
import time:      2246 |       2817 |                                   zoneinfo
import time:     10020 |      12837 |                                 pydantic._internal._validators
import time:      7105 |       7105 |                                 pydantic.annotated_handlers
import time:     13673 |      13673 |                                   pydantic._internal._core_metadata
import time:     15934 |      15934 |                                   pydantic._internal._decorators
import time:     11498 |      11498 |                                       pydantic.plugin
import time:     14478 |      25975 |                                     pydantic.plugin._schema_validator
import time:     12595 |      38570 |                                   pydantic._internal._mock_val_ser
import time:     11515 |      11515 |                                   pydantic._internal._schema_generation_shared
import time:     22419 |     102108 |                                 pydantic.json_schema
import time:     14720 |      14720 |                                     wandb.sdk.data_types
import time:     17517 |      17517 |                                     wandb.sdk.data_types._dtypes
import time:     10928 |      10928 |                                     wandb.sdk.data_types._private
import time:     17741 |      17741 |                                       wandb.sdk.data_types.base_types
import time:     10737 |      10737 |                                             wandb.integration
import time:     16307 |      16307 |                                             wandb.integration.sagemaker.auth
import time:     10437 |      10437 |                                               wandb.integration.sagemaker.files
import time:     10276 |      20713 |                                             wandb.integration.sagemaker.config
import time:     10414 |      10414 |                                             wandb.integration.sagemaker.resources
import time:     19196 |      77365 |                                           wandb.integration.sagemaker
import time:     12836 |      12836 |                                             wandb.sdk.lib.asyncio_compat
import time:     11020 |      23855 |                                           wandb.sdk.lib.asyncio_manager
import time:     13163 |      13163 |                                           wandb.sdk.lib.import_hooks
import time:     10218 |      10218 |                                           wandb.sdk.lib.wb_logging
import time:      8699 |       8699 |                                           wandb.sdk.lib.server
import time:     10560 |     143857 |                                         wandb.sdk.wandb_setup
import time:     11678 |     155534 |                                       wandb.sdk.data_types.base_types.wb_value
import time:     21119 |     194392 |                                     wandb.sdk.data_types.base_types.media
import time:     21732 |     259287 |                                   wandb.sdk.data_types.audio
import time:      4680 |       4680 |                                     wandb._strutils
import time:      9768 |      14448 |                                   wandb.sdk.data_types.bokeh
import time:     11051 |      11051 |                                   wandb.sdk.data_types.graph
import time:     16516 |      16516 |                                     wandb.sdk.data_types.helper_types
import time:     11901 |      11901 |                                     wandb.sdk.data_types.base_types.json_metadata
import time:     19202 |      47618 |                                   wandb.sdk.data_types.helper_types.bounding_boxes_2d
import time:     10093 |      10093 |                                   wandb.sdk.data_types.helper_types.classes
import time:      8424 |       8424 |                                   wandb.sdk.data_types.helper_types.image_mask
import time:      6310 |       6310 |                                   wandb.sdk.data_types.histogram
import time:     11452 |      11452 |                                   wandb.sdk.data_types.html
import time:     16883 |      16883 |                                     wandb.sdk.lib.hashutil
import time:     11415 |      28298 |                                   wandb.sdk.data_types.image
import time:     14884 |      14884 |                                   wandb.sdk.data_types.molecule
import time:     11629 |      11629 |                                   wandb.sdk.data_types.object_3d
import time:     11570 |      11570 |                                   wandb.sdk.data_types.plotly
import time:     12377 |      12377 |                                   wandb.sdk.data_types.saved_model
import time:      9678 |       9678 |                                     wandb.sdk.data_types.table_decorators
import time:     11381 |      11381 |                                       wandb.sdk.internal.incremental_table_util
import time:     11621 |      23002 |                                     wandb.sdk.data_types.utils
import time:     16461 |      49140 |                                   wandb.sdk.data_types.table
import time:     11987 |      11987 |                                   wandb.sdk.data_types.trace_tree
import time:      9420 |       9420 |                                       wandb.sdk.lib.ipython
import time:      8584 |       8584 |                                       wandb.sdk.lib.sparkline
import time:     11361 |      29365 |                                     wandb.sdk.lib.printer
import time:      7462 |       7462 |                                     wandb.sdk.lib.printer_asyncio
import time:     11843 |      48669 |                                   wandb.sdk.data_types.video
import time:     10826 |     568053 |                                 wandb.data_types
import time:      5543 |       5543 |                                 wandb._iterutils
import time:     10263 |      10263 |                                         pydantic.functional_validators
import time:     10542 |      10542 |                                         pydantic._internal._discriminated_union
import time:     10366 |      10366 |                                         pydantic._internal._known_annotated_metadata
import time:      7148 |       7148 |                                         pydantic._internal._schema_gather
import time:     31538 |      69857 |                                       pydantic._internal._generate_schema
import time:      7446 |       7446 |                                       pydantic._internal._signature
import time:     13128 |      90430 |                                     pydantic._internal._model_construction
import time:      6777 |       6777 |                                       wandb._pydantic.utils
import time:      5324 |       5324 |                                       pydantic.alias_generators
import time:     19658 |      31758 |                                     wandb._pydantic.v1_compat
import time:      7570 |       7570 |                                     pydantic.plugin._loader
import time:  11169138 |   11298895 |                                   wandb._pydantic.base
import time:      9816 |       9816 |                                   wandb._pydantic.field_types
import time:     51759 |      51759 |                                   wandb._pydantic.pagination
import time:     17863 |   11378331 |                                 wandb._pydantic
import time:     17051 |      17051 |                                                     wandb_graphql.pyutils
import time:     15035 |      32085 |                                                   wandb_graphql.pyutils.version
import time:     39825 |      39825 |                                                             wandb_promise.pyutils
import time:     23210 |      63034 |                                                           wandb_promise.pyutils.version
import time:     11294 |      11294 |                                                             wandb_promise.async_
import time:     10093 |      10093 |                                                               wandb_promise.iterate_promise
import time:     10336 |      20428 |                                                             wandb_promise.compat
import time:     10665 |      10665 |                                                             wandb_promise.utils
import time:      8394 |       8394 |                                                             wandb_promise.promise_list
import time:     12666 |      12666 |                                                               wandb_promise.schedulers
import time:     14989 |      27654 |                                                             wandb_promise.schedulers.immediate
import time:     13158 |      91590 |                                                           wandb_promise.promise
import time:     12954 |     167577 |                                                         wandb_promise
import time:     29023 |      29023 |                                                               wandb_graphql.language
import time:     22949 |      51972 |                                                             wandb_graphql.language.location
import time:     26172 |      78143 |                                                           wandb_graphql.error.base
import time:     13347 |      13347 |                                                           wandb_graphql.error.located_error
import time:     16006 |      16006 |                                                           wandb_graphql.error.syntax_error
import time:     12554 |      12554 |                                                           wandb_graphql.error.format_error
import time:     16733 |     136781 |                                                         wandb_graphql.error
import time:     10443 |      10443 |                                                         wandb_graphql.pyutils.default_ordered_dict
import time:      9555 |       9555 |                                                           cyordereddict
import time:     26340 |      35895 |                                                         wandb_graphql.pyutils.ordereddict
import time:     20110 |      20110 |                                                             wandb_graphql.language.ast
import time:     13266 |      13266 |                                                             wandb_graphql.pyutils.cached_property
import time:     19475 |      19475 |                                                               wandb_graphql.utils
import time:     20073 |      39547 |                                                             wandb_graphql.utils.assert_valid_name
import time:     32347 |     105268 |                                                           wandb_graphql.type.definition
import time:     11831 |      11831 |                                                             wandb_graphql.type.scalars
import time:     11913 |      23744 |                                                           wandb_graphql.type.directives
import time:     13111 |      13111 |                                                                   wandb_graphql.language.visitor_meta
import time:     14637 |      27748 |                                                                 wandb_graphql.language.visitor
import time:     24030 |      51778 |                                                               wandb_graphql.language.printer
import time:     11698 |      11698 |                                                               wandb_graphql.utils.ast_from_value
import time:     12438 |      75913 |                                                             wandb_graphql.type.introspection
import time:     11559 |      11559 |                                                               wandb_graphql.utils.type_comparators
import time:     14312 |      25871 |                                                             wandb_graphql.type.typemap
import time:     12295 |     114077 |                                                           wandb_graphql.type.schema
import time:     15561 |     258648 |                                                         wandb_graphql.type
import time:     10781 |      10781 |                                                           wandb_graphql.utils.type_from_ast
import time:      7832 |       7832 |                                                             wandb_graphql.utils.is_valid_value
import time:      9850 |       9850 |                                                             wandb_graphql.utils.value_from_ast
import time:     10986 |      28666 |                                                           wandb_graphql.execution.values
import time:     12940 |      52387 |                                                         wandb_graphql.execution.base
import time:     14595 |      14595 |                                                           wandb_graphql.execution.executors
import time:     16320 |      30915 |                                                         wandb_graphql.execution.executors.sync
import time:     14388 |      14388 |                                                           wandb_graphql.execution.experimental
import time:     15575 |      15575 |                                                           wandb_graphql.execution.middleware
import time:     15704 |      15704 |                                                           wandb_graphql.execution.experimental.fragment
import time:     17945 |      63610 |                                                         wandb_graphql.execution.experimental.executor
import time:     17662 |     773914 |                                                       wandb_graphql.execution.executor
import time:     14671 |     788585 |                                                     wandb_graphql.execution
import time:     13731 |      13731 |                                                       wandb_graphql.language.lexer
import time:     12352 |      12352 |                                                       wandb_graphql.language.source
import time:     15913 |      41995 |                                                     wandb_graphql.language.parser
import time:     18485 |      18485 |                                                           wandb_graphql.utils.get_field_def
import time:     16549 |      35033 |                                                         wandb_graphql.utils.type_info
import time:     13122 |      13122 |                                                             wandb_graphql.utils.is_valid_literal_value
import time:     15163 |      15163 |                                                             wandb_graphql.validation.rules.base
import time:     26090 |      54374 |                                                           wandb_graphql.validation.rules.arguments_of_correct_type
import time:     19501 |      19501 |                                                           wandb_graphql.validation.rules.default_values_of_correct_type
import time:     21048 |      21048 |                                                             wandb_graphql.utils.quoted_or_list
import time:     20890 |      20890 |                                                             wandb_graphql.utils.suggestion_list
import time:     21470 |      63407 |                                                           wandb_graphql.validation.rules.fields_on_correct_type
import time:     24489 |      24489 |                                                           wandb_graphql.validation.rules.fragments_on_composite_types
import time:     26796 |      26796 |                                                           wandb_graphql.validation.rules.known_argument_names
import time:     17974 |      17974 |                                                           wandb_graphql.validation.rules.known_directives
import time:     18928 |      18928 |                                                           wandb_graphql.validation.rules.known_fragment_names
import time:     20444 |      20444 |                                                           wandb_graphql.validation.rules.known_type_names
import time:     58466 |      58466 |                                                           wandb_graphql.validation.rules.lone_anonymous_operation
import time:     69067 |      69067 |                                                           wandb_graphql.validation.rules.no_fragment_cycles
import time:     80765 |      80765 |                                                           wandb_graphql.validation.rules.no_undefined_variables
import time:     55774 |      55774 |                                                           wandb_graphql.validation.rules.no_unused_fragments
import time:     56963 |      56963 |                                                           wandb_graphql.validation.rules.no_unused_variables
import time:     39792 |      39792 |                                                             wandb_graphql.pyutils.pair_set
import time:     59530 |      99322 |                                                           wandb_graphql.validation.rules.overlapping_fields_can_be_merged
import time:     31592 |      31592 |                                                           wandb_graphql.validation.rules.possible_fragment_spreads
import time:     37108 |      37108 |                                                           wandb_graphql.validation.rules.provided_non_null_arguments
import time:    133680 |     133680 |                                                           wandb_graphql.validation.rules.scalar_leafs
import time:     27783 |      27783 |                                                           wandb_graphql.validation.rules.unique_argument_names
import time:     21840 |      21840 |                                                           wandb_graphql.validation.rules.unique_fragment_names
import time:     19254 |      19254 |                                                           wandb_graphql.validation.rules.unique_input_field_names
import time:     33180 |      33180 |                                                           wandb_graphql.validation.rules.unique_operation_names
import time:     23099 |      23099 |                                                           wandb_graphql.validation.rules.unique_variable_names
import time:     17870 |      17870 |                                                           wandb_graphql.validation.rules.variables_are_input_types
import time:     14853 |      14853 |                                                           wandb_graphql.validation.rules.variables_in_allowed_position
import time:     43195 |    1069714 |                                                         wandb_graphql.validation.rules
import time:     17834 |    1122580 |                                                       wandb_graphql.validation.validation
import time:     17903 |    1140482 |                                                     wandb_graphql.validation
import time:      8473 |    1979533 |                                                   wandb_graphql.graphql
import time:     12931 |      12931 |                                                   wandb_graphql.language.base
import time:     13701 |      13701 |                                                     wandb_graphql.utils.introspection_query
import time:     13402 |      13402 |                                                     wandb_graphql.utils.get_operation_ast
import time:     15059 |      15059 |                                                     wandb_graphql.utils.build_client_schema
import time:     13356 |      13356 |                                                     wandb_graphql.utils.build_ast_schema
import time:     12510 |      12510 |                                                     wandb_graphql.utils.extend_schema
import time:     13804 |      13804 |                                                     wandb_graphql.utils.schema_printer
import time:     14694 |      14694 |                                                     wandb_graphql.utils.concat_ast
import time:     15078 |     111601 |                                                   wandb_graphql.utils.base
import time:     17206 |    2153354 |                                                 wandb_graphql
import time:       183 |    2153537 |                                               wandb_graphql.language
import time:       180 |    2153717 |                                             wandb_graphql.language.parser
import time:     17692 |    2171409 |                                           wandb_gql.gql
import time:     21936 |      21936 |                                               wandb_gql.transport
import time:     27092 |      49027 |                                             wandb_gql.transport.local_schema
import time:     11902 |      60929 |                                           wandb_gql.client
import time:     38451 |    2270788 |                                         wandb_gql
import time:     13061 |      13061 |                                           wandb.analytics.sentry
import time:     11170 |      24230 |                                         wandb.analytics
import time:     12976 |      12976 |                                         wandb.apis.normalize
import time:     16013 |      16013 |                                           wandb.old
import time:     10348 |      10348 |                                           wandb.old.core
import time:     17208 |      43569 |                                         wandb.old.settings
import time:      9916 |       9916 |                                           wandb.proto
import time:     22230 |      22230 |                                           google.protobuf
import time:     11675 |      11675 |                                             wandb.proto.v3
import time:     22804 |      22804 |                                             google.protobuf.internal
import time:     17728 |      17728 |                                             google.protobuf.internal.enum_type_wrapper
import time:      1215 |       1215 |                                                 google.protobuf.internal._api_implementation
import time:       950 |        950 |                                                 google.protobuf.enable_deterministic_proto_serialization
import time:     10810 |      12974 |                                               google.protobuf.internal.api_implementation
import time:     11073 |      24046 |                                             google.protobuf.descriptor
import time:      9086 |       9086 |                                               google.protobuf.descriptor_database
import time:      7487 |       7487 |                                               google.protobuf.text_encoding
import time:     13629 |      30201 |                                             google.protobuf.descriptor_pool
import time:      8992 |       8992 |                                             google.protobuf.message
import time:     11600 |      11600 |                                                   google.protobuf.internal.containers
import time:     14909 |      14909 |                                                       google.protobuf.internal.wire_format
import time:     12722 |      27631 |                                                     google.protobuf.internal.encoder
import time:     13975 |      41606 |                                                   google.protobuf.internal.decoder
import time:     11010 |      11010 |                                                     google.protobuf.internal.type_checkers
import time:     10333 |      21343 |                                                   google.protobuf.internal.extension_dict
import time:     11910 |      11910 |                                                   google.protobuf.internal.message_listener
import time:     13298 |      13298 |                                                   google.protobuf.internal.well_known_types
import time:       309 |        309 |                                                     encodings.raw_unicode_escape
import time:       212 |        212 |                                                     encodings.unicode_escape
import time:     14912 |      15431 |                                                   google.protobuf.text_format
import time:     16711 |     131895 |                                                 google.protobuf.internal.python_message
import time:      8735 |     140630 |                                               google.protobuf.message_factory
import time:      8161 |       8161 |                                               google.protobuf.symbol_database
import time:      7972 |     156763 |                                             google.protobuf.reflection
import time:     10807 |      10807 |                                               google.protobuf.internal.builder
import time:     14398 |      14398 |                                               google.protobuf.descriptor_pb2
import time:      9817 |      35021 |                                             google.protobuf.empty_pb2
import time:      7892 |       7892 |                                             google.protobuf.timestamp_pb2
import time:      8891 |       8891 |                                               wandb.proto.v3.wandb_base_pb2
import time:      9243 |      18133 |                                             wandb.proto.wandb_base_pb2
import time:     13302 |      13302 |                                               wandb.proto.v3.wandb_telemetry_pb2
import time:      7205 |      20506 |                                             wandb.proto.wandb_telemetry_pb2
import time:    164458 |     518213 |                                           wandb.proto.v3.wandb_internal_pb2
import time:     11995 |     562353 |                                         wandb.proto.wandb_internal_pb2
import time:     16992 |      16992 |                                           wandb.sdk.internal._generated.operations
import time:   1811967 |    1811967 |                                           wandb.sdk.internal._generated.server_features_query
import time:     19229 |    1848187 |                                         wandb.sdk.internal._generated
import time:     13143 |      13143 |                                           wandb_gql.transport.http
import time:      6808 |       6808 |                                           wandb._analytics
import time:     10673 |      30623 |                                         wandb.sdk.lib.gql_request
import time:      9302 |       9302 |                                         wandb.sdk.lib.credentials
import time:      9193 |       9193 |                                         wandb.sdk.lib.retry
import time:      9112 |       9112 |                                         wandb.sdk.lib.filenames
import time:      7864 |       7864 |                                         wandb.sdk.internal.context
import time:      9234 |       9234 |                                         wandb.sdk.internal.progress
import time:     33806 |    4871230 |                                       wandb.sdk.internal.internal_api
import time:      8618 |    4879847 |                                     wandb.apis.internal
import time:      8318 |       8318 |                                         wandb.apis.public.const
import time:      8169 |       8169 |                                             wandb.apis.paginator
import time:      9328 |       9328 |                                             wandb.apis.public.utils
import time:     10181 |      10181 |                                             wandb.sdk.artifacts._gqlutils
import time:     13701 |      13701 |                                             wandb.apis.public.registries._utils
import time:     19579 |      60956 |                                           wandb.apis.public.registries.registries_search
import time:      8680 |       8680 |                                               wandb.apis.attrs
import time:     11852 |      20532 |                                             wandb.apis.public.teams
import time:      9542 |       9542 |                                             wandb.apis.public.users
import time:    215388 |     215388 |                                                 wandb.sdk.artifacts._models.base_model
import time:     43441 |     258828 |                                               wandb.sdk.artifacts._models.artifact_collection
import time:      8580 |       8580 |                                                 wandb.apis.public.registries._freezable_list
import time:     48097 |      56677 |                                               wandb.sdk.artifacts._models.registry
import time:     16329 |     331833 |                                             wandb.sdk.artifacts._models
import time:      6031 |       6031 |                                                 pydantic._internal._dataclasses
import time:      6175 |      12205 |                                               pydantic.dataclasses
import time:     50674 |      62878 |                                             wandb.apis.public.registries._members
import time:     12927 |     437711 |                                           wandb.apis.public.registries.registry
import time:     15029 |     513695 |                                         wandb.apis.public.registries
import time:     28751 |      28751 |                                             wandb.errors.links
import time:      7944 |      36695 |                                           wandb.sdk.lib.apikey
import time:     12428 |      49122 |                                         wandb.sdk.wandb_login
import time:     11213 |      11213 |                                                   wandb.docker.names
import time:     12804 |      24017 |                                                 wandb.docker
import time:      8963 |       8963 |                                                 wandb.sdk.launch.errors
import time:     14017 |      14017 |                                                   wandb.sdk.launch.builder
import time:     10815 |      10815 |                                                     wandb.sdk.launch.environment
import time:     15237 |      26051 |                                                   wandb.sdk.launch.environment.abstract
import time:     10826 |      10826 |                                                     wandb.sdk.launch.registry
import time:     17962 |      28787 |                                                   wandb.sdk.launch.registry.abstract
import time:     19011 |      19011 |                                                       wandb.sdk.launch.git_reference
import time:     11496 |      11496 |                                                       wandb.sdk.launch.wandb_reference
import time:     11723 |      11723 |                                                       wandb.sdk.wandb_config
import time:     15225 |      15225 |                                                         wandb.sdk.launch.builder.templates
import time:     21206 |      36430 |                                                       wandb.sdk.launch.builder.templates._wandb_bootstrap
import time:     14233 |      92890 |                                                     wandb.sdk.launch.utils
import time:     11384 |     104273 |                                                   wandb.sdk.launch._project_spec
import time:     16137 |      16137 |                                                   wandb.sdk.launch.registry.anon
import time:     16356 |     205620 |                                                 wandb.sdk.launch.builder.abstract
import time:     19633 |      19633 |                                                   wandb.sdk.launch.runner
import time:     19352 |      38985 |                                                 wandb.sdk.launch.runner.abstract
import time:     10328 |     287910 |                                               wandb.sdk.launch.loader
import time:     12223 |      12223 |                                                       wandb.sdk.launch.builder.templates.dockerfile
import time:     12604 |      24826 |                                                     wandb.sdk.launch.builder.build
import time:     11196 |      36022 |                                                   wandb.sdk.launch._launch_add
import time:     11069 |      11069 |                                                   wandb.sdk.launch.runner.local_container
import time:     10838 |      10838 |                                                   wandb.sdk.launch.runner.local_process
import time:     15607 |      15607 |                                                     wandb.sdk.launch.sweeps
import time:     10995 |      10995 |                                                     wandb.sdk.launch.sweeps.utils
import time:     21693 |      48295 |                                                   wandb.sdk.launch.sweeps.scheduler
import time:     10080 |      10080 |                                                     wandb.sdk.launch.agent.run_queue_item_file_saver
import time:     10838 |      20917 |                                                   wandb.sdk.launch.agent.job_status_tracker
import time:     26510 |     153648 |                                                 wandb.sdk.launch.agent.agent
import time:     17050 |     170698 |                                               wandb.sdk.launch.agent
import time:      9998 |       9998 |                                               wandb.sdk.launch.environment.local_environment
import time:     18970 |     487575 |                                             wandb.sdk.launch._launch
import time:      7577 |       7577 |                                               wandb.sdk.launch.inputs
import time:     17175 |      24752 |                                             wandb.sdk.launch.inputs.manage
import time:     13654 |     525980 |                                           wandb.sdk.launch
import time:       178 |     526158 |                                         wandb.sdk.launch.utils
import time:     10115 |      10115 |                                           wandb.sdk.lib.telemetry
import time:     11035 |      21150 |                                         wandb.sdk.lib.deprecation
import time:     18563 |    1137003 |                                       wandb.apis.public.api
import time:   1203235 |    1203235 |                                       wandb.apis.public.artifacts
import time:     23710 |      23710 |                                       wandb.apis.public.automations
import time:     13329 |      13329 |                                         wandb.apis.public.runs
import time:      7806 |      21135 |                                       wandb.apis.public.files
import time:      6935 |       6935 |                                       wandb.apis.public.history
import time:      6157 |       6157 |                                       wandb.apis.public.integrations
import time:      6015 |       6015 |                                         wandb.sdk.artifacts.artifact_state
import time:      8164 |      14178 |                                       wandb.apis.public.jobs
import time:      7299 |       7299 |                                         wandb.apis.public.sweeps
import time:      8047 |      15345 |                                       wandb.apis.public.projects
import time:      7505 |       7505 |                                       wandb.apis.public.query_generator
import time:      8244 |       8244 |                                       wandb.apis.public.reports
import time:     13244 |    2456685 |                                     wandb.apis.public
import time:     24665 |    7361196 |                                   wandb.apis
import time:       172 |    7361368 |                                 wandb.apis.normalize
import time:      8407 |       8407 |                                             google.protobuf.wrappers_pb2
import time:     12941 |      21348 |                                           wandb.proto.v3.wandb_settings_pb2
import time:     10929 |      32276 |                                         wandb.proto.wandb_settings_pb2
import time:      7011 |       7011 |                                           wandb.proto.v3.wandb_sync_pb2
import time:      6720 |      13730 |                                         wandb.proto.wandb_sync_pb2
import time:      7830 |       7830 |                                           wandb.proto.v3.wandb_api_pb2
import time:      6646 |      14475 |                                         wandb.proto.wandb_api_pb2
import time:      9117 |      69597 |                                       wandb.proto.v3.wandb_server_pb2
import time:      5287 |      74884 |                                     wandb.proto.wandb_server_pb2
import time:      6921 |       6921 |                                     wandb.sdk.mailbox.mailbox_handle
import time:      6337 |       6337 |                                     wandb.sdk.mailbox.response_handle
import time:     11557 |      99697 |                                   wandb.sdk.mailbox.mailbox
import time:      7272 |       7272 |                                   wandb.sdk.mailbox.wait_with_progress
import time:     10734 |     117702 |                                 wandb.sdk.mailbox
import time:      6603 |       6603 |                                     wandb.sdk.artifacts.storage_layout
import time:    209557 |     216160 |                                   wandb.sdk.artifacts._models.storage
import time:     17852 |      17852 |                                     wandb.sdk.artifacts.storage_policies.register
import time:     10308 |      10308 |                                       wandb.sdk.artifacts.artifact_file_cache
import time:     10540 |      10540 |                                       wandb.sdk.artifacts.staging
import time:     18617 |      18617 |                                         wandb.sdk.artifacts.storage_handlers
import time:      8619 |       8619 |                                         wandb.sdk.artifacts.storage_handler
import time:     18110 |      45344 |                                       wandb.sdk.artifacts.storage_handlers.multi_handler
import time:    119130 |     119130 |                                         wandb.sdk.artifacts.artifact_manifest_entry
import time:     11179 |     130308 |                                       wandb.sdk.artifacts.storage_handlers.tracking_handler
import time:     12372 |      12372 |                                       wandb.sdk.artifacts.storage_policies._multipart
import time:      8690 |       8690 |                                       wandb.sdk.artifacts.storage_policy
import time:     12317 |      12317 |                                         wandb.sdk.artifacts.storage_handlers.azure_handler
import time:     12420 |      12420 |                                           wandb.sdk.artifacts.storage_handlers._timing
import time:     13372 |      25791 |                                         wandb.sdk.artifacts.storage_handlers.gcs_handler
import time:     13875 |      13875 |                                         wandb.sdk.artifacts.storage_handlers.http_handler
import time:     15815 |      15815 |                                         wandb.sdk.artifacts.storage_handlers.local_file_handler
import time:     15799 |      15799 |                                         wandb.sdk.artifacts.storage_handlers.s3_handler
import time:     12876 |      12876 |                                         wandb.sdk.artifacts.storage_handlers.wb_artifact_handler
import time:      9815 |       9815 |                                             wandb.sdk.lib.capped_dict
import time:     10487 |      20302 |                                           wandb.sdk.artifacts.artifact_instance_cache
import time:     13848 |      34150 |                                         wandb.sdk.artifacts.storage_handlers.wb_local_artifact_handler
import time:     12037 |     142658 |                                       wandb.sdk.artifacts.storage_policies._factories
import time:     14894 |     375111 |                                     wandb.sdk.artifacts.storage_policies.wandb_storage_policy
import time:     26432 |     419394 |                                   wandb.sdk.artifacts.storage_policies
import time:      6541 |     642094 |                                 wandb.sdk.artifacts._factories
import time:     10071 |      10071 |                                   wandb.sdk.artifacts.exceptions
import time:     12803 |      22873 |                                 wandb.sdk.artifacts._validators
import time:      9145 |       9145 |                                 wandb.sdk.artifacts.artifact_download_logger
import time:    175133 |     175133 |                                 wandb.sdk.artifacts.artifact_manifest
import time:     15883 |      15883 |                                   wandb.sdk.artifacts.artifact_manifests
import time:     68553 |      68553 |                                   wandb.sdk.artifacts._models.manifest
import time:     41445 |     125880 |                                 wandb.sdk.artifacts.artifact_manifests.artifact_manifest_v1
import time:     11001 |      11001 |                                 wandb.sdk.artifacts.artifact_ttl
import time:     51194 |   20885795 |                               wandb.sdk.artifacts.artifact
import time:      9317 |       9317 |                               wandb.sdk.wandb_alerts
import time:      5089 |       5089 |                                 wandb.trigger
import time:      6302 |       6302 |                                 wandb.errors.util
import time:     12257 |      12257 |                                   wandb.integration.weave.interface
import time:      8651 |       8651 |                                   wandb.integration.weave.weave
import time:     11100 |      32007 |                                 wandb.integration.weave
import time:     11137 |      11137 |                                   wandb.sdk.interface
import time:      9765 |       9765 |                                     wandb.sdk.interface.summary_record
import time:     18523 |      28287 |                                   wandb.sdk.interface.interface
import time:      8635 |      48059 |                                 wandb.sdk.lib.progress
import time:      8566 |       8566 |                                   wandb.sdk.backend
import time:      9484 |      18050 |                                 wandb.sdk.backend.backend
import time:      8602 |       8602 |                                   wandb.sdk.lib.preinit
import time:      6556 |      15157 |                                 wandb.sdk.lib.module
import time:     23715 |      23715 |                                   wandb.integration.torch
import time:     11462 |      11462 |                                   wandb.integration.torch.wandb_torch
import time:      5469 |       5469 |                                       wandb.plot.custom_chart
import time:     11995 |      17464 |                                     wandb.plot.bar
import time:      5490 |       5490 |                                     wandb.plot.confusion_matrix
import time:     13110 |      13110 |                                     wandb.plot.histogram
import time:      6640 |       6640 |                                     wandb.plot.line
import time:      5756 |       5756 |                                     wandb.plot.line_series
import time:      5245 |       5245 |                                       wandb.plot.utils
import time:      5848 |      11093 |                                     wandb.plot.pr_curve
import time:      5265 |       5265 |                                     wandb.plot.roc_curve
import time:      6515 |       6515 |                                     wandb.plot.scatter
import time:      4952 |       4952 |                                     wandb.plot.viz
import time:      8293 |      84573 |                                   wandb.plot
import time:      5121 |       5121 |                                   wandb.sdk.wandb_metric
import time:     10531 |      10531 |                                   wandb.sdk.wandb_summary
import time:      5542 |       5542 |                                   wandb.sdk.lib.interrupt
import time:     34439 |      34439 |                                   wandb.sdk.lib.proto_util
import time:      1152 |       1152 |                                       tty
import time:      4616 |       5767 |                                     pty
import time:      8245 |       8245 |                                     wandb.sdk.lib.console_capture
import time:     14982 |      28993 |                                   wandb.sdk.lib.redirect
import time:      9136 |       9136 |                                   wandb.sdk.lib.exit_hooks
import time:     22429 |     235937 |                                 wandb.sdk.wandb_run
import time:      5775 |       5775 |                                   pydantic._internal._serializers
import time:    264367 |     270142 |                                 wandb.sdk.wandb_settings
import time:     19139 |     649878 |                               wandb.sdk.wandb_init
import time:      7059 |       7059 |                               wandb.sdk.wandb_require
import time:      7978 |       7978 |                               wandb.sdk.wandb_sweep
import time:      6215 |       6215 |                               wandb.sdk.wandb_watch
import time:     12046 |   21801735 |                             wandb.sdk
import time:       321 |   21802056 |                           wandb.sdk.lib
import time:      5916 |       5916 |                           wandb.wandb_agent
import time:      9638 |       9638 |                           wandb.sdk.internal.profiler
import time:     10078 |   21967350 |                         wandb
import time:      7672 |   21975022 |                       timm.utils.summary
import time:     12461 |   22096201 |                     timm.utils
import time:       425 |   22096625 |                   timm.utils.misc
import time:      9472 |       9472 |                   timm.data.readers.class_map
import time:     12276 |      12276 |                   timm.data.readers.img_extensions
import time:      8999 |       8999 |                   timm.data.readers.reader
import time:     11536 |   22138907 |                 timm.data.readers.reader_image_folder
import time:     12299 |      12299 |                 timm.data.readers.reader_image_in_tar
import time:     13312 |   22164517 |               timm.data.readers.reader_factory
import time:     13747 |   22178264 |             timm.data.readers
import time:      9363 |   22187627 |           timm.data.dataset
import time:      7042 |       7042 |           timm.data.dataset_factory
import time:     11515 |      11515 |           timm.data.dataset_info
import time:      8150 |       8150 |           timm.data.imagenet_info
import time:      7619 |       7619 |             timm.data.distributed_sampler
import time:      5897 |       5897 |             timm.data.random_erasing
import time:      9173 |       9173 |             timm.data.mixup
import time:      6871 |       6871 |               timm.data.transforms
import time:      5753 |      12624 |             timm.data.transforms_factory
import time:      9417 |      44727 |           timm.data.loader
import time:      4595 |       4595 |           timm.data.real_labels
import time:     11934 |   22312768 |         timm.data
import time:      8661 |       8661 |           timm.models._features
import time:      8762 |       8762 |             torchvision.models.feature_extraction
import time:      6701 |      15462 |           timm.models._features_fx
import time:      5335 |       5335 |           timm.models._helpers
import time:     25715 |      25715 |             timm.models._pretrained
import time:     60218 |      85932 |           timm.models._hub
import time:     37452 |      37452 |           timm.models._manipulate
import time:     62722 |      62722 |           timm.models._prune
import time:     56601 |      56601 |           timm.models._registry
import time:     11409 |     283570 |         timm.models._builder
import time:     63348 |      63348 |         timm.models.vision_transformer
import time:     11798 |   22671484 |       timm.models.beit
import time:     51422 |      51422 |         timm.models.byobnet
import time:     50462 |     101883 |       timm.models.byoanet
import time:     10797 |      10797 |       timm.models.cait
import time:     11930 |      11930 |       timm.models.coat
import time:     17274 |      17274 |           timm.models.resnet
import time:     11520 |      11520 |           timm.models.resnetv2
import time:     11709 |      40501 |         timm.models.vision_transformer_hybrid
import time:     12403 |      52904 |       timm.models.convit
import time:     55518 |      55518 |       timm.models.convmixer
import time:     47469 |      47469 |       timm.models.convnext
import time:     56694 |      56694 |       timm.models.crossvit
import time:     59120 |      59120 |       timm.models.cspnet
import time:     25583 |      25583 |       timm.models.davit
import time:     10453 |      10453 |       timm.models.deit
import time:     22095 |      22095 |       timm.models.densenet
import time:     11851 |      11851 |       timm.models.dla
import time:     32378 |      32378 |       timm.models.dpn
import time:     10983 |      10983 |       timm.models.edgenext
import time:     10571 |      10571 |       timm.models.efficientformer
import time:     10480 |      10480 |       timm.models.efficientformer_v2
import time:      8991 |       8991 |         timm.models._efficientnet_blocks
import time:      9030 |       9030 |         timm.models._efficientnet_builder
import time:     18823 |      36843 |       timm.models.efficientnet
import time:     10811 |      10811 |       timm.models.efficientvit_mit
import time:     22748 |      22748 |       timm.models.efficientvit_msra
import time:     56104 |      56104 |       timm.models.eva
import time:     42544 |      42544 |       timm.models.fastvit
import time:     46836 |      46836 |       timm.models.focalnet
import time:     50621 |      50621 |       timm.models.gcvit
import time:     39531 |      39531 |       timm.models.ghostnet
import time:     33888 |      33888 |         timm.models.mobilenetv3
import time:     60488 |      94376 |       timm.models.hardcorenas
import time:     44070 |      44070 |       timm.models.hrnet
import time:     10375 |      10375 |       timm.models.inception_next
import time:      9700 |       9700 |       timm.models.inception_resnet_v2
import time:     30599 |      30599 |       timm.models.inception_v3
import time:     14179 |      14179 |       timm.models.inception_v4
import time:     13526 |      13526 |       timm.models.levit
import time:     22594 |      22594 |       timm.models.maxxvit
import time:     12029 |      12029 |       timm.models.metaformer
import time:     10518 |      10518 |       timm.models.mlp_mixer
import time:     11555 |      11555 |       timm.models.mobilevit
import time:     15393 |      15393 |       timm.models.mvitv2
import time:     19481 |      19481 |       timm.models.nasnet
import time:     12975 |      12975 |       timm.models.nest
import time:     14914 |      14914 |       timm.models.nfnet
import time:      9144 |       9144 |       timm.models.pit
import time:     10196 |      10196 |       timm.models.pnasnet
import time:      9795 |       9795 |       timm.models.pvt_v2
import time:     13719 |      13719 |       timm.models.regnet
import time:     10282 |      10282 |       timm.models.repghost
import time:     19530 |      19530 |       timm.models.repvit
import time:     50353 |      50353 |       timm.models.res2net
import time:     56775 |      56775 |       timm.models.resnest
import time:     48192 |      48192 |       timm.models.rexnet
import time:    194436 |     194436 |       timm.models.selecsls
import time:     40400 |      40400 |       timm.models.senet
import time:     51895 |      51895 |       timm.models.sequencer
import time:     15597 |      15597 |       timm.models.sknet
import time:     43802 |      43802 |       timm.models.swin_transformer
import time:     21431 |      21431 |       timm.models.swin_transformer_v2
import time:     14496 |      14496 |       timm.models.swin_transformer_v2_cr
import time:     11389 |      11389 |       timm.models.tiny_vit
import time:      9846 |       9846 |       timm.models.tnt
import time:      9959 |       9959 |       timm.models.tresnet
import time:     10008 |      10008 |       timm.models.twins
import time:      9564 |       9564 |       timm.models.vgg
import time:      9798 |       9798 |       timm.models.visformer
import time:      9004 |       9004 |       timm.models.vision_transformer_relpos
import time:     23886 |      23886 |       timm.models.vision_transformer_sam
import time:     54942 |      54942 |       timm.models.volo
import time:     44537 |      44537 |       timm.models.vovnet
import time:     13009 |      13009 |       timm.models.xception
import time:     12618 |      12618 |       timm.models.xception_aligned
import time:     11866 |      11866 |       timm.models.xcit
import time:      8812 |       8812 |       timm.models._factory
import time:     50306 |   24744072 |     timm.models
import time:      6873 |   25366768 |   timm
import time:     16847 |   25383615 | ocr.core.models.encoder.timm_backbone
import time:      3427 |       3427 | netrc
import time:     10860 |      10860 |   lmdb.cpython
import time:     12609 |      23468 | lmdb
import time:     14471 |      14471 |     ocr.core.lightning
import time:     17642 |      17642 |       ocr.core.lightning.utils.checkpoint_utils
import time:     10393 |      10393 |             ocr.core.data
import time:     17383 |      27775 |           ocr.core.data.schemas
import time:     26520 |      54295 |         ocr.core.validation
import time:     12433 |      66727 |       ocr.core.lightning.utils.config_utils
import time:     11265 |      11265 |       ocr.core.lightning.utils.prediction_utils
import time:     16455 |     112087 |     ocr.core.lightning.utils
import time:     18173 |     144730 |   ocr.core.lightning.base
import time:     10192 |     154922 | ocr.domains.recognition.module
INFO: Using 16bit Automatic Mixed Precision (AMP)
INFO: GPU available: True (cuda), used: True
INFO: TPU available: False, using: 0 TPU cores
INFO: Running in `fast_dev_run` mode: will run the requested loop using 1 batch(es). Logging and checkpointing is suppressed.
INFO: You are using a CUDA device ('NVIDIA GeForce RTX 3090') that has Tensor Cores. To properly utilize them, you should set `torch.set_float32_matmul_precision('medium' | 'high')` which will trade-off precision for performance. For more details, read https://pytorch.org/docs/stable/generated/torch.set_float32_matmul_precision.html#torch.set_float32_matmul_precision
INFO: LOCAL_RANK: 0 - CUDA_VISIBLE_DEVICES: [0]
/workspaces/upstageailab-ocr-recsys-competition-ocr-2/.venv/lib/python3.11/site-packages/lightning/pytorch/utilities/model_summary/model_summary.py:231: Precision 16-mixed is not supported by the model summary.  Estimated model size in MB will not be accurate. Using 32 bits instead.
INFO: 
  | Name    | Type          | Params | Mode 
--------------------------------------------------
0 | model   | PARSeq        | 56.4 M | train
1 | rec_cer | CharErrorRate | 0      | train
--------------------------------------------------
56.4 M    Trainable params
0         Non-trainable params
56.4 M    Total params
225.467   Total estimated model params size (MB)
268       Modules in train mode
0         Modules in eval mode
import time:      1365 |       1365 | multiprocessing.popen_fork
import time:     18776 |      18776 | PIL.BmpImagePlugin
import time:     19846 |      19846 | PIL.BmpImagePlugin
import time:     15308 |      15308 | PIL.GifImagePlugin
import time:     18339 |      18339 | PIL.GifImagePlugin
import time:     16963 |      16963 | PIL.BmpImagePlugin
import time:     15131 |      15131 | PIL.BmpImagePlugin
import time:     18234 |      18234 | PIL.GifImagePlugin
import time:      8733 |       8733 |   PIL.JpegPresets
import time:     11343 |      11343 |   PIL.JpegPresets
import time:     15070 |      23802 | PIL.JpegImagePlugin
import time:     13917 |      25260 | PIL.JpegImagePlugin
import time:     16424 |      16424 | PIL.GifImagePlugin
import time:     13264 |      13264 | PIL.PpmImagePlugin
import time:     13188 |      13188 | PIL.PpmImagePlugin
import time:     19666 |      19666 | PIL.BmpImagePlugin
import time:     11558 |      11558 |   PIL.JpegPresets
import time:     19092 |      30649 | PIL.JpegImagePlugin
import time:     10452 |      10452 |   PIL.JpegPresets
import time:     16250 |      16250 | PIL.BmpImagePlugin
import time:     16195 |      26647 | PIL.JpegImagePlugin
import time:     15668 |      15668 | PIL.BmpImagePlugin
import time:     17739 |      17739 | PIL.GifImagePlugin
import time:     11354 |      11354 | PIL.PpmImagePlugin
import time:     12048 |      12048 | PIL.PpmImagePlugin
import time:     17324 |      17324 | PIL.GifImagePlugin
import time:     18577 |      18577 | PIL.GifImagePlugin
import time:     21356 |      21356 | PIL.BmpImagePlugin
import time:     17858 |      17858 | PIL.BmpImagePlugin
import time:      9810 |       9810 |   PIL.JpegPresets
import time:     18482 |      18482 | PIL.BmpImagePlugin
import time:     22423 |      32233 | PIL.JpegImagePlugin
import time:      9837 |       9837 |   PIL.JpegPresets
import time:     17324 |      27161 | PIL.JpegImagePlugin
import time:      7827 |       7827 |   PIL.JpegPresets
import time:     18730 |      26557 | PIL.JpegImagePlugin
import time:     17784 |      17784 | PIL.GifImagePlugin
import time:     10030 |      10030 | PIL.PpmImagePlugin
import time:      8888 |       8888 | PIL.PpmImagePlugin
import time:      8837 |       8837 | PIL.PpmImagePlugin
import time:     15605 |      15605 | PIL.GifImagePlugin
import time:     17804 |      17804 | PIL.GifImagePlugin
import time:      9029 |       9029 |   PIL.JpegPresets
import time:     17926 |      17926 | PIL.BmpImagePlugin
import time:     17676 |      26705 | PIL.JpegImagePlugin
import time:      6746 |       6746 |   PIL.JpegPresets
import time:     17406 |      24152 | PIL.JpegImagePlugin
import time:      8026 |       8026 |   PIL.JpegPresets
import time:     17795 |      25821 | PIL.JpegImagePlugin
import time:     12420 |      12420 | PIL.BmpImagePlugin
import time:      9675 |       9675 | PIL.PpmImagePlugin
import time:      6556 |       6556 | PIL.PpmImagePlugin
import time:      6557 |       6557 | PIL.PpmImagePlugin
import time:     17794 |      17794 | PIL.GifImagePlugin
import time:     15712 |      15712 | PIL.GifImagePlugin
import time:      7455 |       7455 |   PIL.JpegPresets
import time:     18177 |      25632 | PIL.JpegImagePlugin
import time:      9538 |       9538 |   PIL.JpegPresets
import time:     15312 |      24849 | PIL.JpegImagePlugin
import time:     12127 |      12127 | PIL.PpmImagePlugin
import time:      8489 |       8489 | PIL.PpmImagePlugin
import time:     12405 |      12405 | PIL.BmpImagePlugin
import time:     12980 |      12980 | PIL.BmpImagePlugin
import time:     14498 |      14498 | PIL.GifImagePlugin
import time:     16350 |      16350 | PIL.GifImagePlugin
import time:      8566 |       8566 |   PIL.JpegPresets
import time:     13268 |      21834 | PIL.JpegImagePlugin
import time:     13181 |      13181 | PIL.BmpImagePlugin
import time:      8883 |       8883 | PIL.PpmImagePlugin
import time:      7961 |       7961 |   PIL.JpegPresets
import time:     14156 |      22116 | PIL.JpegImagePlugin
import time:     13328 |      13328 | PIL.GifImagePlugin
import time:     12741 |      12741 | PIL.BmpImagePlugin
import time:      8859 |       8859 | PIL.PpmImagePlugin
import time:     13744 |      13744 | PIL.GifImagePlugin
import time:      8962 |       8962 |   PIL.JpegPresets
import time:     12894 |      21855 | PIL.JpegImagePlugin
import time:     13244 |      13244 | PIL.BmpImagePlugin
import time:      7664 |       7664 | PIL.PpmImagePlugin
import time:     13058 |      13058 | PIL.GifImagePlugin
import time:      8328 |       8328 |   PIL.JpegPresets
import time:     11686 |      11686 | PIL.BmpImagePlugin
import time:     11968 |      20296 | PIL.JpegImagePlugin
import time:      9726 |       9726 | PIL.BmpImagePlugin
import time:      8048 |       8048 | PIL.PpmImagePlugin
import time:     12883 |      12883 | PIL.GifImagePlugin
import time:     13876 |      13876 | PIL.GifImagePlugin
import time:      7232 |       7232 |   PIL.JpegPresets
import time:     13254 |      20485 | PIL.JpegImagePlugin
import time:      7352 |       7352 | PIL.PpmImagePlugin
import time:     10635 |      10635 | PIL.BmpImagePlugin
import time:      5590 |       5590 |   PIL.JpegPresets
import time:     13799 |      19388 | PIL.JpegImagePlugin
import time:      6001 |       6001 |   PIL.JpegPresets
import time:     12849 |      18850 | PIL.JpegImagePlugin
import time:      5874 |       5874 | PIL.PpmImagePlugin
import time:      6974 |       6974 | PIL.PpmImagePlugin
import time:     12850 |      12850 | PIL.GifImagePlugin
import time:      5504 |       5504 |   PIL.JpegPresets
import time:     12006 |      17509 | PIL.JpegImagePlugin
import time:      6611 |       6611 | PIL.PpmImagePlugin
INFO: `Trainer.fit` stopped: `max_steps=1` reached.
import time:      2470 |       2470 | tabulate
