{
  "method": "illumination",
  "total_images": 6,
  "avg_processing_time_ms": 102.23,
  "avg_variance_reduction": 5.52,
  "avg_tint_reduction": -0.45,
  "results": [
    {
      "file": "drp.en_ko.in_house.selectstar_000699.jpg",
      "metrics": {
        "method": "illumination",
        "processing_time_ms": 181.38,
        "original": {
          "mean_bgr": [
            81.88075222357602,
            116.99672804437854,
            139.71467845614583
          ],
          "color_variance": 38.52,
          "color_tint_score": 57.83
        },
        "normalized": {
          "mean_bgr": [
            75.49456643859125,
            111.21885856937205,
            134.1222487528283
          ],
          "color_variance": 32.37,
          "color_tint_score": 58.63
        },
        "improvements": {
          "variance_reduction": 6.15,
          "tint_reduction": -0.8,
          "variance_reduction_pct": 16.0,
          "tint_reduction_pct": -1.4
        }
      }
    },
    {
      "file": "drp.en_ko.in_house.selectstar_000712.jpg",
      "metrics": {
        "method": "illumination",
        "processing_time_ms": 89.4,
        "original": {
          "mean_bgr": [
            71.07503785108815,
            119.99975354490707,
            150.0736312178413
          ],
          "color_variance": 35.63,
          "color_tint_score": 79.0
        },
        "normalized": {
          "mean_bgr": [
            66.54554317259853,
            115.94054229844934,
            146.2137487369285
          ],
          "color_variance": 31.16,
          "color_tint_score": 79.67
        },
        "improvements": {
          "variance_reduction": 4.47,
          "tint_reduction": -0.67,
          "variance_reduction_pct": 12.5,
          "tint_reduction_pct": -0.8
        }
      }
    },
    {
      "file": "drp.en_ko.in_house.selectstar_000732.jpg",
      "metrics": {
        "method": "illumination",
        "processing_time_ms": 90.37,
        "original": {
          "mean_bgr": [
            95.35460231416593,
            119.46393713409391,
            143.30426477148762
          ],
          "color_variance": 29.89,
          "color_tint_score": 47.95
        },
        "normalized": {
          "mean_bgr": [
            89.57877571327374,
            113.28189231502843,
            136.60633573962443
          ],
          "color_variance": 23.58,
          "color_tint_score": 47.03
        },
        "improvements": {
          "variance_reduction": 6.31,
          "tint_reduction": 0.92,
          "variance_reduction_pct": 21.1,
          "tint_reduction_pct": 1.9
        }
      }
    },
    {
      "file": "drp.en_ko.in_house.selectstar_001007.jpg",
      "metrics": {
        "method": "illumination",
        "processing_time_ms": 86.86,
        "original": {
          "mean_bgr": [
            86.01252106276979,
            118.305624901768,
            144.865873744001
          ],
          "color_variance": 32.98,
          "color_tint_score": 58.85
        },
        "normalized": {
          "mean_bgr": [
            82.70963368965951,
            114.49717091066665,
            140.57560512500694
          ],
          "color_variance": 29.63,
          "color_tint_score": 57.87
        },
        "improvements": {
          "variance_reduction": 3.35,
          "tint_reduction": 0.98,
          "variance_reduction_pct": 10.2,
          "tint_reduction_pct": 1.7
        }
      }
    },
    {
      "file": "drp.en_ko.in_house.selectstar_001012.jpg",
      "metrics": {
        "method": "illumination",
        "processing_time_ms": 81.39,
        "original": {
          "mean_bgr": [
            84.593302990407,
            114.99174618111952,
            141.2500886007417
          ],
          "color_variance": 29.82,
          "color_tint_score": 56.66
        },
        "normalized": {
          "mean_bgr": [
            80.59398883048969,
            111.50487292806795,
            137.84360867163747
          ],
          "color_variance": 25.69,
          "color_tint_score": 57.25
        },
        "improvements": {
          "variance_reduction": 4.13,
          "tint_reduction": -0.59,
          "variance_reduction_pct": 13.8,
          "tint_reduction_pct": -1.0
        }
      }
    },
    {
      "file": "drp.en_ko.in_house.selectstar_001161.jpg",
      "metrics": {
        "method": "illumination",
        "processing_time_ms": 83.98,
        "original": {
          "mean_bgr": [
            82.96695373700766,
            108.16908489946866,
            131.04320113890884
          ],
          "color_variance": 52.34,
          "color_tint_score": 48.08
        },
        "normalized": {
          "mean_bgr": [
            74.22698247737024,
            101.39671929100756,
            124.848917583881
          ],
          "color_variance": 43.66,
          "color_tint_score": 50.62
        },
        "improvements": {
          "variance_reduction": 8.68,
          "tint_reduction": -2.54,
          "variance_reduction_pct": 16.6,
          "tint_reduction_pct": -5.3
        }
      }
    }
  ]
}